[{"model": "home.homepage", "pk": 3, "fields": {}}, {"model": "home.blogpage", "pk": 4, "fields": {"author": "Reading Club, Ayush", "date": "2026-02-21", "intro": "Kafan is a short story by Munshi Premchand, this short story was the topic for reading club's recent session", "main_image": 2, "body": "[{\"type\": \"paragraph\", \"value\": \"<p data-block-key=\\\"w3k0p\\\">On This day, we did our reading session on kafan with two new juniors added to Our Reading Club, The Session went well as everyone enjoyed learning about new perspective on this great masterpiece.</p><p data-block-key=\\\"fm25b\\\"></p><h4 data-block-key=\\\"18fgi\\\">Special Thanks To The Presenters:</h4><ul><li data-block-key=\\\"8k8ao\\\">Pradipta Poddar</li><li data-block-key=\\\"5l6mh\\\">Shirin Ebadi</li><li data-block-key=\\\"8umke\\\">Asmita ray</li><li data-block-key=\\\"abe2v\\\">Fida E Islam</li><li data-block-key=\\\"f210h\\\">Samiran Barman</li></ul>\", \"id\": \"9eb3b457-09e9-4edc-b24d-6700fba4c273\"}, {\"type\": \"image\", \"value\": 1, \"id\": \"a271eec4-4f5e-4e84-b815-edb09cb3ef18\"}]"}}, {"model": "home.blogpage", "pk": 13, "fields": {"author": "Debate club, Ayush", "date": "2026-02-21", "intro": "Debate on sanchar saathi App being a spyware or not?", "main_image": 7, "body": "[{\"type\": \"image\", \"value\": 3, \"id\": \"46d98c83-c04e-41f8-b7df-892132076f6e\"}]"}}, {"model": "home.blogpage", "pk": 14, "fields": {"author": "Cine Club, Ayush", "date": "2026-02-21", "intro": "The Screening of Maqbool by Cine Club", "main_image": 6, "body": "[{\"type\": \"paragraph\", \"value\": \"<p data-block-key=\\\"op9j1\\\">Maqbool movie was inspired by the william shakespears one of the greatest piece of work Macbeth, this movie truly shows how corruption can ruin someone's life without them noticing it.</p>\", \"id\": \"106ef104-a50e-4923-badc-b8f455b2833c\"}]"}}, {"model": "home.blogpage", "pk": 15, "fields": {"author": "Cine Club, Ayush (President)", "date": "2026-02-21", "intro": "Passion of christ shows us the last 12 hours of christ's life", "main_image": 5, "body": "[{\"type\": \"paragraph\", \"value\": \"<p data-block-key=\\\"6a6ab\\\"></p><h3 data-block-key=\\\"a40m9\\\"><i>Presented by the Cine Club, Department of English, Gour Mahavidyalaya</i></h3><p data-block-key=\\\"86jl5\\\">The Cine Club under the Department of English successfully hosted a special cinematic screening of Mel Gibson's critically acclaimed and visually striking masterpiece, <b>\\\"The Passion of the Christ\\\"</b>. Moving beyond standard classroom lectures, this film session was organized to provide students with a deeper look into cinematic realism, visual storytelling, and the adaptation of historical and cultural narratives onto the screen.</p><p data-block-key=\\\"dj4j\\\">The event concluded with an interactive discussion focusing on the film\\u2019s controversial aesthetic choices, its intense use of imagery, and its unique technical direction. The entire coordination, technical setup, and crowd management were handled seamlessly from start to finish by the executive leadership of the Cine Club.</p><h3 data-block-key=\\\"99ihr\\\">\\ud83d\\udccb Cine Club Organizing Committee &amp; Leadership</h3><p data-block-key=\\\"a62s1\\\">The entire execution of the screening\\u2014from system configuration to audio-visual calibration and venue management\\u2014was directed by the core administrative team of the Cine Club:</p><ul><li data-block-key=\\\"47s2s\\\"><b>Club President:</b> <b>Samiran Barman</b><br/>Spearheaded the event initiative, managed executive permissions, and presided over the post-screening film analysis discussion.</li><li data-block-key=\\\"56l1m\\\"><b>Executive Administrator:</b> <b>Soukarya Mandal</b><br/>Supervised the technical blueprint, timeline scheduling, and overall operational workflow for the screening hall.</li><li data-block-key=\\\"3vhc7\\\"><b>Systems &amp; Data Administrator:</b> <b>Md Sami Akmal Ansari</b><br/>Managed the audio-visual projection setup, technical asset verification, and digital playback infrastructure.</li><li data-block-key=\\\"3j0fh\\\"><b>Logistics &amp; Communications Administrator:</b> <b>Shirin Ebadi</b><br/>Coordinated student outreach, structural seating arrangements, and session notices across the department.</li></ul><h3 data-block-key=\\\"fr85g\\\">\\ud83c\\udfa5 Core Objectives of the Screening</h3><p data-block-key=\\\"7i614\\\">The administrative council mapped out this screening to meet specific academic and cultural goals within the department:</p><ol><li data-block-key=\\\"d6fnr\\\"><b>Cinematic Realism:</b> Analyzing how director Mel Gibson utilized extreme visual realism and lighting to evoke distinct emotional and psychological reactions from the spectators.</li><li data-block-key=\\\"91qt5\\\"><b>Language and Authenticity:</b> Observing the unique use of reconstructed Aramaic, Latin, and Hebrew dialogues to maintain historical and linguistic immersion.</li><li data-block-key=\\\"erjr8\\\"><b>From Text to Screen:</b> Encouraging English literature students to critically view historical and canonical narratives through the lens of modern digital cinema and spectatorship ethics.</li></ol>\", \"id\": \"6c4f875d-d182-43b7-a949-3251e460e7d9\"}]"}}, {"model": "home.blogpage", "pk": 16, "fields": {"author": "New Genesis Team", "date": "2026-02-25", "intro": "Creation of Wall Magazine Ft. Beautification Club", "main_image": 8, "body": "[{\"type\": \"paragraph\", \"value\": \"<p data-block-key=\\\"hqhwc\\\">The Beautification club of department of English created or redesigned the Wall magazine of the department.</p>\", \"id\": \"708d0f3e-e376-470a-9137-741ffe62179d\"}]"}}, {"model": "home.clubpage", "pk": 7, "fields": {"president_name": "Samiran Barman", "description": "", "club_image": 2}}, {"model": "home.clubpage", "pk": 8, "fields": {"president_name": "Md Sami Akmal Ansari", "description": "", "club_image": null}}, {"model": "home.clubpage", "pk": 10, "fields": {"president_name": "Shirin Ebadi", "description": "", "club_image": 2}}, {"model": "home.clubpage", "pk": 11, "fields": {"president_name": "Pradipta Poddar", "description": "", "club_image": 3}}, {"model": "home.clubpage", "pk": 12, "fields": {"president_name": "Poulami Nandi", "description": "<p data-block-key=\"8pmen\"><b>Beautification Club:</b> Its function is to enhance the aesthetic appeal of classrooms through creative decoration, thoughtful organization, and artistic displays, creating a pleasant and inspiring learning environment for students.</p>", "club_image": 8}}, {"model": "home.event", "pk": 5, "fields": {"title": "Fake Clubs Emerging", "date_info": "Tuesday, 09 June", "description": "There have been many fake clubs emerging recently that have been noticed by our members.\r\nPlease be aware of Such Groups.", "link": ""}}, {"model": "wagtailredirects.redirect", "pk": 3, "fields": {"old_path": "/c", "site": 2, "is_permanent": true, "redirect_page": 7, "redirect_page_route_path": "", "redirect_link": "", "automatically_created": true, "created_at": "2026-02-21T02:27:06.404Z"}}, {"model": "wagtailredirects.redirect", "pk": 4, "fields": {"old_path": "/quiz", "site": 2, "is_permanent": true, "redirect_page": 8, "redirect_page_route_path": "", "redirect_link": "", "automatically_created": true, "created_at": "2026-02-21T02:27:59.368Z"}}, {"model": "wagtailredirects.redirect", "pk": 5, "fields": {"old_path": "/kafan-by-premachand", "site": 2, "is_permanent": true, "redirect_page": 4, "redirect_page_route_path": "", "redirect_link": "", "automatically_created": true, "created_at": "2026-02-21T02:41:29.424Z"}}, {"model": "wagtailredirects.redirect", "pk": 6, "fields": {"old_path": "/beautification", "site": 2, "is_permanent": true, "redirect_page": 12, "redirect_page_route_path": "", "redirect_link": "", "automatically_created": true, "created_at": "2026-02-21T03:25:14.651Z"}}, {"model": "wagtailusers.userprofile", "pk": 1, "fields": {"user": 1, "submitted_notifications": true, "approved_notifications": true, "rejected_notifications": true, "updated_comments_notifications": true, "preferred_language": "", "current_time_zone": "Asia/Kolkata", "avatar": "avatar_images/avatar_400cb2ef-8a80-4a49-b57a-75f28c4d3c70_Screenshot_2025-10-26_174548.png", "dismissibles": {"help": true, "whats-new-in-wagtail-7.3": true, "editor-guide": true}, "theme": "system", "contrast": "system", "density": "default", "keyboard_shortcuts": true}}, {"model": "wagtailimages.image", "pk": 1, "fields": {"collection": 1, "title": "Reading club 1", "file": "original_images/Screenshot_2025-12-23_170444.png", "description": "", "width": 1802, "height": 826, "created_at": "2026-02-21T00:34:51.532Z", "uploaded_by_user": 1, "focal_point_x": null, "focal_point_y": null, "focal_point_width": null, "focal_point_height": null, "file_size": 1325843, "file_hash": "40da76a3dfe1a7127d93a439ae9691341e236726"}}, {"model": "wagtailimages.image", "pk": 2, "fields": {"collection": 1, "title": "RC group", "file": "original_images/Screenshot_2025-12-23_223932.png", "description": "", "width": 840, "height": 420, "created_at": "2026-02-21T00:36:14.257Z", "uploaded_by_user": 1, "focal_point_x": null, "focal_point_y": null, "focal_point_width": null, "focal_point_height": null, "file_size": 500553, "file_hash": "9725a673406d88d28d69aa338c0f23f78058136a"}}, {"model": "wagtailimages.image", "pk": 3, "fields": {"collection": 1, "title": "Sanchar saathi Debate", "file": "original_images/WhatsApp_Image_2025-12-16_at_8.02.14_PM.jpeg", "description": "", "width": 1280, "height": 720, "created_at": "2026-02-21T03:54:36.698Z", "uploaded_by_user": 1, "focal_point_x": null, "focal_point_y": null, "focal_point_width": null, "focal_point_height": null, "file_size": 91737, "file_hash": "d3c491b7ec96736d314bdde69a0ef9862df4e8ce"}}, {"model": "wagtailimages.image", "pk": 4, "fields": {"collection": 1, "title": "Passion of christ", "file": "original_images/WhatsApp_Image_2026-02-21_at_9.36.12_AM.jpeg", "description": "On the day before Christmas, our Cine Club gathered for a deeply moving cinematic experience as we screened The Passion of the Christ. ??????????", "width": 1131, "height": 1600, "created_at": "2026-02-21T04:10:42.320Z", "uploaded_by_user": 1, "focal_point_x": null, "focal_point_y": null, "focal_point_width": null, "focal_point_height": null, "file_size": 137578, "file_hash": "29219a5a44aaecb2739d7d0af6393be7aba6e7da"}}, {"model": "wagtailimages.image", "pk": 5, "fields": {"collection": 1, "title": "Passion of christ", "file": "original_images/WhatsApp_Image_2026-02-21_at_9.36.27_AM.jpeg", "description": "", "width": 1280, "height": 960, "created_at": "2026-02-21T04:11:59.930Z", "uploaded_by_user": 1, "focal_point_x": null, "focal_point_y": null, "focal_point_width": null, "focal_point_height": null, "file_size": 124121, "file_hash": "e13535244f66fda4512ab885dfd625e6595b2bbe"}}, {"model": "wagtailimages.image", "pk": 6, "fields": {"collection": 1, "title": "maqbool", "file": "original_images/maqbool.jpeg", "description": "", "width": 1024, "height": 1280, "created_at": "2026-02-21T04:12:51.766Z", "uploaded_by_user": 1, "focal_point_x": null, "focal_point_y": null, "focal_point_width": null, "focal_point_height": null, "file_size": 138331, "file_hash": "0ba96007d98f7d297cf0f84c617ecc631beb0d23"}}, {"model": "wagtailimages.image", "pk": 7, "fields": {"collection": 1, "title": "sanchar", "file": "original_images/sanchar.jpeg", "description": "", "width": 1131, "height": 1600, "created_at": "2026-02-21T04:15:29.451Z", "uploaded_by_user": 1, "focal_point_x": null, "focal_point_y": null, "focal_point_width": null, "focal_point_height": null, "file_size": 258924, "file_hash": "10245fd5409b115bce38b226466ffc740562731f"}}, {"model": "wagtailimages.image", "pk": 8, "fields": {"collection": 1, "title": "beautification", "file": "original_images/1000340823.jpg", "description": "", "width": 1080, "height": 1080, "created_at": "2026-02-24T20:27:01.750Z", "uploaded_by_user": 1, "focal_point_x": 2046, "focal_point_y": 1152, "focal_point_width": 4099, "focal_point_height": 2304, "file_size": 137135, "file_hash": "543a805f31d2924e4d306c18cd7217d37935855c"}}, {"model": "wagtailimages.image", "pk": 9, "fields": {"collection": 1, "title": "wall magazine wall 1", "file": "original_images/wall_magazine_wall_2_IGba6H3.jpg", "description": "The first wall magazine features articles on Jane Austen, Shakespeare, Robert Frost, Gothic literature, teachers, films, and letters.", "width": 1080, "height": 1080, "created_at": "2026-06-10T14:14:19.282Z", "uploaded_by_user": 3, "focal_point_x": null, "focal_point_y": null, "focal_point_width": null, "focal_point_height": null, "file_size": 131039, "file_hash": "0842d05f7897c6b70cc647c07bf462ecd50776a2"}}, {"model": "wagtailimages.image", "pk": 10, "fields": {"collection": 1, "title": "Passion of Christ", "file": "original_images/588435316_17845121253634463_4723126132303968477_n.jpg", "description": "", "width": 1080, "height": 1080, "created_at": "2026-06-10T14:34:57.066Z", "uploaded_by_user": 3, "focal_point_x": null, "focal_point_y": null, "focal_point_width": null, "focal_point_height": null, "file_size": 32524, "file_hash": "69452ea9edf8c48d0611a2488cfdee276118da15"}}, {"model": "wagtailimages.image", "pk": 11, "fields": {"collection": 1, "title": "passion of christ pic 2", "file": "original_images/passion_of_christ_pic_2.jpg", "description": "", "width": 1080, "height": 1080, "created_at": "2026-06-10T14:40:53.357Z", "uploaded_by_user": 3, "focal_point_x": null, "focal_point_y": null, "focal_point_width": null, "focal_point_height": null, "file_size": 40662, "file_hash": "6e90f7f1b2adba7f6a2e04dd465acc14be9f26b2"}}, {"model": "wagtailimages.image", "pk": 12, "fields": {"collection": 1, "title": "passion of christ movie", "file": "original_images/passion_of_christ_pic_3.jpg", "description": "team behind the screening of the movie", "width": 1080, "height": 1080, "created_at": "2026-06-10T14:44:55.439Z", "uploaded_by_user": 3, "focal_point_x": null, "focal_point_y": null, "focal_point_width": null, "focal_point_height": null, "file_size": 103167, "file_hash": "cf523b61c19fd9b4a48fe9320ba6724ea7958bf4"}}, {"model": "wagtailimages.rendition", "pk": 1, "fields": {"filter_spec": "max-165x165", "file": "images/Screenshot_2025-12-23_170444.max-165x165.png", "width": 165, "height": 75, "focal_point_key": "", "image": 1}}, {"model": "wagtailimages.rendition", "pk": 2, "fields": {"filter_spec": "original", "file": "images/Screenshot_2025-12-23_170444.original.png", "width": 1802, "height": 826, "focal_point_key": "", "image": 1}}, {"model": "wagtailimages.rendition", "pk": 3, "fields": {"filter_spec": "max-800x600", "file": "images/Screenshot_2025-12-23_170444.max-800x600.png", "width": 800, "height": 366, "focal_point_key": "", "image": 1}}, {"model": "wagtailimages.rendition", "pk": 4, "fields": {"filter_spec": "max-165x165", "file": "images/Screenshot_2025-12-23_223932.max-165x165.png", "width": 165, "height": 82, "focal_point_key": "", "image": 2}}, {"model": "wagtailimages.rendition", "pk": 5, "fields": {"filter_spec": "fill-150x150", "file": "images/Screenshot_2025-12-23_170444.2e16d0ba.fill-150x150.png", "width": 150, "height": 150, "focal_point_key": "2e16d0ba", "image": 1}}, {"model": "wagtailimages.rendition", "pk": 6, "fields": {"filter_spec": "width-800", "file": "images/Screenshot_2025-12-23_170444.width-800.png", "width": 800, "height": 366, "focal_point_key": "", "image": 1}}, {"model": "wagtailimages.rendition", "pk": 7, "fields": {"filter_spec": "original", "file": "images/Screenshot_2025-12-23_223932.original.png", "width": 840, "height": 420, "focal_point_key": "", "image": 2}}, {"model": "wagtailimages.rendition", "pk": 8, "fields": {"filter_spec": "fill-180x180", "file": "images/Screenshot_2025-12-23_170444.2e16d0ba.fill-180x180.png", "width": 180, "height": 180, "focal_point_key": "2e16d0ba", "image": 1}}, {"model": "wagtailimages.rendition", "pk": 9, "fields": {"filter_spec": "fill-120x120", "file": "images/Screenshot_2025-12-23_170444.2e16d0ba.fill-120x120.png", "width": 120, "height": 120, "focal_point_key": "2e16d0ba", "image": 1}}, {"model": "wagtailimages.rendition", "pk": 10, "fields": {"filter_spec": "width-800", "file": "images/Screenshot_2025-12-23_223932.width-800.png", "width": 800, "height": 400, "focal_point_key": "", "image": 2}}, {"model": "wagtailimages.rendition", "pk": 11, "fields": {"filter_spec": "fill-180x180", "file": "images/Screenshot_2025-12-23_223932.2e16d0ba.fill-180x180.png", "width": 180, "height": 180, "focal_point_key": "2e16d0ba", "image": 2}}, {"model": "wagtailimages.rendition", "pk": 12, "fields": {"filter_spec": "fill-120x120", "file": "images/Screenshot_2025-12-23_223932.2e16d0ba.fill-120x120.png", "width": 120, "height": 120, "focal_point_key": "2e16d0ba", "image": 2}}, {"model": "wagtailimages.rendition", "pk": 13, "fields": {"filter_spec": "fill-150x150", "file": "images/Screenshot_2025-12-23_223932.2e16d0ba.fill-150x150.png", "width": 150, "height": 150, "focal_point_key": "2e16d0ba", "image": 2}}, {"model": "wagtailimages.rendition", "pk": 14, "fields": {"filter_spec": "fill-800x600", "file": "images/Screenshot_2025-12-23_223932.2e16d0ba.fill-800x600.png", "width": 560, "height": 420, "focal_point_key": "2e16d0ba", "image": 2}}, {"model": "wagtailimages.rendition", "pk": 15, "fields": {"filter_spec": "max-165x165", "file": "images/WhatsApp_Image_2025-12-16_at_8.02.14_PM.max-165x165.jpg", "width": 165, "height": 92, "focal_point_key": "", "image": 3}}, {"model": "wagtailimages.rendition", "pk": 16, "fields": {"filter_spec": "width-800", "file": "images/WhatsApp_Image_2025-12-16_at_8.02.14_PM.width-800.jpg", "width": 800, "height": 450, "focal_point_key": "", "image": 3}}, {"model": "wagtailimages.rendition", "pk": 17, "fields": {"filter_spec": "fill-800x600", "file": "images/WhatsApp_Image_2025-12-16_at_8.02..2e16d0ba.fill-800x600.jpg", "width": 800, "height": 600, "focal_point_key": "2e16d0ba", "image": 3}}, {"model": "wagtailimages.rendition", "pk": 18, "fields": {"filter_spec": "fill-250x200", "file": "images/Screenshot_2025-12-23_223932.2e16d0ba.fill-250x200.png", "width": 250, "height": 200, "focal_point_key": "2e16d0ba", "image": 2}}, {"model": "wagtailimages.rendition", "pk": 19, "fields": {"filter_spec": "fill-120x120", "file": "images/WhatsApp_Image_2025-12-16_at_8.02..2e16d0ba.fill-120x120.jpg", "width": 120, "height": 120, "focal_point_key": "2e16d0ba", "image": 3}}, {"model": "wagtailimages.rendition", "pk": 20, "fields": {"filter_spec": "fill-1000x800", "file": "images/WhatsApp_Image_2025-12-16_at_8.02.2e16d0ba.fill-1000x800.jpg", "width": 900, "height": 720, "focal_point_key": "2e16d0ba", "image": 3}}, {"model": "wagtailimages.rendition", "pk": 21, "fields": {"filter_spec": "fill-600x400", "file": "images/Screenshot_2025-12-23_223932.2e16d0ba.fill-600x400.png", "width": 600, "height": 400, "focal_point_key": "2e16d0ba", "image": 2}}, {"model": "wagtailimages.rendition", "pk": 22, "fields": {"filter_spec": "fill-600x400", "file": "images/WhatsApp_Image_2025-12-16_at_8.02..2e16d0ba.fill-600x400.jpg", "width": 600, "height": 400, "focal_point_key": "2e16d0ba", "image": 3}}, {"model": "wagtailimages.rendition", "pk": 23, "fields": {"filter_spec": "max-165x165", "file": "images/WhatsApp_Image_2026-02-21_at_9.36.12_AM.max-165x165.jpg", "width": 116, "height": 165, "focal_point_key": "", "image": 4}}, {"model": "wagtailimages.rendition", "pk": 24, "fields": {"filter_spec": "width-800", "file": "images/WhatsApp_Image_2026-02-21_at_9.36.12_AM.width-800.jpg", "width": 800, "height": 1131, "focal_point_key": "", "image": 4}}, {"model": "wagtailimages.rendition", "pk": 25, "fields": {"filter_spec": "max-165x165", "file": "images/WhatsApp_Image_2026-02-21_at_9.36.27_AM.max-165x165.jpg", "width": 165, "height": 123, "focal_point_key": "", "image": 5}}, {"model": "wagtailimages.rendition", "pk": 26, "fields": {"filter_spec": "original", "file": "images/WhatsApp_Image_2026-02-21_at_9.36.27_AM.original.jpg", "width": 1280, "height": 960, "focal_point_key": "", "image": 5}}, {"model": "wagtailimages.rendition", "pk": 27, "fields": {"filter_spec": "width-800", "file": "images/WhatsApp_Image_2026-02-21_at_9.36.27_AM.width-800.jpg", "width": 800, "height": 600, "focal_point_key": "", "image": 5}}, {"model": "wagtailimages.rendition", "pk": 28, "fields": {"filter_spec": "original", "file": "images/WhatsApp_Image_2026-02-21_at_9.36.12_AM.original.jpg", "width": 1131, "height": 1600, "focal_point_key": "", "image": 4}}, {"model": "wagtailimages.rendition", "pk": 29, "fields": {"filter_spec": "max-165x165", "file": "images/maqbool.max-165x165.jpg", "width": 132, "height": 165, "focal_point_key": "", "image": 6}}, {"model": "wagtailimages.rendition", "pk": 30, "fields": {"filter_spec": "width-800", "file": "images/maqbool.width-800.jpg", "width": 800, "height": 1000, "focal_point_key": "", "image": 6}}, {"model": "wagtailimages.rendition", "pk": 31, "fields": {"filter_spec": "fill-1000x800", "file": "images/WhatsApp_Image_2026-02-21_at_9.36.2e16d0ba.fill-1000x800.jpg", "width": 1000, "height": 800, "focal_point_key": "2e16d0ba", "image": 5}}, {"model": "wagtailimages.rendition", "pk": 32, "fields": {"filter_spec": "fill-600x400", "file": "images/maqbool.2e16d0ba.fill-600x400.jpg", "width": 600, "height": 400, "focal_point_key": "2e16d0ba", "image": 6}}, {"model": "wagtailimages.rendition", "pk": 33, "fields": {"filter_spec": "fill-120x120", "file": "images/maqbool.2e16d0ba.fill-120x120.jpg", "width": 120, "height": 120, "focal_point_key": "2e16d0ba", "image": 6}}, {"model": "wagtailimages.rendition", "pk": 34, "fields": {"filter_spec": "fill-120x120", "file": "images/WhatsApp_Image_2026-02-21_at_9.36..2e16d0ba.fill-120x120.jpg", "width": 120, "height": 120, "focal_point_key": "2e16d0ba", "image": 5}}, {"model": "wagtailimages.rendition", "pk": 35, "fields": {"filter_spec": "max-165x165", "file": "images/sanchar.max-165x165.jpg", "width": 116, "height": 165, "focal_point_key": "", "image": 7}}, {"model": "wagtailimages.rendition", "pk": 36, "fields": {"filter_spec": "original", "file": "images/sanchar.original.jpg", "width": 1131, "height": 1600, "focal_point_key": "", "image": 7}}, {"model": "wagtailimages.rendition", "pk": 37, "fields": {"filter_spec": "original", "file": "images/WhatsApp_Image_2025-12-16_at_8.02.14_PM.original.jpg", "width": 1280, "height": 720, "focal_point_key": "", "image": 3}}, {"model": "wagtailimages.rendition", "pk": 38, "fields": {"filter_spec": "width-800", "file": "images/sanchar.width-800.jpg", "width": 800, "height": 1131, "focal_point_key": "", "image": 7}}, {"model": "wagtailimages.rendition", "pk": 39, "fields": {"filter_spec": "fill-600x400", "file": "images/sanchar.2e16d0ba.fill-600x400.jpg", "width": 600, "height": 400, "focal_point_key": "2e16d0ba", "image": 7}}, {"model": "wagtailimages.rendition", "pk": 40, "fields": {"filter_spec": "fill-120x120", "file": "images/sanchar.2e16d0ba.fill-120x120.jpg", "width": 120, "height": 120, "focal_point_key": "2e16d0ba", "image": 7}}, {"model": "wagtailimages.rendition", "pk": 41, "fields": {"filter_spec": "fill-900x700", "file": "images/WhatsApp_Image_2026-02-21_at_9.36..2e16d0ba.fill-900x700.jpg", "width": 900, "height": 700, "focal_point_key": "2e16d0ba", "image": 5}}, {"model": "wagtailimages.rendition", "pk": 42, "fields": {"filter_spec": "fill-400x300", "file": "images/maqbool.2e16d0ba.fill-400x300.jpg", "width": 400, "height": 300, "focal_point_key": "2e16d0ba", "image": 6}}, {"model": "wagtailimages.rendition", "pk": 43, "fields": {"filter_spec": "fill-400x300", "file": "images/sanchar.2e16d0ba.fill-400x300.jpg", "width": 400, "height": 300, "focal_point_key": "2e16d0ba", "image": 7}}, {"model": "wagtailimages.rendition", "pk": 44, "fields": {"filter_spec": "fill-400x300", "file": "images/Screenshot_2025-12-23_223932.2e16d0ba.fill-400x300.png", "width": 400, "height": 300, "focal_point_key": "2e16d0ba", "image": 2}}, {"model": "wagtailimages.rendition", "pk": 45, "fields": {"filter_spec": "fill-800x600", "file": "images/WhatsApp_Image_2026-02-21_at_9.36..2e16d0ba.fill-800x600.jpg", "width": 800, "height": 600, "focal_point_key": "2e16d0ba", "image": 5}}, {"model": "wagtailimages.rendition", "pk": 46, "fields": {"filter_spec": "fill-500x350", "file": "images/maqbool.2e16d0ba.fill-500x350.jpg", "width": 500, "height": 350, "focal_point_key": "2e16d0ba", "image": 6}}, {"model": "wagtailimages.rendition", "pk": 47, "fields": {"filter_spec": "fill-500x350", "file": "images/sanchar.2e16d0ba.fill-500x350.jpg", "width": 500, "height": 350, "focal_point_key": "2e16d0ba", "image": 7}}, {"model": "wagtailimages.rendition", "pk": 48, "fields": {"filter_spec": "fill-500x350", "file": "images/Screenshot_2025-12-23_223932.2e16d0ba.fill-500x350.png", "width": 500, "height": 350, "focal_point_key": "2e16d0ba", "image": 2}}, {"model": "wagtailimages.rendition", "pk": 49, "fields": {"filter_spec": "fill-600x400", "file": "images/WhatsApp_Image_2026-02-21_at_9.36..2e16d0ba.fill-600x400.jpg", "width": 600, "height": 400, "focal_point_key": "2e16d0ba", "image": 5}}, {"model": "wagtailimages.rendition", "pk": 50, "fields": {"filter_spec": "fill-1000x800", "file": "images/Screenshot_2025-12-23_170444.2e16d0ba.fill-1000x800.png", "width": 1000, "height": 800, "focal_point_key": "2e16d0ba", "image": 1}}, {"model": "wagtailimages.rendition", "pk": 51, "fields": {"filter_spec": "fill-1000x800", "file": "images/Screenshot_2025-12-23_223932.2e16d0ba.fill-1000x800.png", "width": 526, "height": 420, "focal_point_key": "2e16d0ba", "image": 2}}, {"model": "wagtailimages.rendition", "pk": 52, "fields": {"filter_spec": "fill-1400x600", "file": "images/Screenshot_2025-12-23_223932.2e16d0ba.fill-1400x600.png", "width": 840, "height": 360, "focal_point_key": "2e16d0ba", "image": 2}}, {"model": "wagtailimages.rendition", "pk": 53, "fields": {"filter_spec": "fill-1400x600", "file": "images/sanchar.2e16d0ba.fill-1400x600.jpg", "width": 1131, "height": 486, "focal_point_key": "2e16d0ba", "image": 7}}, {"model": "wagtailimages.rendition", "pk": 54, "fields": {"filter_spec": "fill-1400x600", "file": "images/WhatsApp_Image_2026-02-21_at_9.36.2e16d0ba.fill-1400x600.jpg", "width": 1280, "height": 550, "focal_point_key": "2e16d0ba", "image": 5}}, {"model": "wagtailimages.rendition", "pk": 55, "fields": {"filter_spec": "fill-1400x600", "file": "images/maqbool.2e16d0ba.fill-1400x600.jpg", "width": 1024, "height": 440, "focal_point_key": "2e16d0ba", "image": 6}}, {"model": "wagtailimages.rendition", "pk": 56, "fields": {"filter_spec": "fill-900x600", "file": "images/WhatsApp_Image_2026-02-21_at_9.36..2e16d0ba.fill-900x600.jpg", "width": 900, "height": 600, "focal_point_key": "2e16d0ba", "image": 5}}, {"model": "wagtailimages.rendition", "pk": 57, "fields": {"filter_spec": "fill-500x350", "file": "images/WhatsApp_Image_2026-02-21_at_9.36..2e16d0ba.fill-500x350.jpg", "width": 500, "height": 350, "focal_point_key": "2e16d0ba", "image": 5}}, {"model": "wagtailimages.rendition", "pk": 58, "fields": {"filter_spec": "fill-900x650", "file": "images/WhatsApp_Image_2026-02-21_at_9.36..2e16d0ba.fill-900x650.jpg", "width": 900, "height": 650, "focal_point_key": "2e16d0ba", "image": 5}}, {"model": "wagtailimages.rendition", "pk": 59, "fields": {"filter_spec": "fill-900x650", "file": "images/Screenshot_2025-12-23_223932.2e16d0ba.fill-900x650.png", "width": 582, "height": 420, "focal_point_key": "2e16d0ba", "image": 2}}, {"model": "wagtailimages.rendition", "pk": 60, "fields": {"filter_spec": "fill-900x650", "file": "images/maqbool.2e16d0ba.fill-900x650.jpg", "width": 900, "height": 650, "focal_point_key": "2e16d0ba", "image": 6}}, {"model": "wagtailimages.rendition", "pk": 61, "fields": {"filter_spec": "fill-900x650", "file": "images/sanchar.2e16d0ba.fill-900x650.jpg", "width": 900, "height": 650, "focal_point_key": "2e16d0ba", "image": 7}}, {"model": "wagtailimages.rendition", "pk": 70, "fields": {"filter_spec": "fill-1200x600", "file": "images/maqbool.2e16d0ba.fill-1200x600.jpg", "width": 1024, "height": 512, "focal_point_key": "2e16d0ba", "image": 6}}, {"model": "wagtailimages.rendition", "pk": 71, "fields": {"filter_spec": "fill-1200x600", "file": "images/Screenshot_2025-12-23_223932.2e16d0ba.fill-1200x600.png", "width": 840, "height": 420, "focal_point_key": "2e16d0ba", "image": 2}}, {"model": "wagtailimages.rendition", "pk": 73, "fields": {"filter_spec": "fill-1200x600", "file": "images/WhatsApp_Image_2026-02-21_at_9.36.2e16d0ba.fill-1200x600.jpg", "width": 1200, "height": 600, "focal_point_key": "2e16d0ba", "image": 5}}, {"model": "wagtailimages.rendition", "pk": 74, "fields": {"filter_spec": "fill-1200x600", "file": "images/sanchar.2e16d0ba.fill-1200x600.jpg", "width": 1131, "height": 566, "focal_point_key": "2e16d0ba", "image": 7}}, {"model": "wagtailimages.rendition", "pk": 90, "fields": {"filter_spec": "max-165x165", "file": "images/1000340823.max-165x165.jpg", "width": 165, "height": 165, "focal_point_key": "", "image": 8}}, {"model": "wagtailimages.rendition", "pk": 91, "fields": {"filter_spec": "original", "file": "images/1000340823.original.jpg", "width": 1080, "height": 1080, "focal_point_key": "", "image": 8}}, {"model": "wagtailimages.rendition", "pk": 92, "fields": {"filter_spec": "max-800x600", "file": "images/1000340823.max-800x600.jpg", "width": 600, "height": 600, "focal_point_key": "", "image": 8}}, {"model": "wagtailimages.rendition", "pk": 93, "fields": {"filter_spec": "fill-1000x800", "file": "images/1000340823.4d292b85.fill-1000x800.jpg", "width": 1000, "height": 800, "focal_point_key": "4d292b85", "image": 8}}, {"model": "wagtailimages.rendition", "pk": 94, "fields": {"filter_spec": "fill-500x350", "file": "images/1000340823.4d292b85.fill-500x350.jpg", "width": 500, "height": 350, "focal_point_key": "4d292b85", "image": 8}}, {"model": "wagtailimages.rendition", "pk": 95, "fields": {"filter_spec": "fill-600x400", "file": "images/1000340823.4d292b85.fill-600x400.jpg", "width": 600, "height": 400, "focal_point_key": "4d292b85", "image": 8}}, {"model": "wagtailimages.rendition", "pk": 96, "fields": {"filter_spec": "fill-1200x600", "file": "images/1000340823.4d292b85.fill-1200x600.jpg", "width": 1080, "height": 540, "focal_point_key": "4d292b85", "image": 8}}, {"model": "wagtailimages.rendition", "pk": 97, "fields": {"filter_spec": "fill-900x650", "file": "images/1000340823.4d292b85.fill-900x650.jpg", "width": 900, "height": 650, "focal_point_key": "4d292b85", "image": 8}}, {"model": "wagtailimages.rendition", "pk": 101, "fields": {"filter_spec": "max-165x165", "file": "images/wall_magazine_wall_2_IGba6H3.max-165x165.jpg", "width": 165, "height": 165, "focal_point_key": "", "image": 9}}, {"model": "wagtailimages.rendition", "pk": 102, "fields": {"filter_spec": "max-800x600", "file": "images/WhatsApp_Image_2026-02-21_at_9.36.12_AM.max-800x600.jpg", "width": 424, "height": 600, "focal_point_key": "", "image": 4}}, {"model": "wagtailimages.rendition", "pk": 103, "fields": {"filter_spec": "max-800x600", "file": "images/WhatsApp_Image_2026-02-21_at_9.36.27_AM.max-800x600.jpg", "width": 800, "height": 600, "focal_point_key": "", "image": 5}}, {"model": "wagtailimages.rendition", "pk": 104, "fields": {"filter_spec": "max-165x165", "file": "images/588435316_17845121253634463_4723126132303968.max-165x165.jpg", "width": 165, "height": 165, "focal_point_key": "", "image": 10}}, {"model": "wagtailimages.rendition", "pk": 105, "fields": {"filter_spec": "max-165x165", "file": "images/passion_of_christ_pic_2.max-165x165.jpg", "width": 165, "height": 165, "focal_point_key": "", "image": 11}}, {"model": "wagtailimages.rendition", "pk": 106, "fields": {"filter_spec": "original", "file": "images/588435316_17845121253634463_4723126132303968477.original.jpg", "width": 1080, "height": 1080, "focal_point_key": "", "image": 10}}, {"model": "wagtailimages.rendition", "pk": 107, "fields": {"filter_spec": "max-800x600", "file": "images/588435316_17845121253634463_4723126132303968.max-800x600.jpg", "width": 600, "height": 600, "focal_point_key": "", "image": 10}}, {"model": "wagtailimages.rendition", "pk": 108, "fields": {"filter_spec": "max-165x165", "file": "images/passion_of_christ_pic_3.max-165x165.jpg", "width": 165, "height": 165, "focal_point_key": "", "image": 12}}, {"model": "wagtailadmin.editingsession", "pk": 498, "fields": {"user": 1, "content_type": 1, "object_id": "3", "last_seen_at": "2026-06-10T14:30:43.620Z", "is_editing": false}}, {"model": "wagtailadmin.editingsession", "pk": 500, "fields": {"user": 1, "content_type": 1, "object_id": "3", "last_seen_at": "2026-06-10T14:30:47.686Z", "is_editing": false}}, {"model": "wagtailadmin.editingsession", "pk": 501, "fields": {"user": 1, "content_type": 1, "object_id": "3", "last_seen_at": "2026-06-10T14:30:49.680Z", "is_editing": false}}, {"model": "wagtailadmin.editingsession", "pk": 502, "fields": {"user": 3, "content_type": 1, "object_id": "15", "last_seen_at": "2026-06-10T14:30:54.604Z", "is_editing": false}}, {"model": "wagtailadmin.editingsession", "pk": 507, "fields": {"user": 1, "content_type": 1, "object_id": "3", "last_seen_at": "2026-06-10T14:32:11.168Z", "is_editing": false}}, {"model": "wagtailadmin.editingsession", "pk": 510, "fields": {"user": 1, "content_type": 1, "object_id": "3", "last_seen_at": "2026-06-10T14:32:30.656Z", "is_editing": false}}, {"model": "wagtailadmin.editingsession", "pk": 513, "fields": {"user": 1, "content_type": 1, "object_id": "3", "last_seen_at": "2026-06-10T14:32:42.867Z", "is_editing": false}}, {"model": "wagtailadmin.editingsession", "pk": 519, "fields": {"user": 3, "content_type": 1, "object_id": "15", "last_seen_at": "2026-06-10T14:34:59.158Z", "is_editing": false}}, {"model": "wagtailadmin.editingsession", "pk": 522, "fields": {"user": 1, "content_type": 1, "object_id": "12", "last_seen_at": "2026-06-10T14:36:11.101Z", "is_editing": false}}, {"model": "wagtailadmin.editingsession", "pk": 523, "fields": {"user": 1, "content_type": 1, "object_id": "12", "last_seen_at": "2026-06-10T14:36:18.180Z", "is_editing": false}}, {"model": "wagtailadmin.editingsession", "pk": 524, "fields": {"user": 1, "content_type": 1, "object_id": "12", "last_seen_at": "2026-06-10T14:36:21.743Z", "is_editing": false}}, {"model": "wagtailadmin.editingsession", "pk": 525, "fields": {"user": 1, "content_type": 1, "object_id": "12", "last_seen_at": "2026-06-10T14:36:25.189Z", "is_editing": false}}, {"model": "wagtailadmin.editingsession", "pk": 528, "fields": {"user": 3, "content_type": 1, "object_id": "15", "last_seen_at": "2026-06-10T14:40:55.132Z", "is_editing": false}}, {"model": "wagtailadmin.editingsession", "pk": 530, "fields": {"user": 3, "content_type": 1, "object_id": "15", "last_seen_at": "2026-06-10T14:41:09.165Z", "is_editing": false}}, {"model": "wagtailadmin.editingsession", "pk": 534, "fields": {"user": 3, "content_type": 1, "object_id": "15", "last_seen_at": "2026-06-10T14:44:57.105Z", "is_editing": false}}, {"model": "wagtailadmin.editingsession", "pk": 537, "fields": {"user": 3, "content_type": 1, "object_id": "16", "last_seen_at": "2026-06-10T15:14:58.052Z", "is_editing": false}}, {"model": "wagtailcore.locale", "pk": 1, "fields": {"language_code": "en"}}, {"model": "wagtailcore.site", "pk": 2, "fields": {"hostname": "localhost", "port": 80, "site_name": "The English Hub", "root_page": 3, "is_default_site": true}}, {"model": "wagtailcore.modellogentry", "pk": 1, "fields": {"content_type": 2, "label": "Reading club 1", "action": "wagtail.edit", "data": {}, "timestamp": "2026-02-21T00:35:10.080Z", "uuid": "8f9c9aff-c923-4b06-925f-34c315be7353", "user": 1, "revision": null, "content_changed": true, "deleted": false, "object_id": "1"}}, {"model": "wagtailcore.modellogentry", "pk": 2, "fields": {"content_type": 48, "label": "Homebound Screening", "action": "wagtail.create", "data": {}, "timestamp": "2026-02-21T03:41:21.466Z", "uuid": "bd5f6c08-c1c4-4ef1-883a-2f41546ffb54", "user": 1, "revision": null, "content_changed": true, "deleted": false, "object_id": "1"}}, {"model": "wagtailcore.modellogentry", "pk": 3, "fields": {"content_type": 48, "label": "Homebound Screening", "action": "wagtail.edit", "data": {}, "timestamp": "2026-02-21T03:44:16.448Z", "uuid": "c5b08594-9d1b-4ff0-8249-410a50e5a89d", "user": 1, "revision": null, "content_changed": true, "deleted": false, "object_id": "1"}}, {"model": "wagtailcore.modellogentry", "pk": 4, "fields": {"content_type": 48, "label": "Reading Session", "action": "wagtail.create", "data": {}, "timestamp": "2026-02-21T03:51:27.930Z", "uuid": "82c24124-2cb2-486f-ac51-3e10a04da237", "user": 1, "revision": null, "content_changed": true, "deleted": false, "object_id": "2"}}, {"model": "wagtailcore.modellogentry", "pk": 5, "fields": {"content_type": 48, "label": "Exams For 3rd sem", "action": "wagtail.create", "data": {}, "timestamp": "2026-02-21T03:52:05.173Z", "uuid": "69592565-062b-4f13-9839-ee23174695fa", "user": 1, "revision": null, "content_changed": true, "deleted": false, "object_id": "3"}}, {"model": "wagtailcore.modellogentry", "pk": 6, "fields": {"content_type": 44, "label": "Ptadipta", "action": "wagtail.create", "data": {}, "timestamp": "2026-02-21T05:17:36.983Z", "uuid": "87e2e53a-2bd3-49cf-a4a6-720287f62989", "user": 1, "revision": null, "content_changed": true, "deleted": false, "object_id": "2"}}, {"model": "wagtailcore.modellogentry", "pk": 7, "fields": {"content_type": 44, "label": "Ptadipta", "action": "wagtail.edit", "data": {}, "timestamp": "2026-02-21T05:17:57.685Z", "uuid": "66bee073-221d-427e-b427-ae829c40ad5a", "user": 1, "revision": null, "content_changed": false, "deleted": false, "object_id": "2"}}, {"model": "wagtailcore.modellogentry", "pk": 8, "fields": {"content_type": 48, "label": "website upload", "action": "wagtail.create", "data": {}, "timestamp": "2026-02-21T12:33:30.181Z", "uuid": "3b2b0595-86c7-4a42-bec4-459e4016a01f", "user": 1, "revision": null, "content_changed": true, "deleted": false, "object_id": "4"}}, {"model": "wagtailcore.modellogentry", "pk": 9, "fields": {"content_type": 44, "label": "AS", "action": "wagtail.edit", "data": {}, "timestamp": "2026-02-22T09:04:38.691Z", "uuid": "48cf39b4-d119-4c19-bd0c-63f5a1519ebc", "user": 1, "revision": null, "content_changed": false, "deleted": false, "object_id": "1"}}, {"model": "wagtailcore.modellogentry", "pk": 10, "fields": {"content_type": 44, "label": "AS", "action": "wagtail.edit", "data": {}, "timestamp": "2026-02-22T09:04:46.099Z", "uuid": "03e6abf9-6c59-4b8f-8cc9-e49b60d87a2f", "user": 1, "revision": null, "content_changed": false, "deleted": false, "object_id": "1"}}, {"model": "wagtailcore.modellogentry", "pk": 11, "fields": {"content_type": 48, "label": "Exams For 3rd sem", "action": "wagtail.edit", "data": {}, "timestamp": "2026-02-23T21:01:27.002Z", "uuid": "73467670-ae7e-4da7-8413-8a9a38a663ba", "user": 1, "revision": null, "content_changed": true, "deleted": false, "object_id": "3"}}, {"model": "wagtailcore.modellogentry", "pk": 12, "fields": {"content_type": 44, "label": "AS", "action": "wagtail.edit", "data": {}, "timestamp": "2026-02-24T20:36:49.354Z", "uuid": "9df9f78e-a203-4912-b44e-4773f6f6e24f", "user": 1, "revision": null, "content_changed": false, "deleted": false, "object_id": "1"}}, {"model": "wagtailcore.modellogentry", "pk": 13, "fields": {"content_type": 44, "label": "AS", "action": "wagtail.edit", "data": {}, "timestamp": "2026-02-24T20:37:14.668Z", "uuid": "7e27bfab-6242-452d-9054-f5ffc7937b75", "user": 1, "revision": null, "content_changed": false, "deleted": false, "object_id": "1"}}, {"model": "wagtailcore.modellogentry", "pk": 14, "fields": {"content_type": 48, "label": "The Next Reading Session", "action": "wagtail.edit", "data": {}, "timestamp": "2026-02-24T20:39:33.589Z", "uuid": "e2c61d74-196d-4d0b-b332-7eb1d4983f36", "user": 1, "revision": null, "content_changed": true, "deleted": false, "object_id": "2"}}, {"model": "wagtailcore.modellogentry", "pk": 15, "fields": {"content_type": 48, "label": "Homebound Screening", "action": "wagtail.edit", "data": {}, "timestamp": "2026-02-24T20:39:47.836Z", "uuid": "41da1eb6-c5aa-4323-a3d5-82d306765c5b", "user": 1, "revision": null, "content_changed": true, "deleted": false, "object_id": "1"}}, {"model": "wagtailcore.modellogentry", "pk": 16, "fields": {"content_type": 48, "label": "The Next Reading Session", "action": "wagtail.edit", "data": {}, "timestamp": "2026-02-24T20:40:09.451Z", "uuid": "202464bd-7b4c-4e1b-bf5a-bc4e730b32de", "user": 1, "revision": null, "content_changed": true, "deleted": false, "object_id": "2"}}, {"model": "wagtailcore.modellogentry", "pk": 17, "fields": {"content_type": 48, "label": "The Next Reading Session", "action": "wagtail.edit", "data": {}, "timestamp": "2026-02-24T20:40:46.399Z", "uuid": "44662aeb-e39a-400f-93e9-322dc9e00c4f", "user": 1, "revision": null, "content_changed": true, "deleted": false, "object_id": "2"}}, {"model": "wagtailcore.modellogentry", "pk": 18, "fields": {"content_type": 44, "label": "Admin", "action": "wagtail.create", "data": {}, "timestamp": "2026-06-10T13:01:30.598Z", "uuid": "f25c3b09-6260-4941-9f50-f62ce0a1549a", "user": 1, "revision": null, "content_changed": true, "deleted": false, "object_id": "3"}}, {"model": "wagtailcore.modellogentry", "pk": 19, "fields": {"content_type": 2, "label": "beautification", "action": "wagtail.edit", "data": {}, "timestamp": "2026-06-10T13:18:58.639Z", "uuid": "a2ad864d-bce5-4d27-b89a-5c63b75bde21", "user": 3, "revision": null, "content_changed": true, "deleted": false, "object_id": "8"}}, {"model": "wagtailcore.modellogentry", "pk": 20, "fields": {"content_type": 2, "label": "beautification", "action": "wagtail.edit", "data": {}, "timestamp": "2026-06-10T13:19:31.894Z", "uuid": "385c38ab-4c04-4413-a1b8-796735ea300c", "user": 3, "revision": null, "content_changed": true, "deleted": false, "object_id": "8"}}, {"model": "wagtailcore.modellogentry", "pk": 21, "fields": {"content_type": 48, "label": "Fake Clubs Emerging", "action": "wagtail.create", "data": {}, "timestamp": "2026-06-10T13:23:50.169Z", "uuid": "f98700de-eeb0-4ceb-999f-86ab3e4f7284", "user": 1, "revision": null, "content_changed": true, "deleted": false, "object_id": "5"}}, {"model": "wagtailcore.modellogentry", "pk": 22, "fields": {"content_type": 48, "label": "Fake Clubs Emerging", "action": "wagtail.edit", "data": {}, "timestamp": "2026-06-10T13:23:54.281Z", "uuid": "c138af9e-b883-42b4-b7b0-870f79cb08dd", "user": 1, "revision": null, "content_changed": false, "deleted": false, "object_id": "5"}}, {"model": "wagtailcore.modellogentry", "pk": 23, "fields": {"content_type": 48, "label": "Fake Clubs Emerging", "action": "wagtail.edit", "data": {}, "timestamp": "2026-06-10T13:25:03.646Z", "uuid": "945201eb-0844-4148-8563-09e4192302c4", "user": 1, "revision": null, "content_changed": true, "deleted": false, "object_id": "5"}}, {"model": "wagtailcore.modellogentry", "pk": 24, "fields": {"content_type": 2, "label": "beautification", "action": "wagtail.edit", "data": {}, "timestamp": "2026-06-10T13:32:55.153Z", "uuid": "405ef618-1c1b-446a-b67a-ded59aee745a", "user": 3, "revision": null, "content_changed": true, "deleted": false, "object_id": "8"}}, {"model": "wagtailcore.modellogentry", "pk": 25, "fields": {"content_type": 2, "label": "beautification", "action": "wagtail.edit", "data": {}, "timestamp": "2026-06-10T13:35:15.020Z", "uuid": "6801323e-f403-4eb0-a71c-b2bad87e6839", "user": 3, "revision": null, "content_changed": true, "deleted": false, "object_id": "8"}}, {"model": "wagtailcore.modellogentry", "pk": 26, "fields": {"content_type": 48, "label": "Fake Clubs Emerging", "action": "wagtail.edit", "data": {}, "timestamp": "2026-06-10T14:21:52.792Z", "uuid": "9d4fdbf5-f4d0-4d6e-95e9-aa174c0cd094", "user": 1, "revision": null, "content_changed": true, "deleted": false, "object_id": "5"}}, {"model": "wagtailcore.modellogentry", "pk": 27, "fields": {"content_type": 2, "label": "wall magazine wall 1", "action": "wagtail.edit", "data": {}, "timestamp": "2026-06-10T14:24:02.296Z", "uuid": "0be50632-172c-4a3c-9d90-4e7eb9b21361", "user": 3, "revision": null, "content_changed": true, "deleted": false, "object_id": "9"}}, {"model": "wagtailcore.modellogentry", "pk": 28, "fields": {"content_type": 48, "label": "Fake Clubs Emerging", "action": "wagtail.edit", "data": {}, "timestamp": "2026-06-10T14:24:17.006Z", "uuid": "f6206601-6a1f-4de8-9712-b0d62e18b3fa", "user": 1, "revision": null, "content_changed": false, "deleted": false, "object_id": "5"}}, {"model": "wagtailcore.modellogentry", "pk": 29, "fields": {"content_type": 20, "label": "The English Hub [default]", "action": "wagtail.edit", "data": {}, "timestamp": "2026-06-10T14:24:43.508Z", "uuid": "c9f3dc3b-3381-49f5-89c6-6b81a93d0ba9", "user": 1, "revision": null, "content_changed": true, "deleted": false, "object_id": "2"}}, {"model": "wagtailcore.modellogentry", "pk": 30, "fields": {"content_type": 20, "label": "The English Hub [default]", "action": "wagtail.edit", "data": {}, "timestamp": "2026-06-10T14:24:50.527Z", "uuid": "f284d50e-8762-4413-8ce5-97c88f8cc84e", "user": 1, "revision": null, "content_changed": false, "deleted": false, "object_id": "2"}}, {"model": "wagtailcore.modellogentry", "pk": 31, "fields": {"content_type": 2, "label": "Passion of christ", "action": "wagtail.edit", "data": {}, "timestamp": "2026-06-10T14:25:05.577Z", "uuid": "42db0987-06f7-4b90-bd0e-077466e4449e", "user": 3, "revision": null, "content_changed": true, "deleted": false, "object_id": "4"}}, {"model": "wagtailcore.modellogentry", "pk": 32, "fields": {"content_type": 20, "label": "The English Hub [default]", "action": "wagtail.edit", "data": {}, "timestamp": "2026-06-10T14:31:13.524Z", "uuid": "e132be42-809b-4b2f-aaff-69794b74f0d1", "user": 1, "revision": null, "content_changed": false, "deleted": false, "object_id": "2"}}, {"model": "wagtailcore.revision", "pk": 1, "fields": {"content_type": 30, "base_content_type": 1, "object_id": "4", "created_at": "2026-02-21T00:35:17.598Z", "user": 1, "object_str": "Kafan By Premachand", "content": {"pk": 4, "path": "000100010001", "depth": 3, "numchild": 0, "translation_key": "66568e76-1e80-41bb-ab5d-b66727722dff", "locale": 1, "latest_revision": null, "live": false, "has_unpublished_changes": false, "first_published_at": null, "last_published_at": null, "live_revision": null, "go_live_at": null, "expire_at": null, "expired": false, "locked": false, "locked_at": null, "locked_by": null, "title": "Kafan By Premachand", "draft_title": "Kafan By Premachand", "slug": "kafan-by-premachand", "content_type": 30, "url_path": "/home/kafan-by-premachand/", "owner": 1, "seo_title": "", "show_in_menus": false, "search_description": "", "latest_revision_created_at": null, "alias_of": null, "author": "Reading Club, Ayush", "date": "2026-02-21", "intro": "", "main_image": 1, "body": "[{\"type\": \"paragraph\", \"value\": \"<p data-block-key=\\\"w3k0p\\\"></p>\", \"id\": \"9eb3b457-09e9-4edc-b24d-6700fba4c273\"}]", "wagtail_admin_comments": []}, "approved_go_live_at": null}}, {"model": "wagtailcore.revision", "pk": 2, "fields": {"content_type": 30, "base_content_type": 1, "object_id": "4", "created_at": "2026-02-21T00:37:42.678Z", "user": 1, "object_str": "Kafan By Premachand", "content": {"pk": 4, "path": "000100010001", "depth": 3, "numchild": 0, "translation_key": "66568e76-1e80-41bb-ab5d-b66727722dff", "locale": 1, "latest_revision": 1, "live": false, "has_unpublished_changes": true, "first_published_at": null, "last_published_at": null, "live_revision": null, "go_live_at": null, "expire_at": null, "expired": false, "locked": false, "locked_at": null, "locked_by": null, "title": "Kafan By Premachand", "draft_title": "Kafan By Premachand", "slug": "kafan-by-premachand", "content_type": 30, "url_path": "/home/kafan-by-premachand/", "owner": 1, "seo_title": "", "show_in_menus": false, "search_description": "", "latest_revision_created_at": "2026-02-21T00:35:17.598Z", "alias_of": null, "author": "Reading Club, Ayush", "date": "2026-02-21", "intro": "", "main_image": 1, "body": "[{\"type\": \"image\", \"value\": 2, \"id\": \"de14ce94-7b4b-440b-a92b-0f3d640357e9\"}, {\"type\": \"paragraph\", \"value\": \"<p data-block-key=\\\"w3k0p\\\">On This day, we did our reading session on kafan with two new juniors added to Our Reading Club, The Session went well as everyone enjoyed learning about new perspective on this great masterpiece.</p>\", \"id\": \"9eb3b457-09e9-4edc-b24d-6700fba4c273\"}]", "wagtail_admin_comments": []}, "approved_go_live_at": null}}, {"model": "wagtailcore.revision", "pk": 3, "fields": {"content_type": 30, "base_content_type": 1, "object_id": "4", "created_at": "2026-02-21T01:07:23.179Z", "user": 1, "object_str": "Kafan By Premachand", "content": {"pk": 4, "path": "000100010001", "depth": 3, "numchild": 0, "translation_key": "66568e76-1e80-41bb-ab5d-b66727722dff", "locale": 1, "latest_revision": 2, "live": true, "has_unpublished_changes": false, "first_published_at": "2026-02-21T00:37:53.615Z", "last_published_at": "2026-02-21T00:37:53.615Z", "live_revision": 2, "go_live_at": null, "expire_at": null, "expired": false, "locked": false, "locked_at": null, "locked_by": null, "title": "Kafan By Premachand", "draft_title": "Kafan By Premachand", "slug": "kafan-by-premachand", "content_type": 30, "url_path": "/home/kafan-by-premachand/", "owner": 1, "seo_title": "", "show_in_menus": false, "search_description": "", "latest_revision_created_at": "2026-02-21T00:37:42.678Z", "alias_of": null, "author": "Reading Club, Ayush", "date": "2026-02-21", "intro": "", "main_image": 1, "body": "[{\"type\": \"paragraph\", \"value\": \"<p data-block-key=\\\"w3k0p\\\">On This day, we did our reading session on kafan with two new juniors added to Our Reading Club, The Session went well as everyone enjoyed learning about new perspective on this great masterpiece.</p>\", \"id\": \"9eb3b457-09e9-4edc-b24d-6700fba4c273\"}]", "wagtail_admin_comments": []}, "approved_go_live_at": null}}, {"model": "wagtailcore.revision", "pk": 4, "fields": {"content_type": 30, "base_content_type": 1, "object_id": "4", "created_at": "2026-02-21T01:13:20.739Z", "user": 1, "object_str": "Kafan By Premachand", "content": {"pk": 4, "path": "000100010001", "depth": 3, "numchild": 0, "translation_key": "66568e76-1e80-41bb-ab5d-b66727722dff", "locale": 1, "latest_revision": 4, "live": true, "has_unpublished_changes": true, "first_published_at": "2026-02-21T00:37:53.615Z", "last_published_at": "2026-02-21T00:37:53.615Z", "live_revision": 2, "go_live_at": null, "expire_at": null, "expired": false, "locked": false, "locked_at": null, "locked_by": null, "title": "Kafan By Premachand", "draft_title": "Kafan By Premachand", "slug": "kafan-by-premachand", "content_type": 30, "url_path": "/home/kafan-by-premachand/", "owner": 1, "seo_title": "", "show_in_menus": false, "search_description": "", "latest_revision_created_at": "2026-02-21T01:13:17.734Z", "alias_of": null, "author": "Reading Club, Ayush", "date": "2026-02-21", "intro": "", "main_image": 1, "body": "[{\"type\": \"paragraph\", \"value\": \"<p data-block-key=\\\"w3k0p\\\">On This day, we did our reading session on kafan with two new juniors added to Our Reading Club, The Session went well as everyone enjoyed learning about new perspective on this great masterpiece.</p><p data-block-key=\\\"fm25b\\\"></p><h4 data-block-key=\\\"18fgi\\\">Special Thanks To The Presenters:</h4><ul><li data-block-key=\\\"8k8ao\\\">Pradipta Poddar</li><li data-block-key=\\\"5l6mh\\\">Shirin Ebadi</li><li data-block-key=\\\"8umke\\\">Asmita ray</li><li data-block-key=\\\"abe2v\\\">Fida E Islam</li><li data-block-key=\\\"f210h\\\">Samiran Barman</li></ul>\", \"id\": \"9eb3b457-09e9-4edc-b24d-6700fba4c273\"}, {\"type\": \"image\", \"value\": 2, \"id\": \"a271eec4-4f5e-4e84-b815-edb09cb3ef18\"}]", "wagtail_admin_comments": []}, "approved_go_live_at": null}}, {"model": "wagtailcore.revision", "pk": 5, "fields": {"content_type": 30, "base_content_type": 1, "object_id": "4", "created_at": "2026-02-21T01:13:26.213Z", "user": 1, "object_str": "Kafan By Premachand", "content": {"pk": 4, "path": "000100010001", "depth": 3, "numchild": 0, "translation_key": "66568e76-1e80-41bb-ab5d-b66727722dff", "locale": 1, "latest_revision": 4, "live": true, "has_unpublished_changes": true, "first_published_at": "2026-02-21T00:37:53.615Z", "last_published_at": "2026-02-21T00:37:53.615Z", "live_revision": 2, "go_live_at": null, "expire_at": null, "expired": false, "locked": false, "locked_at": null, "locked_by": null, "title": "Kafan By Premachand", "draft_title": "Kafan By Premachand", "slug": "kafan-by-premachand", "content_type": 30, "url_path": "/home/kafan-by-premachand/", "owner": 1, "seo_title": "", "show_in_menus": false, "search_description": "", "latest_revision_created_at": "2026-02-21T01:13:20.739Z", "alias_of": null, "author": "Reading Club, Ayush", "date": "2026-02-21", "intro": "", "main_image": 1, "body": "[{\"type\": \"paragraph\", \"value\": \"<p data-block-key=\\\"w3k0p\\\">On This day, we did our reading session on kafan with two new juniors added to Our Reading Club, The Session went well as everyone enjoyed learning about new perspective on this great masterpiece.</p><p data-block-key=\\\"fm25b\\\"></p><h4 data-block-key=\\\"18fgi\\\">Special Thanks To The Presenters:</h4><ul><li data-block-key=\\\"8k8ao\\\">Pradipta Poddar</li><li data-block-key=\\\"5l6mh\\\">Shirin Ebadi</li><li data-block-key=\\\"8umke\\\">Asmita ray</li><li data-block-key=\\\"abe2v\\\">Fida E Islam</li><li data-block-key=\\\"f210h\\\">Samiran Barman</li></ul>\", \"id\": \"9eb3b457-09e9-4edc-b24d-6700fba4c273\"}, {\"type\": \"image\", \"value\": 2, \"id\": \"a271eec4-4f5e-4e84-b815-edb09cb3ef18\"}]", "wagtail_admin_comments": []}, "approved_go_live_at": null}}, {"model": "wagtailcore.revision", "pk": 21, "fields": {"content_type": 47, "base_content_type": 1, "object_id": "7", "created_at": "2026-02-21T02:26:15.081Z", "user": 1, "object_str": "Ci", "content": {"pk": 7, "path": "000100010004", "depth": 3, "numchild": 0, "translation_key": "0102c957-6559-40d1-a22d-f5b84519358f", "locale": 1, "latest_revision": null, "live": false, "has_unpublished_changes": false, "first_published_at": null, "last_published_at": null, "live_revision": null, "go_live_at": null, "expire_at": null, "expired": false, "locked": false, "locked_at": null, "locked_by": null, "title": "Ci", "draft_title": "Ci", "slug": "c", "content_type": 47, "url_path": "/home/c/", "owner": 1, "seo_title": "", "show_in_menus": false, "search_description": "", "latest_revision_created_at": null, "alias_of": null, "description": "", "club_image": null, "wagtail_admin_comments": []}, "approved_go_live_at": null}}, {"model": "wagtailcore.revision", "pk": 22, "fields": {"content_type": 47, "base_content_type": 1, "object_id": "7", "created_at": "2026-02-21T02:27:06.306Z", "user": 1, "object_str": "Cine Club", "content": {"pk": 7, "path": "000100010004", "depth": 3, "numchild": 0, "translation_key": "0102c957-6559-40d1-a22d-f5b84519358f", "locale": 1, "latest_revision": 22, "live": false, "has_unpublished_changes": true, "first_published_at": null, "last_published_at": null, "live_revision": null, "go_live_at": null, "expire_at": null, "expired": false, "locked": false, "locked_at": null, "locked_by": null, "title": "Cine Club", "draft_title": "Cine Cl", "slug": "cine-club", "content_type": 47, "url_path": "/home/cine-club/", "owner": 1, "seo_title": "", "show_in_menus": false, "search_description": "", "latest_revision_created_at": "2026-02-21T02:26:59.297Z", "alias_of": null, "description": "", "club_image": null, "wagtail_admin_comments": []}, "approved_go_live_at": null}}, {"model": "wagtailcore.revision", "pk": 23, "fields": {"content_type": 47, "base_content_type": 1, "object_id": "7", "created_at": "2026-02-21T02:27:06.508Z", "user": 1, "object_str": "Cine Club", "content": {"pk": 7, "path": "000100010004", "depth": 3, "numchild": 0, "translation_key": "0102c957-6559-40d1-a22d-f5b84519358f", "locale": 1, "latest_revision": 22, "live": false, "has_unpublished_changes": true, "first_published_at": null, "last_published_at": null, "live_revision": null, "go_live_at": null, "expire_at": null, "expired": false, "locked": false, "locked_at": null, "locked_by": null, "title": "Cine Club", "draft_title": "Cine Club", "slug": "cine-club", "content_type": 47, "url_path": "/home/cine-club/", "owner": 1, "seo_title": "", "show_in_menus": false, "search_description": "", "latest_revision_created_at": "2026-02-21T02:27:06.306Z", "alias_of": null, "description": "", "club_image": null, "wagtail_admin_comments": []}, "approved_go_live_at": null}}, {"model": "wagtailcore.revision", "pk": 24, "fields": {"content_type": 47, "base_content_type": 1, "object_id": "8", "created_at": "2026-02-21T02:27:59.303Z", "user": 1, "object_str": "Quiz Club", "content": {"pk": 8, "path": "000100010005", "depth": 3, "numchild": 0, "translation_key": "c21d2bd2-5ef1-40bb-ab25-e68bd4cd2e3b", "locale": 1, "latest_revision": 24, "live": false, "has_unpublished_changes": true, "first_published_at": null, "last_published_at": null, "live_revision": null, "go_live_at": null, "expire_at": null, "expired": false, "locked": false, "locked_at": null, "locked_by": null, "title": "Quiz Club", "draft_title": "Quiz", "slug": "quiz-club", "content_type": 47, "url_path": "/home/quiz-club/", "owner": 1, "seo_title": "", "show_in_menus": false, "search_description": "", "latest_revision_created_at": "2026-02-21T02:27:56.815Z", "alias_of": null, "description": "", "club_image": null, "wagtail_admin_comments": []}, "approved_go_live_at": null}}, {"model": "wagtailcore.revision", "pk": 25, "fields": {"content_type": 47, "base_content_type": 1, "object_id": "8", "created_at": "2026-02-21T02:28:01.144Z", "user": 1, "object_str": "Quiz Club", "content": {"pk": 8, "path": "000100010005", "depth": 3, "numchild": 0, "translation_key": "c21d2bd2-5ef1-40bb-ab25-e68bd4cd2e3b", "locale": 1, "latest_revision": 24, "live": false, "has_unpublished_changes": true, "first_published_at": null, "last_published_at": null, "live_revision": null, "go_live_at": null, "expire_at": null, "expired": false, "locked": false, "locked_at": null, "locked_by": null, "title": "Quiz Club", "draft_title": "Quiz Club", "slug": "quiz-club", "content_type": 47, "url_path": "/home/quiz-club/", "owner": 1, "seo_title": "", "show_in_menus": false, "search_description": "", "latest_revision_created_at": "2026-02-21T02:27:59.303Z", "alias_of": null, "description": "", "club_image": null, "wagtail_admin_comments": []}, "approved_go_live_at": null}}, {"model": "wagtailcore.revision", "pk": 26, "fields": {"content_type": 30, "base_content_type": 1, "object_id": "4", "created_at": "2026-02-21T02:29:02.687Z", "user": 1, "object_str": "Kafan By Premchand", "content": {"pk": 4, "path": "000100010001", "depth": 3, "numchild": 0, "translation_key": "66568e76-1e80-41bb-ab5d-b66727722dff", "locale": 1, "latest_revision": 5, "live": true, "has_unpublished_changes": false, "first_published_at": "2026-02-21T00:37:53.615Z", "last_published_at": "2026-02-21T01:13:53.955Z", "live_revision": 5, "go_live_at": null, "expire_at": null, "expired": false, "locked": false, "locked_at": null, "locked_by": null, "title": "Kafan By Premchand", "draft_title": "Kafan By Premachand", "slug": "kafan-by-premachand", "content_type": 30, "url_path": "/home/kafan-by-premachand/", "owner": 1, "seo_title": "", "show_in_menus": false, "search_description": "", "latest_revision_created_at": "2026-02-21T01:13:26.213Z", "alias_of": null, "author": "Reading Club, Ayush", "date": "2026-02-21", "intro": "", "main_image": 1, "body": "[{\"type\": \"paragraph\", \"value\": \"<p data-block-key=\\\"w3k0p\\\">On This day, we did our reading session on kafan with two new juniors added to Our Reading Club, The Session went well as everyone enjoyed learning about new perspective on this great masterpiece.</p><p data-block-key=\\\"fm25b\\\"></p><h4 data-block-key=\\\"18fgi\\\">Special Thanks To The Presenters:</h4><ul><li data-block-key=\\\"8k8ao\\\">Pradipta Poddar</li><li data-block-key=\\\"5l6mh\\\">Shirin Ebadi</li><li data-block-key=\\\"8umke\\\">Asmita ray</li><li data-block-key=\\\"abe2v\\\">Fida E Islam</li><li data-block-key=\\\"f210h\\\">Samiran Barman</li></ul>\", \"id\": \"9eb3b457-09e9-4edc-b24d-6700fba4c273\"}, {\"type\": \"image\", \"value\": 2, \"id\": \"a271eec4-4f5e-4e84-b815-edb09cb3ef18\"}]", "wagtail_admin_comments": []}, "approved_go_live_at": null}}, {"model": "wagtailcore.revision", "pk": 27, "fields": {"content_type": 30, "base_content_type": 1, "object_id": "4", "created_at": "2026-02-21T02:29:08.060Z", "user": 1, "object_str": "Kafan By Munshi Premchand", "content": {"pk": 4, "path": "000100010001", "depth": 3, "numchild": 0, "translation_key": "66568e76-1e80-41bb-ab5d-b66727722dff", "locale": 1, "latest_revision": 26, "live": true, "has_unpublished_changes": true, "first_published_at": "2026-02-21T00:37:53.615Z", "last_published_at": "2026-02-21T01:13:53.955Z", "live_revision": 5, "go_live_at": null, "expire_at": null, "expired": false, "locked": false, "locked_at": null, "locked_by": null, "title": "Kafan By Munshi Premchand", "draft_title": "Kafan By Premchand", "slug": "kafan-by-premachand", "content_type": 30, "url_path": "/home/kafan-by-premachand/", "owner": 1, "seo_title": "", "show_in_menus": false, "search_description": "", "latest_revision_created_at": "2026-02-21T02:29:02.687Z", "alias_of": null, "author": "Reading Club, Ayush", "date": "2026-02-21", "intro": "", "main_image": 1, "body": "[{\"type\": \"paragraph\", \"value\": \"<p data-block-key=\\\"w3k0p\\\">On This day, we did our reading session on kafan with two new juniors added to Our Reading Club, The Session went well as everyone enjoyed learning about new perspective on this great masterpiece.</p><p data-block-key=\\\"fm25b\\\"></p><h4 data-block-key=\\\"18fgi\\\">Special Thanks To The Presenters:</h4><ul><li data-block-key=\\\"8k8ao\\\">Pradipta Poddar</li><li data-block-key=\\\"5l6mh\\\">Shirin Ebadi</li><li data-block-key=\\\"8umke\\\">Asmita ray</li><li data-block-key=\\\"abe2v\\\">Fida E Islam</li><li data-block-key=\\\"f210h\\\">Samiran Barman</li></ul>\", \"id\": \"9eb3b457-09e9-4edc-b24d-6700fba4c273\"}, {\"type\": \"image\", \"value\": 2, \"id\": \"a271eec4-4f5e-4e84-b815-edb09cb3ef18\"}]", "wagtail_admin_comments": []}, "approved_go_live_at": null}}, {"model": "wagtailcore.revision", "pk": 28, "fields": {"content_type": 30, "base_content_type": 1, "object_id": "4", "created_at": "2026-02-21T02:29:08.929Z", "user": 1, "object_str": "Kafan By Munshi Premchand", "content": {"pk": 4, "path": "000100010001", "depth": 3, "numchild": 0, "translation_key": "66568e76-1e80-41bb-ab5d-b66727722dff", "locale": 1, "latest_revision": 27, "live": true, "has_unpublished_changes": true, "first_published_at": "2026-02-21T00:37:53.615Z", "last_published_at": "2026-02-21T01:13:53.955Z", "live_revision": 5, "go_live_at": null, "expire_at": null, "expired": false, "locked": false, "locked_at": null, "locked_by": null, "title": "Kafan By Munshi Premchand", "draft_title": "Kafan By Munshi Premchand", "slug": "kafan-by-premachand", "content_type": 30, "url_path": "/home/kafan-by-premachand/", "owner": 1, "seo_title": "", "show_in_menus": false, "search_description": "", "latest_revision_created_at": "2026-02-21T02:29:08.060Z", "alias_of": null, "author": "Reading Club, Ayush", "date": "2026-02-21", "intro": "", "main_image": 1, "body": "[{\"type\": \"paragraph\", \"value\": \"<p data-block-key=\\\"w3k0p\\\">On This day, we did our reading session on kafan with two new juniors added to Our Reading Club, The Session went well as everyone enjoyed learning about new perspective on this great masterpiece.</p><p data-block-key=\\\"fm25b\\\"></p><h4 data-block-key=\\\"18fgi\\\">Special Thanks To The Presenters:</h4><ul><li data-block-key=\\\"8k8ao\\\">Pradipta Poddar</li><li data-block-key=\\\"5l6mh\\\">Shirin Ebadi</li><li data-block-key=\\\"8umke\\\">Asmita ray</li><li data-block-key=\\\"abe2v\\\">Fida E Islam</li><li data-block-key=\\\"f210h\\\">Samiran Barman</li></ul>\", \"id\": \"9eb3b457-09e9-4edc-b24d-6700fba4c273\"}, {\"type\": \"image\", \"value\": 2, \"id\": \"a271eec4-4f5e-4e84-b815-edb09cb3ef18\"}]", "wagtail_admin_comments": []}, "approved_go_live_at": null}}, {"model": "wagtailcore.revision", "pk": 29, "fields": {"content_type": 30, "base_content_type": 1, "object_id": "4", "created_at": "2026-02-21T02:29:54.112Z", "user": 1, "object_str": "Kafan By Munshi Premchand", "content": {"pk": 4, "path": "000100010001", "depth": 3, "numchild": 0, "translation_key": "66568e76-1e80-41bb-ab5d-b66727722dff", "locale": 1, "latest_revision": 29, "live": true, "has_unpublished_changes": true, "first_published_at": "2026-02-21T00:37:53.615Z", "last_published_at": "2026-02-21T01:13:53.955Z", "live_revision": 5, "go_live_at": null, "expire_at": null, "expired": false, "locked": false, "locked_at": null, "locked_by": null, "title": "Kafan By Munshi Premchand", "draft_title": "Kafan By Munshi Premchand", "slug": "kafan-by-premachand", "content_type": 30, "url_path": "/home/kafan-by-premachand/", "owner": 1, "seo_title": "", "show_in_menus": false, "search_description": "", "latest_revision_created_at": "2026-02-21T02:29:51.108Z", "alias_of": null, "author": "Reading Club, Ayush", "date": "2026-02-21", "intro": "Kafan is a short story by Munshi Premchand, this short story was the topic for reading club's recent session", "main_image": 1, "body": "[{\"type\": \"paragraph\", \"value\": \"<p data-block-key=\\\"w3k0p\\\">On This day, we did our reading session on kafan with two new juniors added to Our Reading Club, The Session went well as everyone enjoyed learning about new perspective on this great masterpiece.</p><p data-block-key=\\\"fm25b\\\"></p><h4 data-block-key=\\\"18fgi\\\">Special Thanks To The Presenters:</h4><ul><li data-block-key=\\\"8k8ao\\\">Pradipta Poddar</li><li data-block-key=\\\"5l6mh\\\">Shirin Ebadi</li><li data-block-key=\\\"8umke\\\">Asmita ray</li><li data-block-key=\\\"abe2v\\\">Fida E Islam</li><li data-block-key=\\\"f210h\\\">Samiran Barman</li></ul>\", \"id\": \"9eb3b457-09e9-4edc-b24d-6700fba4c273\"}, {\"type\": \"image\", \"value\": 2, \"id\": \"a271eec4-4f5e-4e84-b815-edb09cb3ef18\"}]", "wagtail_admin_comments": []}, "approved_go_live_at": null}}, {"model": "wagtailcore.revision", "pk": 30, "fields": {"content_type": 30, "base_content_type": 1, "object_id": "4", "created_at": "2026-02-21T02:29:54.369Z", "user": 1, "object_str": "Kafan By Munshi Premchand", "content": {"pk": 4, "path": "000100010001", "depth": 3, "numchild": 0, "translation_key": "66568e76-1e80-41bb-ab5d-b66727722dff", "locale": 1, "latest_revision": 29, "live": true, "has_unpublished_changes": true, "first_published_at": "2026-02-21T00:37:53.615Z", "last_published_at": "2026-02-21T01:13:53.955Z", "live_revision": 5, "go_live_at": null, "expire_at": null, "expired": false, "locked": false, "locked_at": null, "locked_by": null, "title": "Kafan By Munshi Premchand", "draft_title": "Kafan By Munshi Premchand", "slug": "kafan-by-premachand", "content_type": 30, "url_path": "/home/kafan-by-premachand/", "owner": 1, "seo_title": "", "show_in_menus": false, "search_description": "", "latest_revision_created_at": "2026-02-21T02:29:54.112Z", "alias_of": null, "author": "Reading Club, Ayush", "date": "2026-02-21", "intro": "Kafan is a short story by Munshi Premchand, this short story was the topic for reading club's recent session", "main_image": 1, "body": "[{\"type\": \"paragraph\", \"value\": \"<p data-block-key=\\\"w3k0p\\\">On This day, we did our reading session on kafan with two new juniors added to Our Reading Club, The Session went well as everyone enjoyed learning about new perspective on this great masterpiece.</p><p data-block-key=\\\"fm25b\\\"></p><h4 data-block-key=\\\"18fgi\\\">Special Thanks To The Presenters:</h4><ul><li data-block-key=\\\"8k8ao\\\">Pradipta Poddar</li><li data-block-key=\\\"5l6mh\\\">Shirin Ebadi</li><li data-block-key=\\\"8umke\\\">Asmita ray</li><li data-block-key=\\\"abe2v\\\">Fida E Islam</li><li data-block-key=\\\"f210h\\\">Samiran Barman</li></ul>\", \"id\": \"9eb3b457-09e9-4edc-b24d-6700fba4c273\"}, {\"type\": \"image\", \"value\": 2, \"id\": \"a271eec4-4f5e-4e84-b815-edb09cb3ef18\"}]", "wagtail_admin_comments": []}, "approved_go_live_at": null}}, {"model": "wagtailcore.revision", "pk": 31, "fields": {"content_type": 30, "base_content_type": 1, "object_id": "4", "created_at": "2026-02-21T02:29:59.037Z", "user": 1, "object_str": "Kafan By Munshi Premchand", "content": {"pk": 4, "path": "000100010001", "depth": 3, "numchild": 0, "translation_key": "66568e76-1e80-41bb-ab5d-b66727722dff", "locale": 1, "latest_revision": 30, "live": true, "has_unpublished_changes": true, "first_published_at": "2026-02-21T00:37:53.615Z", "last_published_at": "2026-02-21T01:13:53.955Z", "live_revision": 5, "go_live_at": null, "expire_at": null, "expired": false, "locked": false, "locked_at": null, "locked_by": null, "title": "Kafan By Munshi Premchand", "draft_title": "Kafan By Munshi Premchand", "slug": "kafan-by-premachand", "content_type": 30, "url_path": "/home/kafan-by-premachand/", "owner": 1, "seo_title": "", "show_in_menus": false, "search_description": "", "latest_revision_created_at": "2026-02-21T02:29:54.369Z", "alias_of": null, "author": "Reading Club, Ayush", "date": "2026-02-21", "intro": "Kafan is a short story by Munshi Premchand, this short story was the topic for reading club's recent session", "main_image": 1, "body": "[{\"type\": \"paragraph\", \"value\": \"<p data-block-key=\\\"w3k0p\\\">On This day, we did our reading session on kafan with two new juniors added to Our Reading Club, The Session went well as everyone enjoyed learning about new perspective on this great masterpiece.</p><p data-block-key=\\\"fm25b\\\"></p><h4 data-block-key=\\\"18fgi\\\">Special Thanks To The Presenters:</h4><ul><li data-block-key=\\\"8k8ao\\\">Pradipta Poddar</li><li data-block-key=\\\"5l6mh\\\">Shirin Ebadi</li><li data-block-key=\\\"8umke\\\">Asmita ray</li><li data-block-key=\\\"abe2v\\\">Fida E Islam</li><li data-block-key=\\\"f210h\\\">Samiran Barman</li></ul>\", \"id\": \"9eb3b457-09e9-4edc-b24d-6700fba4c273\"}, {\"type\": \"image\", \"value\": 2, \"id\": \"a271eec4-4f5e-4e84-b815-edb09cb3ef18\"}]", "wagtail_admin_comments": []}, "approved_go_live_at": null}}, {"model": "wagtailcore.revision", "pk": 32, "fields": {"content_type": 47, "base_content_type": 1, "object_id": "7", "created_at": "2026-02-21T02:31:17.432Z", "user": 1, "object_str": "Cine Club", "content": {"pk": 7, "path": "000100010004", "depth": 3, "numchild": 0, "translation_key": "0102c957-6559-40d1-a22d-f5b84519358f", "locale": 1, "latest_revision": 23, "live": true, "has_unpublished_changes": false, "first_published_at": "2026-02-21T02:27:40.396Z", "last_published_at": "2026-02-21T02:27:40.396Z", "live_revision": 23, "go_live_at": null, "expire_at": null, "expired": false, "locked": false, "locked_at": null, "locked_by": null, "title": "Cine Club", "draft_title": "Cine Club", "slug": "cine-club", "content_type": 47, "url_path": "/home/cine-club/", "owner": 1, "seo_title": "", "show_in_menus": false, "search_description": "", "latest_revision_created_at": "2026-02-21T02:27:06.508Z", "alias_of": null, "description": "", "club_image": 2, "wagtail_admin_comments": []}, "approved_go_live_at": null}}, {"model": "wagtailcore.revision", "pk": 33, "fields": {"content_type": 47, "base_content_type": 1, "object_id": "7", "created_at": "2026-02-21T02:31:19.874Z", "user": 1, "object_str": "Cine Club", "content": {"pk": 7, "path": "000100010004", "depth": 3, "numchild": 0, "translation_key": "0102c957-6559-40d1-a22d-f5b84519358f", "locale": 1, "latest_revision": 32, "live": true, "has_unpublished_changes": true, "first_published_at": "2026-02-21T02:27:40.396Z", "last_published_at": "2026-02-21T02:27:40.396Z", "live_revision": 23, "go_live_at": null, "expire_at": null, "expired": false, "locked": false, "locked_at": null, "locked_by": null, "title": "Cine Club", "draft_title": "Cine Club", "slug": "cine-club", "content_type": 47, "url_path": "/home/cine-club/", "owner": 1, "seo_title": "", "show_in_menus": false, "search_description": "", "latest_revision_created_at": "2026-02-21T02:31:17.432Z", "alias_of": null, "description": "", "club_image": 2, "wagtail_admin_comments": []}, "approved_go_live_at": null}}, {"model": "wagtailcore.revision", "pk": 34, "fields": {"content_type": 47, "base_content_type": 1, "object_id": "7", "created_at": "2026-02-21T02:31:55.482Z", "user": 1, "object_str": "Cine Club", "content": {"pk": 7, "path": "000100010004", "depth": 3, "numchild": 0, "translation_key": "0102c957-6559-40d1-a22d-f5b84519358f", "locale": 1, "latest_revision": 33, "live": true, "has_unpublished_changes": false, "first_published_at": "2026-02-21T02:27:40.396Z", "last_published_at": "2026-02-21T02:31:37.345Z", "live_revision": 33, "go_live_at": null, "expire_at": null, "expired": false, "locked": false, "locked_at": null, "locked_by": null, "title": "Cine Club", "draft_title": "Cine Club", "slug": "cine-club", "content_type": 47, "url_path": "/home/cine-club/", "owner": 1, "seo_title": "", "show_in_menus": false, "search_description": "", "latest_revision_created_at": "2026-02-21T02:31:19.874Z", "alias_of": null, "description": "", "club_image": null, "wagtail_admin_comments": []}, "approved_go_live_at": null}}, {"model": "wagtailcore.revision", "pk": 35, "fields": {"content_type": 47, "base_content_type": 1, "object_id": "7", "created_at": "2026-02-21T02:35:19.705Z", "user": 1, "object_str": "Cine Club", "content": {"pk": 7, "path": "000100010004", "depth": 3, "numchild": 0, "translation_key": "0102c957-6559-40d1-a22d-f5b84519358f", "locale": 1, "latest_revision": 35, "live": true, "has_unpublished_changes": true, "first_published_at": "2026-02-21T02:27:40.396Z", "last_published_at": "2026-02-21T02:32:05.409Z", "live_revision": 34, "go_live_at": null, "expire_at": null, "expired": false, "locked": false, "locked_at": null, "locked_by": null, "title": "Cine Club", "draft_title": "Cine Club", "slug": "cine-club", "content_type": 47, "url_path": "/home/cine-club/", "owner": 1, "seo_title": "", "show_in_menus": false, "search_description": "", "latest_revision_created_at": "2026-02-21T02:35:12.713Z", "alias_of": null, "description": "<p data-block-key=\"jqt3j\">hello there</p>", "club_image": null, "wagtail_admin_comments": []}, "approved_go_live_at": null}}, {"model": "wagtailcore.revision", "pk": 38, "fields": {"content_type": 47, "base_content_type": 1, "object_id": "10", "created_at": "2026-02-21T02:41:07.864Z", "user": 1, "object_str": "Reading Club", "content": {"pk": 10, "path": "000100010006", "depth": 3, "numchild": 0, "translation_key": "961a0385-876d-46b9-b609-180340191faa", "locale": 1, "latest_revision": null, "live": false, "has_unpublished_changes": false, "first_published_at": null, "last_published_at": null, "live_revision": null, "go_live_at": null, "expire_at": null, "expired": false, "locked": false, "locked_at": null, "locked_by": null, "title": "Reading Club", "draft_title": "Reading Club", "slug": "reading-club", "content_type": 47, "url_path": "/home/reading-club/", "owner": 1, "seo_title": "", "show_in_menus": false, "search_description": "", "latest_revision_created_at": null, "alias_of": null, "description": "", "club_image": null, "wagtail_admin_comments": []}, "approved_go_live_at": null}}, {"model": "wagtailcore.revision", "pk": 39, "fields": {"content_type": 47, "base_content_type": 1, "object_id": "10", "created_at": "2026-02-21T02:41:14.694Z", "user": 1, "object_str": "Reading Club", "content": {"pk": 10, "path": "000100010006", "depth": 3, "numchild": 0, "translation_key": "961a0385-876d-46b9-b609-180340191faa", "locale": 1, "latest_revision": 38, "live": false, "has_unpublished_changes": true, "first_published_at": null, "last_published_at": null, "live_revision": null, "go_live_at": null, "expire_at": null, "expired": false, "locked": false, "locked_at": null, "locked_by": null, "title": "Reading Club", "draft_title": "Reading Club", "slug": "reading-club", "content_type": 47, "url_path": "/home/reading-club/", "owner": 1, "seo_title": "", "show_in_menus": false, "search_description": "", "latest_revision_created_at": "2026-02-21T02:41:07.864Z", "alias_of": null, "description": "", "club_image": null, "wagtail_admin_comments": []}, "approved_go_live_at": null}}, {"model": "wagtailcore.revision", "pk": 40, "fields": {"content_type": 30, "base_content_type": 1, "object_id": "4", "created_at": "2026-02-21T02:44:13.104Z", "user": 1, "object_str": "Kafan By Munshi Premchand", "content": {"pk": 4, "path": "0001000100060001", "depth": 4, "numchild": 0, "translation_key": "66568e76-1e80-41bb-ab5d-b66727722dff", "locale": 1, "latest_revision": 31, "live": true, "has_unpublished_changes": false, "first_published_at": "2026-02-21T00:37:53.615Z", "last_published_at": "2026-02-21T02:30:16.334Z", "live_revision": 31, "go_live_at": null, "expire_at": null, "expired": false, "locked": false, "locked_at": null, "locked_by": null, "title": "Kafan By Munshi Premchand", "draft_title": "Kafan By Munshi Premchand", "slug": "kafan-by-premachand", "content_type": 30, "url_path": "/home/reading-club/kafan-by-premachand/", "owner": 1, "seo_title": "", "show_in_menus": false, "search_description": "", "latest_revision_created_at": "2026-02-21T02:29:59.037Z", "alias_of": null, "author": "Reading Club, Ayush", "date": "2026-02-21", "intro": "Kafan is a short story by Munshi Premchand, this short story was the topic for reading club's recent session", "main_image": 2, "body": "[{\"type\": \"paragraph\", \"value\": \"<p data-block-key=\\\"w3k0p\\\">On This day, we did our reading session on kafan with two new juniors added to Our Reading Club, The Session went well as everyone enjoyed learning about new perspective on this great masterpiece.</p><p data-block-key=\\\"fm25b\\\"></p><h4 data-block-key=\\\"18fgi\\\">Special Thanks To The Presenters:</h4><ul><li data-block-key=\\\"8k8ao\\\">Pradipta Poddar</li><li data-block-key=\\\"5l6mh\\\">Shirin Ebadi</li><li data-block-key=\\\"8umke\\\">Asmita ray</li><li data-block-key=\\\"abe2v\\\">Fida E Islam</li><li data-block-key=\\\"f210h\\\">Samiran Barman</li></ul>\", \"id\": \"9eb3b457-09e9-4edc-b24d-6700fba4c273\"}, {\"type\": \"image\", \"value\": 2, \"id\": \"a271eec4-4f5e-4e84-b815-edb09cb3ef18\"}]", "wagtail_admin_comments": []}, "approved_go_live_at": null}}, {"model": "wagtailcore.revision", "pk": 41, "fields": {"content_type": 30, "base_content_type": 1, "object_id": "4", "created_at": "2026-02-21T02:44:17.457Z", "user": 1, "object_str": "Kafan By Munshi Premchand", "content": {"pk": 4, "path": "0001000100060001", "depth": 4, "numchild": 0, "translation_key": "66568e76-1e80-41bb-ab5d-b66727722dff", "locale": 1, "latest_revision": 40, "live": true, "has_unpublished_changes": true, "first_published_at": "2026-02-21T00:37:53.615Z", "last_published_at": "2026-02-21T02:30:16.334Z", "live_revision": 31, "go_live_at": null, "expire_at": null, "expired": false, "locked": false, "locked_at": null, "locked_by": null, "title": "Kafan By Munshi Premchand", "draft_title": "Kafan By Munshi Premchand", "slug": "kafan-by-premachand", "content_type": 30, "url_path": "/home/reading-club/kafan-by-premachand/", "owner": 1, "seo_title": "", "show_in_menus": false, "search_description": "", "latest_revision_created_at": "2026-02-21T02:44:13.104Z", "alias_of": null, "author": "Reading Club, Ayush", "date": "2026-02-21", "intro": "Kafan is a short story by Munshi Premchand, this short story was the topic for reading club's recent session", "main_image": 2, "body": "[{\"type\": \"paragraph\", \"value\": \"<p data-block-key=\\\"w3k0p\\\">On This day, we did our reading session on kafan with two new juniors added to Our Reading Club, The Session went well as everyone enjoyed learning about new perspective on this great masterpiece.</p><p data-block-key=\\\"fm25b\\\"></p><h4 data-block-key=\\\"18fgi\\\">Special Thanks To The Presenters:</h4><ul><li data-block-key=\\\"8k8ao\\\">Pradipta Poddar</li><li data-block-key=\\\"5l6mh\\\">Shirin Ebadi</li><li data-block-key=\\\"8umke\\\">Asmita ray</li><li data-block-key=\\\"abe2v\\\">Fida E Islam</li><li data-block-key=\\\"f210h\\\">Samiran Barman</li></ul>\", \"id\": \"9eb3b457-09e9-4edc-b24d-6700fba4c273\"}, {\"type\": \"image\", \"value\": 1, \"id\": \"a271eec4-4f5e-4e84-b815-edb09cb3ef18\"}]", "wagtail_admin_comments": []}, "approved_go_live_at": null}}, {"model": "wagtailcore.revision", "pk": 42, "fields": {"content_type": 30, "base_content_type": 1, "object_id": "4", "created_at": "2026-02-21T02:44:31.079Z", "user": 1, "object_str": "Kafan By Munshi Premchand", "content": {"pk": 4, "path": "0001000100060001", "depth": 4, "numchild": 0, "translation_key": "66568e76-1e80-41bb-ab5d-b66727722dff", "locale": 1, "latest_revision": 41, "live": true, "has_unpublished_changes": true, "first_published_at": "2026-02-21T00:37:53.615Z", "last_published_at": "2026-02-21T02:30:16.334Z", "live_revision": 31, "go_live_at": null, "expire_at": null, "expired": false, "locked": false, "locked_at": null, "locked_by": null, "title": "Kafan By Munshi Premchand", "draft_title": "Kafan By Munshi Premchand", "slug": "kafan-by-premachand", "content_type": 30, "url_path": "/home/reading-club/kafan-by-premachand/", "owner": 1, "seo_title": "", "show_in_menus": false, "search_description": "", "latest_revision_created_at": "2026-02-21T02:44:17.457Z", "alias_of": null, "author": "Reading Club, Ayush", "date": "2026-02-21", "intro": "Kafan is a short story by Munshi Premchand, this short story was the topic for reading club's recent session", "main_image": 2, "body": "[{\"type\": \"paragraph\", \"value\": \"<p data-block-key=\\\"w3k0p\\\">On This day, we did our reading session on kafan with two new juniors added to Our Reading Club, The Session went well as everyone enjoyed learning about new perspective on this great masterpiece.</p><p data-block-key=\\\"fm25b\\\"></p><h4 data-block-key=\\\"18fgi\\\">Special Thanks To The Presenters:</h4><ul><li data-block-key=\\\"8k8ao\\\">Pradipta Poddar</li><li data-block-key=\\\"5l6mh\\\">Shirin Ebadi</li><li data-block-key=\\\"8umke\\\">Asmita ray</li><li data-block-key=\\\"abe2v\\\">Fida E Islam</li><li data-block-key=\\\"f210h\\\">Samiran Barman</li></ul>\", \"id\": \"9eb3b457-09e9-4edc-b24d-6700fba4c273\"}, {\"type\": \"image\", \"value\": 1, \"id\": \"a271eec4-4f5e-4e84-b815-edb09cb3ef18\"}]", "wagtail_admin_comments": []}, "approved_go_live_at": null}}, {"model": "wagtailcore.revision", "pk": 43, "fields": {"content_type": 47, "base_content_type": 1, "object_id": "10", "created_at": "2026-02-21T02:54:24.661Z", "user": 1, "object_str": "Reading Club", "content": {"pk": 10, "path": "000100010006", "depth": 3, "numchild": 1, "translation_key": "961a0385-876d-46b9-b609-180340191faa", "locale": 1, "latest_revision": 43, "live": true, "has_unpublished_changes": true, "first_published_at": "2026-02-21T02:41:33.926Z", "last_published_at": "2026-02-21T02:41:33.926Z", "live_revision": 39, "go_live_at": null, "expire_at": null, "expired": false, "locked": false, "locked_at": null, "locked_by": null, "title": "Reading Club", "draft_title": "Reading Club", "slug": "reading-club", "content_type": 47, "url_path": "/home/reading-club/", "owner": 1, "seo_title": "", "show_in_menus": false, "search_description": "", "latest_revision_created_at": "2026-02-21T02:54:21.665Z", "alias_of": null, "president_name": "Shirin Ebadi", "description": "", "club_image": null, "wagtail_admin_comments": []}, "approved_go_live_at": null}}, {"model": "wagtailcore.revision", "pk": 44, "fields": {"content_type": 47, "base_content_type": 1, "object_id": "10", "created_at": "2026-02-21T02:54:27.371Z", "user": 1, "object_str": "Reading Club", "content": {"pk": 10, "path": "000100010006", "depth": 3, "numchild": 1, "translation_key": "961a0385-876d-46b9-b609-180340191faa", "locale": 1, "latest_revision": 43, "live": true, "has_unpublished_changes": true, "first_published_at": "2026-02-21T02:41:33.926Z", "last_published_at": "2026-02-21T02:41:33.926Z", "live_revision": 39, "go_live_at": null, "expire_at": null, "expired": false, "locked": false, "locked_at": null, "locked_by": null, "title": "Reading Club", "draft_title": "Reading Club", "slug": "reading-club", "content_type": 47, "url_path": "/home/reading-club/", "owner": 1, "seo_title": "", "show_in_menus": false, "search_description": "", "latest_revision_created_at": "2026-02-21T02:54:24.661Z", "alias_of": null, "president_name": "Shirin Ebadi", "description": "", "club_image": null, "wagtail_admin_comments": []}, "approved_go_live_at": null}}, {"model": "wagtailcore.revision", "pk": 45, "fields": {"content_type": 47, "base_content_type": 1, "object_id": "10", "created_at": "2026-02-21T02:54:33.061Z", "user": 1, "object_str": "Reading Club", "content": {"pk": 10, "path": "000100010006", "depth": 3, "numchild": 1, "translation_key": "961a0385-876d-46b9-b609-180340191faa", "locale": 1, "latest_revision": 44, "live": true, "has_unpublished_changes": true, "first_published_at": "2026-02-21T02:41:33.926Z", "last_published_at": "2026-02-21T02:41:33.926Z", "live_revision": 39, "go_live_at": null, "expire_at": null, "expired": false, "locked": false, "locked_at": null, "locked_by": null, "title": "Reading Club", "draft_title": "Reading Club", "slug": "reading-club", "content_type": 47, "url_path": "/home/reading-club/", "owner": 1, "seo_title": "", "show_in_menus": false, "search_description": "", "latest_revision_created_at": "2026-02-21T02:54:27.371Z", "alias_of": null, "president_name": "Shirin Ebadi", "description": "", "club_image": 1, "wagtail_admin_comments": []}, "approved_go_live_at": null}}, {"model": "wagtailcore.revision", "pk": 46, "fields": {"content_type": 47, "base_content_type": 1, "object_id": "10", "created_at": "2026-02-21T02:54:46.102Z", "user": 1, "object_str": "Reading Club", "content": {"pk": 10, "path": "000100010006", "depth": 3, "numchild": 1, "translation_key": "961a0385-876d-46b9-b609-180340191faa", "locale": 1, "latest_revision": 45, "live": true, "has_unpublished_changes": true, "first_published_at": "2026-02-21T02:41:33.926Z", "last_published_at": "2026-02-21T02:41:33.926Z", "live_revision": 39, "go_live_at": null, "expire_at": null, "expired": false, "locked": false, "locked_at": null, "locked_by": null, "title": "Reading Club", "draft_title": "Reading Club", "slug": "reading-club", "content_type": 47, "url_path": "/home/reading-club/", "owner": 1, "seo_title": "", "show_in_menus": false, "search_description": "", "latest_revision_created_at": "2026-02-21T02:54:33.061Z", "alias_of": null, "president_name": "Shirin Ebadi", "description": "", "club_image": 1, "wagtail_admin_comments": []}, "approved_go_live_at": null}}, {"model": "wagtailcore.revision", "pk": 47, "fields": {"content_type": 47, "base_content_type": 1, "object_id": "7", "created_at": "2026-02-21T02:55:29.376Z", "user": 1, "object_str": "Cine Club", "content": {"pk": 7, "path": "000100010004", "depth": 3, "numchild": 0, "translation_key": "0102c957-6559-40d1-a22d-f5b84519358f", "locale": 1, "latest_revision": 47, "live": true, "has_unpublished_changes": true, "first_published_at": "2026-02-21T02:27:40.396Z", "last_published_at": "2026-02-21T02:42:31.424Z", "live_revision": 35, "go_live_at": null, "expire_at": null, "expired": false, "locked": false, "locked_at": null, "locked_by": null, "title": "Cine Club", "draft_title": "Cine Club", "slug": "cine-club", "content_type": 47, "url_path": "/home/cine-club/", "owner": 1, "seo_title": "", "show_in_menus": false, "search_description": "", "latest_revision_created_at": "2026-02-21T02:55:23.293Z", "alias_of": null, "president_name": "Samiran Barman", "description": "", "club_image": null, "wagtail_admin_comments": []}, "approved_go_live_at": null}}, {"model": "wagtailcore.revision", "pk": 48, "fields": {"content_type": 47, "base_content_type": 1, "object_id": "7", "created_at": "2026-02-21T02:55:29.441Z", "user": 1, "object_str": "Cine Club", "content": {"pk": 7, "path": "000100010004", "depth": 3, "numchild": 0, "translation_key": "0102c957-6559-40d1-a22d-f5b84519358f", "locale": 1, "latest_revision": 47, "live": true, "has_unpublished_changes": true, "first_published_at": "2026-02-21T02:27:40.396Z", "last_published_at": "2026-02-21T02:42:31.424Z", "live_revision": 35, "go_live_at": null, "expire_at": null, "expired": false, "locked": false, "locked_at": null, "locked_by": null, "title": "Cine Club", "draft_title": "Cine Club", "slug": "cine-club", "content_type": 47, "url_path": "/home/cine-club/", "owner": 1, "seo_title": "", "show_in_menus": false, "search_description": "", "latest_revision_created_at": "2026-02-21T02:55:23.293Z", "alias_of": null, "president_name": "Samiran Barman", "description": "", "club_image": null, "wagtail_admin_comments": []}, "approved_go_live_at": null}}, {"model": "wagtailcore.revision", "pk": 49, "fields": {"content_type": 47, "base_content_type": 1, "object_id": "8", "created_at": "2026-02-21T02:55:39.991Z", "user": 1, "object_str": "Quiz Club", "content": {"pk": 8, "path": "000100010005", "depth": 3, "numchild": 0, "translation_key": "c21d2bd2-5ef1-40bb-ab25-e68bd4cd2e3b", "locale": 1, "latest_revision": 25, "live": true, "has_unpublished_changes": false, "first_published_at": "2026-02-21T02:28:15.802Z", "last_published_at": "2026-02-21T02:28:15.802Z", "live_revision": 25, "go_live_at": null, "expire_at": null, "expired": false, "locked": false, "locked_at": null, "locked_by": null, "title": "Quiz Club", "draft_title": "Quiz Club", "slug": "quiz-club", "content_type": 47, "url_path": "/home/quiz-club/", "owner": 1, "seo_title": "", "show_in_menus": false, "search_description": "", "latest_revision_created_at": "2026-02-21T02:28:01.144Z", "alias_of": null, "president_name": "Samiran Barman", "description": "", "club_image": null, "wagtail_admin_comments": []}, "approved_go_live_at": null}}, {"model": "wagtailcore.revision", "pk": 50, "fields": {"content_type": 47, "base_content_type": 1, "object_id": "11", "created_at": "2026-02-21T03:24:51.887Z", "user": 1, "object_str": "Debate Club", "content": {"pk": 11, "path": "000100010007", "depth": 3, "numchild": 0, "translation_key": "7b212c50-c118-444d-9981-26d7002d564e", "locale": 1, "latest_revision": 50, "live": false, "has_unpublished_changes": true, "first_published_at": null, "last_published_at": null, "live_revision": null, "go_live_at": null, "expire_at": null, "expired": false, "locked": false, "locked_at": null, "locked_by": null, "title": "Debate Club", "draft_title": "Debate Club", "slug": "debate-club", "content_type": 47, "url_path": "/home/debate-club/", "owner": 1, "seo_title": "", "show_in_menus": false, "search_description": "", "latest_revision_created_at": "2026-02-21T03:24:47.902Z", "alias_of": null, "president_name": "Pradipta Poddar", "description": "", "club_image": null, "wagtail_admin_comments": []}, "approved_go_live_at": null}}, {"model": "wagtailcore.revision", "pk": 51, "fields": {"content_type": 47, "base_content_type": 1, "object_id": "11", "created_at": "2026-02-21T03:24:54.202Z", "user": 1, "object_str": "Debate Club", "content": {"pk": 11, "path": "000100010007", "depth": 3, "numchild": 0, "translation_key": "7b212c50-c118-444d-9981-26d7002d564e", "locale": 1, "latest_revision": 50, "live": false, "has_unpublished_changes": true, "first_published_at": null, "last_published_at": null, "live_revision": null, "go_live_at": null, "expire_at": null, "expired": false, "locked": false, "locked_at": null, "locked_by": null, "title": "Debate Club", "draft_title": "Debate Club", "slug": "debate-club", "content_type": 47, "url_path": "/home/debate-club/", "owner": 1, "seo_title": "", "show_in_menus": false, "search_description": "", "latest_revision_created_at": "2026-02-21T03:24:51.887Z", "alias_of": null, "president_name": "Pradipta Poddar", "description": "", "club_image": null, "wagtail_admin_comments": []}, "approved_go_live_at": null}}, {"model": "wagtailcore.revision", "pk": 52, "fields": {"content_type": 47, "base_content_type": 1, "object_id": "12", "created_at": "2026-02-21T03:25:14.552Z", "user": 1, "object_str": "Beautification Club", "content": {"pk": 12, "path": "000100010008", "depth": 3, "numchild": 0, "translation_key": "7af65bf9-6af2-4331-8532-6d8cc514410c", "locale": 1, "latest_revision": 52, "live": false, "has_unpublished_changes": true, "first_published_at": null, "last_published_at": null, "live_revision": null, "go_live_at": null, "expire_at": null, "expired": false, "locked": false, "locked_at": null, "locked_by": null, "title": "Beautification Club", "draft_title": "Beautification", "slug": "beautification-club", "content_type": 47, "url_path": "/home/beautification-club/", "owner": 1, "seo_title": "", "show_in_menus": false, "search_description": "", "latest_revision_created_at": "2026-02-21T03:25:10.546Z", "alias_of": null, "president_name": "", "description": "", "club_image": null, "wagtail_admin_comments": []}, "approved_go_live_at": null}}, {"model": "wagtailcore.revision", "pk": 53, "fields": {"content_type": 47, "base_content_type": 1, "object_id": "12", "created_at": "2026-02-21T03:25:18.840Z", "user": 1, "object_str": "Beautification Club", "content": {"pk": 12, "path": "000100010008", "depth": 3, "numchild": 0, "translation_key": "7af65bf9-6af2-4331-8532-6d8cc514410c", "locale": 1, "latest_revision": 52, "live": false, "has_unpublished_changes": true, "first_published_at": null, "last_published_at": null, "live_revision": null, "go_live_at": null, "expire_at": null, "expired": false, "locked": false, "locked_at": null, "locked_by": null, "title": "Beautification Club", "draft_title": "Beautification Club", "slug": "beautification-club", "content_type": 47, "url_path": "/home/beautification-club/", "owner": 1, "seo_title": "", "show_in_menus": false, "search_description": "", "latest_revision_created_at": "2026-02-21T03:25:14.552Z", "alias_of": null, "president_name": "", "description": "", "club_image": null, "wagtail_admin_comments": []}, "approved_go_live_at": null}}, {"model": "wagtailcore.revision", "pk": 54, "fields": {"content_type": 47, "base_content_type": 1, "object_id": "12", "created_at": "2026-02-21T03:25:24.610Z", "user": 1, "object_str": "Beautification Club", "content": {"pk": 12, "path": "000100010008", "depth": 3, "numchild": 0, "translation_key": "7af65bf9-6af2-4331-8532-6d8cc514410c", "locale": 1, "latest_revision": 53, "live": false, "has_unpublished_changes": true, "first_published_at": null, "last_published_at": null, "live_revision": null, "go_live_at": null, "expire_at": null, "expired": false, "locked": false, "locked_at": null, "locked_by": null, "title": "Beautification Club", "draft_title": "Beautification Club", "slug": "beautification-club", "content_type": 47, "url_path": "/home/beautification-club/", "owner": 1, "seo_title": "", "show_in_menus": false, "search_description": "", "latest_revision_created_at": "2026-02-21T03:25:18.840Z", "alias_of": null, "president_name": "Pradipta Poddar", "description": "", "club_image": null, "wagtail_admin_comments": []}, "approved_go_live_at": null}}, {"model": "wagtailcore.revision", "pk": 55, "fields": {"content_type": 47, "base_content_type": 1, "object_id": "12", "created_at": "2026-02-21T03:25:24.745Z", "user": 1, "object_str": "Beautification Club", "content": {"pk": 12, "path": "000100010008", "depth": 3, "numchild": 0, "translation_key": "7af65bf9-6af2-4331-8532-6d8cc514410c", "locale": 1, "latest_revision": 53, "live": false, "has_unpublished_changes": true, "first_published_at": null, "last_published_at": null, "live_revision": null, "go_live_at": null, "expire_at": null, "expired": false, "locked": false, "locked_at": null, "locked_by": null, "title": "Beautification Club", "draft_title": "Beautification Club", "slug": "beautification-club", "content_type": 47, "url_path": "/home/beautification-club/", "owner": 1, "seo_title": "", "show_in_menus": false, "search_description": "", "latest_revision_created_at": "2026-02-21T03:25:18.840Z", "alias_of": null, "president_name": "Pradipta Poddar", "description": "", "club_image": null, "wagtail_admin_comments": []}, "approved_go_live_at": null}}, {"model": "wagtailcore.revision", "pk": 56, "fields": {"content_type": 30, "base_content_type": 1, "object_id": "13", "created_at": "2026-02-21T03:55:09.105Z", "user": 1, "object_str": "Sanchar Saathi App a spyware or not?", "content": {"pk": 13, "path": "0001000100070001", "depth": 4, "numchild": 0, "translation_key": "09693bef-67b5-438a-a4a9-546d6088b164", "locale": 1, "latest_revision": 56, "live": false, "has_unpublished_changes": true, "first_published_at": null, "last_published_at": null, "live_revision": null, "go_live_at": null, "expire_at": null, "expired": false, "locked": false, "locked_at": null, "locked_by": null, "title": "Sanchar Saathi App a spyware or not?", "draft_title": "Sanchar Saathi App a spyware or not?", "slug": "sanchar-saathi-app-a-spyware-or-not", "content_type": 30, "url_path": "/home/debate-club/sanchar-saathi-app-a-spyware-or-not/", "owner": 1, "seo_title": "", "show_in_menus": false, "search_description": "", "latest_revision_created_at": "2026-02-21T03:55:06.661Z", "alias_of": null, "author": "Debate club, Ayush", "date": "2026-02-21", "intro": "Debate on sanchar saathi App being a spyware or not?", "main_image": 3, "body": "[]", "wagtail_admin_comments": []}, "approved_go_live_at": null}}, {"model": "wagtailcore.revision", "pk": 57, "fields": {"content_type": 30, "base_content_type": 1, "object_id": "13", "created_at": "2026-02-21T03:55:11.598Z", "user": 1, "object_str": "Sanchar Saathi App a spyware or not?", "content": {"pk": 13, "path": "0001000100070001", "depth": 4, "numchild": 0, "translation_key": "09693bef-67b5-438a-a4a9-546d6088b164", "locale": 1, "latest_revision": 56, "live": false, "has_unpublished_changes": true, "first_published_at": null, "last_published_at": null, "live_revision": null, "go_live_at": null, "expire_at": null, "expired": false, "locked": false, "locked_at": null, "locked_by": null, "title": "Sanchar Saathi App a spyware or not?", "draft_title": "Sanchar Saathi App a spyware or not?", "slug": "sanchar-saathi-app-a-spyware-or-not", "content_type": 30, "url_path": "/home/debate-club/sanchar-saathi-app-a-spyware-or-not/", "owner": 1, "seo_title": "", "show_in_menus": false, "search_description": "", "latest_revision_created_at": "2026-02-21T03:55:09.105Z", "alias_of": null, "author": "Debate club, Ayush", "date": "2026-02-21", "intro": "Debate on sanchar saathi App being a spyware or not?", "main_image": 3, "body": "[]", "wagtail_admin_comments": []}, "approved_go_live_at": null}}, {"model": "wagtailcore.revision", "pk": 58, "fields": {"content_type": 30, "base_content_type": 1, "object_id": "14", "created_at": "2026-02-21T03:59:30.590Z", "user": 1, "object_str": "Maqbool The Movie", "content": {"pk": 14, "path": "0001000100040001", "depth": 4, "numchild": 0, "translation_key": "fe4707ab-2075-4177-9a4f-0aeabcfe4e08", "locale": 1, "latest_revision": 58, "live": false, "has_unpublished_changes": true, "first_published_at": null, "last_published_at": null, "live_revision": null, "go_live_at": null, "expire_at": null, "expired": false, "locked": false, "locked_at": null, "locked_by": null, "title": "Maqbool The Movie", "draft_title": "Maqbool The Movie", "slug": "maqbool-the-movie", "content_type": 30, "url_path": "/home/cine-club/maqbool-the-movie/", "owner": 1, "seo_title": "", "show_in_menus": false, "search_description": "", "latest_revision_created_at": "2026-02-21T03:59:26.601Z", "alias_of": null, "author": "Cine Club, Ayush", "date": "2026-02-21", "intro": "The Screening of Maqbool by Cine", "main_image": null, "body": "[]", "wagtail_admin_comments": []}, "approved_go_live_at": null}}, {"model": "wagtailcore.revision", "pk": 59, "fields": {"content_type": 30, "base_content_type": 1, "object_id": "14", "created_at": "2026-02-21T03:59:32.881Z", "user": 1, "object_str": "Maqbool The Movie", "content": {"pk": 14, "path": "0001000100040001", "depth": 4, "numchild": 0, "translation_key": "fe4707ab-2075-4177-9a4f-0aeabcfe4e08", "locale": 1, "latest_revision": 58, "live": false, "has_unpublished_changes": true, "first_published_at": null, "last_published_at": null, "live_revision": null, "go_live_at": null, "expire_at": null, "expired": false, "locked": false, "locked_at": null, "locked_by": null, "title": "Maqbool The Movie", "draft_title": "Maqbool The Movie", "slug": "maqbool-the-movie", "content_type": 30, "url_path": "/home/cine-club/maqbool-the-movie/", "owner": 1, "seo_title": "", "show_in_menus": false, "search_description": "", "latest_revision_created_at": "2026-02-21T03:59:30.590Z", "alias_of": null, "author": "Cine Club, Ayush", "date": "2026-02-21", "intro": "The Screening of Maqbool by Cine Club", "main_image": null, "body": "[]", "wagtail_admin_comments": []}, "approved_go_live_at": null}}, {"model": "wagtailcore.revision", "pk": 60, "fields": {"content_type": 30, "base_content_type": 1, "object_id": "14", "created_at": "2026-02-21T04:01:15.138Z", "user": 1, "object_str": "Maqbool The Movie", "content": {"pk": 14, "path": "0001000100040001", "depth": 4, "numchild": 0, "translation_key": "fe4707ab-2075-4177-9a4f-0aeabcfe4e08", "locale": 1, "latest_revision": 60, "live": false, "has_unpublished_changes": true, "first_published_at": null, "last_published_at": null, "live_revision": null, "go_live_at": null, "expire_at": null, "expired": false, "locked": false, "locked_at": null, "locked_by": null, "title": "Maqbool The Movie", "draft_title": "Maqbool The Movie", "slug": "maqbool-the-movie", "content_type": 30, "url_path": "/home/cine-club/maqbool-the-movie/", "owner": 1, "seo_title": "", "show_in_menus": false, "search_description": "", "latest_revision_created_at": "2026-02-21T04:01:13.151Z", "alias_of": null, "author": "Cine Club, Ayush", "date": "2026-02-21", "intro": "The Screening of Maqbool by Cine Club", "main_image": null, "body": "[{\"type\": \"paragraph\", \"value\": \"<p data-block-key=\\\"op9j1\\\">Maqbool movie was inspired by the william shakespears one of the greatest piece of work Macbeth, this movie truly shows how corruption can ruin someone's life without them noticing it.  </p>\", \"id\": \"106ef104-a50e-4923-badc-b8f455b2833c\"}]", "wagtail_admin_comments": []}, "approved_go_live_at": null}}, {"model": "wagtailcore.revision", "pk": 61, "fields": {"content_type": 30, "base_content_type": 1, "object_id": "14", "created_at": "2026-02-21T04:01:17.677Z", "user": 1, "object_str": "Maqbool The Movie", "content": {"pk": 14, "path": "0001000100040001", "depth": 4, "numchild": 0, "translation_key": "fe4707ab-2075-4177-9a4f-0aeabcfe4e08", "locale": 1, "latest_revision": 60, "live": false, "has_unpublished_changes": true, "first_published_at": null, "last_published_at": null, "live_revision": null, "go_live_at": null, "expire_at": null, "expired": false, "locked": false, "locked_at": null, "locked_by": null, "title": "Maqbool The Movie", "draft_title": "Maqbool The Movie", "slug": "maqbool-the-movie", "content_type": 30, "url_path": "/home/cine-club/maqbool-the-movie/", "owner": 1, "seo_title": "", "show_in_menus": false, "search_description": "", "latest_revision_created_at": "2026-02-21T04:01:15.138Z", "alias_of": null, "author": "Cine Club, Ayush", "date": "2026-02-21", "intro": "The Screening of Maqbool by Cine Club", "main_image": null, "body": "[{\"type\": \"paragraph\", \"value\": \"<p data-block-key=\\\"op9j1\\\">Maqbool movie was inspired by the william shakespears one of the greatest piece of work Macbeth, this movie truly shows how corruption can ruin someone's life without them noticing it.  </p>\", \"id\": \"106ef104-a50e-4923-badc-b8f455b2833c\"}]", "wagtail_admin_comments": []}, "approved_go_live_at": null}}, {"model": "wagtailcore.revision", "pk": 62, "fields": {"content_type": 30, "base_content_type": 1, "object_id": "15", "created_at": "2026-02-21T04:02:11.617Z", "user": 1, "object_str": "The Passion Of Christ", "content": {"pk": 15, "path": "0001000100040002", "depth": 4, "numchild": 0, "translation_key": "14f84cb6-40cc-4999-b987-cef7fe29e30e", "locale": 1, "latest_revision": 62, "live": false, "has_unpublished_changes": true, "first_published_at": null, "last_published_at": null, "live_revision": null, "go_live_at": null, "expire_at": null, "expired": false, "locked": false, "locked_at": null, "locked_by": null, "title": "The Passion Of Christ", "draft_title": "The Passion Of Christ", "slug": "the-passion-of-christ", "content_type": 30, "url_path": "/home/cine-club/the-passion-of-christ/", "owner": 1, "seo_title": "", "show_in_menus": false, "search_description": "", "latest_revision_created_at": "2026-02-21T04:02:08.143Z", "alias_of": null, "author": "Cine Club, Ayush", "date": "2026-02-21", "intro": "Passion of christ shows us the last 12 hours of christ's life", "main_image": null, "body": "[]", "wagtail_admin_comments": []}, "approved_go_live_at": null}}, {"model": "wagtailcore.revision", "pk": 63, "fields": {"content_type": 30, "base_content_type": 1, "object_id": "15", "created_at": "2026-02-21T04:02:12.318Z", "user": 1, "object_str": "The Passion Of Christ", "content": {"pk": 15, "path": "0001000100040002", "depth": 4, "numchild": 0, "translation_key": "14f84cb6-40cc-4999-b987-cef7fe29e30e", "locale": 1, "latest_revision": 62, "live": false, "has_unpublished_changes": true, "first_published_at": null, "last_published_at": null, "live_revision": null, "go_live_at": null, "expire_at": null, "expired": false, "locked": false, "locked_at": null, "locked_by": null, "title": "The Passion Of Christ", "draft_title": "The Passion Of Christ", "slug": "the-passion-of-christ", "content_type": 30, "url_path": "/home/cine-club/the-passion-of-christ/", "owner": 1, "seo_title": "", "show_in_menus": false, "search_description": "", "latest_revision_created_at": "2026-02-21T04:02:11.617Z", "alias_of": null, "author": "Cine Club, Ayush", "date": "2026-02-21", "intro": "Passion of christ shows us the last 12 hours of christ's life", "main_image": null, "body": "[]", "wagtail_admin_comments": []}, "approved_go_live_at": null}}, {"model": "wagtailcore.revision", "pk": 64, "fields": {"content_type": 30, "base_content_type": 1, "object_id": "15", "created_at": "2026-02-21T04:03:23.551Z", "user": 1, "object_str": "The Passion Of Christ", "content": {"pk": 15, "path": "0001000100040002", "depth": 4, "numchild": 0, "translation_key": "14f84cb6-40cc-4999-b987-cef7fe29e30e", "locale": 1, "latest_revision": 64, "live": false, "has_unpublished_changes": true, "first_published_at": null, "last_published_at": null, "live_revision": null, "go_live_at": null, "expire_at": null, "expired": false, "locked": false, "locked_at": null, "locked_by": null, "title": "The Passion Of Christ", "draft_title": "The Passion Of Christ", "slug": "the-passion-of-christ", "content_type": 30, "url_path": "/home/cine-club/the-passion-of-christ/", "owner": 1, "seo_title": "", "show_in_menus": false, "search_description": "", "latest_revision_created_at": "2026-02-21T04:03:19.059Z", "alias_of": null, "author": "Cine Club, Ayush", "date": "2026-02-21", "intro": "Passion of christ shows us the last 12 hours of christ's life", "main_image": null, "body": "[{\"type\": \"paragraph\", \"value\": \"<p data-block-key=\\\"6a6ab\\\">On Christmas eve, Cine Club of Department of English organised the screening of The Passion Of Christ to truly understand whats christmas is all about</p>\", \"id\": \"6c4f875d-d182-43b7-a949-3251e460e7d9\"}]", "wagtail_admin_comments": []}, "approved_go_live_at": null}}, {"model": "wagtailcore.revision", "pk": 65, "fields": {"content_type": 30, "base_content_type": 1, "object_id": "15", "created_at": "2026-02-21T04:03:23.920Z", "user": 1, "object_str": "The Passion Of Christ", "content": {"pk": 15, "path": "0001000100040002", "depth": 4, "numchild": 0, "translation_key": "14f84cb6-40cc-4999-b987-cef7fe29e30e", "locale": 1, "latest_revision": 64, "live": false, "has_unpublished_changes": true, "first_published_at": null, "last_published_at": null, "live_revision": null, "go_live_at": null, "expire_at": null, "expired": false, "locked": false, "locked_at": null, "locked_by": null, "title": "The Passion Of Christ", "draft_title": "The Passion Of Christ", "slug": "the-passion-of-christ", "content_type": 30, "url_path": "/home/cine-club/the-passion-of-christ/", "owner": 1, "seo_title": "", "show_in_menus": false, "search_description": "", "latest_revision_created_at": "2026-02-21T04:03:23.551Z", "alias_of": null, "author": "Cine Club, Ayush", "date": "2026-02-21", "intro": "Passion of christ shows us the last 12 hours of christ's life", "main_image": null, "body": "[{\"type\": \"paragraph\", \"value\": \"<p data-block-key=\\\"6a6ab\\\">On Christmas eve, Cine Club of Department of English organised the screening of The Passion Of Christ to truly understand whats christmas is all about.</p>\", \"id\": \"6c4f875d-d182-43b7-a949-3251e460e7d9\"}]", "wagtail_admin_comments": []}, "approved_go_live_at": null}}, {"model": "wagtailcore.revision", "pk": 66, "fields": {"content_type": 30, "base_content_type": 1, "object_id": "15", "created_at": "2026-02-21T04:12:17.440Z", "user": 1, "object_str": "The Passion Of Christ", "content": {"pk": 15, "path": "0001000100040002", "depth": 4, "numchild": 0, "translation_key": "14f84cb6-40cc-4999-b987-cef7fe29e30e", "locale": 1, "latest_revision": 66, "live": true, "has_unpublished_changes": true, "first_published_at": "2026-02-21T04:03:42.555Z", "last_published_at": "2026-02-21T04:03:42.555Z", "live_revision": 65, "go_live_at": null, "expire_at": null, "expired": false, "locked": false, "locked_at": null, "locked_by": null, "title": "The Passion Of Christ", "draft_title": "The Passion Of Christ", "slug": "the-passion-of-christ", "content_type": 30, "url_path": "/home/cine-club/the-passion-of-christ/", "owner": 1, "seo_title": "", "show_in_menus": false, "search_description": "", "latest_revision_created_at": "2026-02-21T04:12:10.960Z", "alias_of": null, "author": "Cine Club, Ayush", "date": "2026-02-21", "intro": "Passion of christ shows us the last 12 hours of christ's life", "main_image": 5, "body": "[{\"type\": \"paragraph\", \"value\": \"<p data-block-key=\\\"6a6ab\\\">On Christmas eve, Cine Club of Department of English organised the screening of The Passion Of Christ to truly understand whats christmas is all about.</p>\", \"id\": \"6c4f875d-d182-43b7-a949-3251e460e7d9\"}, {\"type\": \"image\", \"value\": 4, \"id\": \"b17bce79-075e-4aaa-9211-215a68b012e6\"}]", "wagtail_admin_comments": []}, "approved_go_live_at": null}}, {"model": "wagtailcore.revision", "pk": 67, "fields": {"content_type": 30, "base_content_type": 1, "object_id": "15", "created_at": "2026-02-21T04:12:22.449Z", "user": 1, "object_str": "The Passion Of Christ", "content": {"pk": 15, "path": "0001000100040002", "depth": 4, "numchild": 0, "translation_key": "14f84cb6-40cc-4999-b987-cef7fe29e30e", "locale": 1, "latest_revision": 66, "live": true, "has_unpublished_changes": true, "first_published_at": "2026-02-21T04:03:42.555Z", "last_published_at": "2026-02-21T04:03:42.555Z", "live_revision": 65, "go_live_at": null, "expire_at": null, "expired": false, "locked": false, "locked_at": null, "locked_by": null, "title": "The Passion Of Christ", "draft_title": "The Passion Of Christ", "slug": "the-passion-of-christ", "content_type": 30, "url_path": "/home/cine-club/the-passion-of-christ/", "owner": 1, "seo_title": "", "show_in_menus": false, "search_description": "", "latest_revision_created_at": "2026-02-21T04:12:17.440Z", "alias_of": null, "author": "Cine Club, Ayush", "date": "2026-02-21", "intro": "Passion of christ shows us the last 12 hours of christ's life", "main_image": 5, "body": "[{\"type\": \"paragraph\", \"value\": \"<p data-block-key=\\\"6a6ab\\\">On Christmas eve, Cine Club of Department of English organised the screening of The Passion Of Christ to truly understand whats christmas is all about.</p>\", \"id\": \"6c4f875d-d182-43b7-a949-3251e460e7d9\"}, {\"type\": \"image\", \"value\": 4, \"id\": \"b17bce79-075e-4aaa-9211-215a68b012e6\"}]", "wagtail_admin_comments": []}, "approved_go_live_at": null}}, {"model": "wagtailcore.revision", "pk": 68, "fields": {"content_type": 30, "base_content_type": 1, "object_id": "14", "created_at": "2026-02-21T04:12:53.247Z", "user": 1, "object_str": "Maqbool The Movie", "content": {"pk": 14, "path": "0001000100040001", "depth": 4, "numchild": 0, "translation_key": "fe4707ab-2075-4177-9a4f-0aeabcfe4e08", "locale": 1, "latest_revision": 61, "live": true, "has_unpublished_changes": false, "first_published_at": "2026-02-21T04:03:42.505Z", "last_published_at": "2026-02-21T04:03:42.505Z", "live_revision": 61, "go_live_at": null, "expire_at": null, "expired": false, "locked": false, "locked_at": null, "locked_by": null, "title": "Maqbool The Movie", "draft_title": "Maqbool The Movie", "slug": "maqbool-the-movie", "content_type": 30, "url_path": "/home/cine-club/maqbool-the-movie/", "owner": 1, "seo_title": "", "show_in_menus": false, "search_description": "", "latest_revision_created_at": "2026-02-21T04:01:17.677Z", "alias_of": null, "author": "Cine Club, Ayush", "date": "2026-02-21", "intro": "The Screening of Maqbool by Cine Club", "main_image": 6, "body": "[{\"type\": \"paragraph\", \"value\": \"<p data-block-key=\\\"op9j1\\\">Maqbool movie was inspired by the william shakespears one of the greatest piece of work Macbeth, this movie truly shows how corruption can ruin someone's life without them noticing it.</p>\", \"id\": \"106ef104-a50e-4923-badc-b8f455b2833c\"}]", "wagtail_admin_comments": []}, "approved_go_live_at": null}}, {"model": "wagtailcore.revision", "pk": 69, "fields": {"content_type": 30, "base_content_type": 1, "object_id": "14", "created_at": "2026-02-21T04:12:58.375Z", "user": 1, "object_str": "Maqbool The Movie", "content": {"pk": 14, "path": "0001000100040001", "depth": 4, "numchild": 0, "translation_key": "fe4707ab-2075-4177-9a4f-0aeabcfe4e08", "locale": 1, "latest_revision": 68, "live": true, "has_unpublished_changes": true, "first_published_at": "2026-02-21T04:03:42.505Z", "last_published_at": "2026-02-21T04:03:42.505Z", "live_revision": 61, "go_live_at": null, "expire_at": null, "expired": false, "locked": false, "locked_at": null, "locked_by": null, "title": "Maqbool The Movie", "draft_title": "Maqbool The Movie", "slug": "maqbool-the-movie", "content_type": 30, "url_path": "/home/cine-club/maqbool-the-movie/", "owner": 1, "seo_title": "", "show_in_menus": false, "search_description": "", "latest_revision_created_at": "2026-02-21T04:12:53.247Z", "alias_of": null, "author": "Cine Club, Ayush", "date": "2026-02-21", "intro": "The Screening of Maqbool by Cine Club", "main_image": 6, "body": "[{\"type\": \"paragraph\", \"value\": \"<p data-block-key=\\\"op9j1\\\">Maqbool movie was inspired by the william shakespears one of the greatest piece of work Macbeth, this movie truly shows how corruption can ruin someone's life without them noticing it.</p>\", \"id\": \"106ef104-a50e-4923-badc-b8f455b2833c\"}]", "wagtail_admin_comments": []}, "approved_go_live_at": null}}, {"model": "wagtailcore.revision", "pk": 70, "fields": {"content_type": 30, "base_content_type": 1, "object_id": "14", "created_at": "2026-02-21T04:13:52.967Z", "user": 1, "object_str": "Maqbool: Macbeth Reima", "content": {"pk": 14, "path": "0001000100040001", "depth": 4, "numchild": 0, "translation_key": "fe4707ab-2075-4177-9a4f-0aeabcfe4e08", "locale": 1, "latest_revision": 70, "live": true, "has_unpublished_changes": true, "first_published_at": "2026-02-21T04:03:42.505Z", "last_published_at": "2026-02-21T04:13:15.826Z", "live_revision": 69, "go_live_at": null, "expire_at": null, "expired": false, "locked": false, "locked_at": null, "locked_by": null, "title": "Maqbool: Macbeth Reima", "draft_title": "Maqbool:", "slug": "maqbool-the-movie", "content_type": 30, "url_path": "/home/cine-club/maqbool-the-movie/", "owner": 1, "seo_title": "", "show_in_menus": false, "search_description": "", "latest_revision_created_at": "2026-02-21T04:13:47.450Z", "alias_of": null, "author": "Cine Club, Ayush", "date": "2026-02-21", "intro": "The Screening of Maqbool by Cine Club", "main_image": 6, "body": "[{\"type\": \"paragraph\", \"value\": \"<p data-block-key=\\\"op9j1\\\">Maqbool movie was inspired by the william shakespears one of the greatest piece of work Macbeth, this movie truly shows how corruption can ruin someone's life without them noticing it.</p>\", \"id\": \"106ef104-a50e-4923-badc-b8f455b2833c\"}]", "wagtail_admin_comments": []}, "approved_go_live_at": null}}, {"model": "wagtailcore.revision", "pk": 71, "fields": {"content_type": 30, "base_content_type": 1, "object_id": "14", "created_at": "2026-02-21T04:13:54.343Z", "user": 1, "object_str": "Maqbool: Macbeth Reimagined", "content": {"pk": 14, "path": "0001000100040001", "depth": 4, "numchild": 0, "translation_key": "fe4707ab-2075-4177-9a4f-0aeabcfe4e08", "locale": 1, "latest_revision": 70, "live": true, "has_unpublished_changes": true, "first_published_at": "2026-02-21T04:03:42.505Z", "last_published_at": "2026-02-21T04:13:15.826Z", "live_revision": 69, "go_live_at": null, "expire_at": null, "expired": false, "locked": false, "locked_at": null, "locked_by": null, "title": "Maqbool: Macbeth Reimagined", "draft_title": "Maqbool: Macbeth Reima", "slug": "maqbool-the-movie", "content_type": 30, "url_path": "/home/cine-club/maqbool-the-movie/", "owner": 1, "seo_title": "", "show_in_menus": false, "search_description": "", "latest_revision_created_at": "2026-02-21T04:13:52.967Z", "alias_of": null, "author": "Cine Club, Ayush", "date": "2026-02-21", "intro": "The Screening of Maqbool by Cine Club", "main_image": 6, "body": "[{\"type\": \"paragraph\", \"value\": \"<p data-block-key=\\\"op9j1\\\">Maqbool movie was inspired by the william shakespears one of the greatest piece of work Macbeth, this movie truly shows how corruption can ruin someone's life without them noticing it.</p>\", \"id\": \"106ef104-a50e-4923-badc-b8f455b2833c\"}]", "wagtail_admin_comments": []}, "approved_go_live_at": null}}, {"model": "wagtailcore.revision", "pk": 72, "fields": {"content_type": 30, "base_content_type": 1, "object_id": "13", "created_at": "2026-02-21T04:15:50.342Z", "user": 1, "object_str": "Sanchar Saathi App a spyware or not?", "content": {"pk": 13, "path": "0001000100070001", "depth": 4, "numchild": 0, "translation_key": "09693bef-67b5-438a-a4a9-546d6088b164", "locale": 1, "latest_revision": 72, "live": true, "has_unpublished_changes": true, "first_published_at": "2026-02-21T03:55:30.056Z", "last_published_at": "2026-02-21T03:55:30.056Z", "live_revision": 57, "go_live_at": null, "expire_at": null, "expired": false, "locked": false, "locked_at": null, "locked_by": null, "title": "Sanchar Saathi App a spyware or not?", "draft_title": "Sanchar Saathi App a spyware or not?", "slug": "sanchar-saathi-app-a-spyware-or-not", "content_type": 30, "url_path": "/home/debate-club/sanchar-saathi-app-a-spyware-or-not/", "owner": 1, "seo_title": "", "show_in_menus": false, "search_description": "", "latest_revision_created_at": "2026-02-21T04:15:43.842Z", "alias_of": null, "author": "Debate club, Ayush", "date": "2026-02-21", "intro": "Debate on sanchar saathi App being a spyware or not?", "main_image": 7, "body": "[{\"type\": \"image\", \"value\": 3, \"id\": \"46d98c83-c04e-41f8-b7df-892132076f6e\"}]", "wagtail_admin_comments": []}, "approved_go_live_at": null}}, {"model": "wagtailcore.revision", "pk": 73, "fields": {"content_type": 30, "base_content_type": 1, "object_id": "13", "created_at": "2026-02-21T04:15:56.710Z", "user": 1, "object_str": "Sanchar Saathi App a spyware or not?", "content": {"pk": 13, "path": "0001000100070001", "depth": 4, "numchild": 0, "translation_key": "09693bef-67b5-438a-a4a9-546d6088b164", "locale": 1, "latest_revision": 72, "live": true, "has_unpublished_changes": true, "first_published_at": "2026-02-21T03:55:30.056Z", "last_published_at": "2026-02-21T03:55:30.056Z", "live_revision": 57, "go_live_at": null, "expire_at": null, "expired": false, "locked": false, "locked_at": null, "locked_by": null, "title": "Sanchar Saathi App a spyware or not?", "draft_title": "Sanchar Saathi App a spyware or not?", "slug": "sanchar-saathi-app-a-spyware-or-not", "content_type": 30, "url_path": "/home/debate-club/sanchar-saathi-app-a-spyware-or-not/", "owner": 1, "seo_title": "", "show_in_menus": false, "search_description": "", "latest_revision_created_at": "2026-02-21T04:15:50.342Z", "alias_of": null, "author": "Debate club, Ayush", "date": "2026-02-21", "intro": "Debate on sanchar saathi App being a spyware or not?", "main_image": 7, "body": "[{\"type\": \"image\", \"value\": 3, \"id\": \"46d98c83-c04e-41f8-b7df-892132076f6e\"}]", "wagtail_admin_comments": []}, "approved_go_live_at": null}}, {"model": "wagtailcore.revision", "pk": 74, "fields": {"content_type": 30, "base_content_type": 1, "object_id": "15", "created_at": "2026-02-21T04:18:30.556Z", "user": 1, "object_str": "The Passion Of Christ", "content": {"pk": 15, "path": "0001000100040002", "depth": 4, "numchild": 0, "translation_key": "14f84cb6-40cc-4999-b987-cef7fe29e30e", "locale": 1, "latest_revision": 67, "live": true, "has_unpublished_changes": false, "first_published_at": "2026-02-21T04:03:42.555Z", "last_published_at": "2026-02-21T04:13:15.874Z", "live_revision": 67, "go_live_at": null, "expire_at": null, "expired": false, "locked": false, "locked_at": null, "locked_by": null, "title": "The Passion Of Christ", "draft_title": "The Passion Of Christ", "slug": "the-passion-of-christ", "content_type": 30, "url_path": "/home/cine-club/the-passion-of-christ/", "owner": 1, "seo_title": "", "show_in_menus": false, "search_description": "", "latest_revision_created_at": "2026-02-21T04:12:22.449Z", "alias_of": null, "author": "Cine Club, Ayush", "date": "2026-02-21", "intro": "Passion of christ shows us the last 12 hours of christ's life", "main_image": 5, "body": "[{\"type\": \"paragraph\", \"value\": \"<p data-block-key=\\\"6a6ab\\\"> On the day before Christmas, our Cine Club gathered for a deeply moving cinematic experience as we screened The Passion of the Christ. \\ud83c\\udfac\\u271d\\ufe0f<br/></p><p data-block-key=\\\"6c2eg\\\">In the spirit of Christmas, the film invited us to pause, reflect, and remember the profound themes of sacrifice, love, suffering, and redemption that lie at the heart of the season. The screening created a space for quiet contemplation and meaningful conversations, reminding us that Christmas is not only about celebration, but also about faith, compassion, and hope.<br/></p><p data-block-key=\\\"1ju2h\\\">Grateful for everyone who joined us and made this screening a memorable one. \\ud83c\\udf84\\u2728 </p>\", \"id\": \"6c4f875d-d182-43b7-a949-3251e460e7d9\"}, {\"type\": \"image\", \"value\": 4, \"id\": \"b17bce79-075e-4aaa-9211-215a68b012e6\"}]", "wagtail_admin_comments": []}, "approved_go_live_at": null}}, {"model": "wagtailcore.revision", "pk": 75, "fields": {"content_type": 30, "base_content_type": 1, "object_id": "15", "created_at": "2026-02-21T04:19:27.305Z", "user": 1, "object_str": "The Passion Of Christ", "content": {"pk": 15, "path": "0001000100040002", "depth": 4, "numchild": 0, "translation_key": "14f84cb6-40cc-4999-b987-cef7fe29e30e", "locale": 1, "latest_revision": 74, "live": true, "has_unpublished_changes": true, "first_published_at": "2026-02-21T04:03:42.555Z", "last_published_at": "2026-02-21T04:13:15.874Z", "live_revision": 67, "go_live_at": null, "expire_at": null, "expired": false, "locked": false, "locked_at": null, "locked_by": null, "title": "The Passion Of Christ", "draft_title": "The Passion Of Christ", "slug": "the-passion-of-christ", "content_type": 30, "url_path": "/home/cine-club/the-passion-of-christ/", "owner": 1, "seo_title": "", "show_in_menus": false, "search_description": "", "latest_revision_created_at": "2026-02-21T04:18:30.556Z", "alias_of": null, "author": "Cine Club, Ayush", "date": "2026-02-21", "intro": "Passion of christ shows us the last 12 hours of christ's life", "main_image": 5, "body": "[{\"type\": \"paragraph\", \"value\": \"<p data-block-key=\\\"6a6ab\\\">On the day before Christmas, our Cine Club gathered for a deeply moving cinematic experience as we screened The Passion of the Christ. \\ud83c\\udfac\\u271d\\ufe0f<br/></p><p data-block-key=\\\"6c2eg\\\">In the spirit of Christmas, the film invited us to pause, reflect, and remember the profound themes of sacrifice, love, suffering, and redemption that lie at the heart of the season. The screening created a space for quiet contemplation and meaningful conversations, reminding us that Christmas is not only about celebration, but also about faith, compassion, and hope.<br/></p><p data-block-key=\\\"1ju2h\\\">Grateful for everyone who joined us and made this screening a memorable one. \\ud83c\\udf84\\u2728</p>\", \"id\": \"6c4f875d-d182-43b7-a949-3251e460e7d9\"}, {\"type\": \"image\", \"value\": 4, \"id\": \"b17bce79-075e-4aaa-9211-215a68b012e6\"}]", "wagtail_admin_comments": []}, "approved_go_live_at": null}}, {"model": "wagtailcore.revision", "pk": 76, "fields": {"content_type": 30, "base_content_type": 1, "object_id": "15", "created_at": "2026-02-21T04:19:37.455Z", "user": 1, "object_str": "The Passion Of Christ", "content": {"pk": 15, "path": "0001000100040002", "depth": 4, "numchild": 0, "translation_key": "14f84cb6-40cc-4999-b987-cef7fe29e30e", "locale": 1, "latest_revision": 75, "live": true, "has_unpublished_changes": true, "first_published_at": "2026-02-21T04:03:42.555Z", "last_published_at": "2026-02-21T04:13:15.874Z", "live_revision": 67, "go_live_at": null, "expire_at": null, "expired": false, "locked": false, "locked_at": null, "locked_by": null, "title": "The Passion Of Christ", "draft_title": "The Passion Of Christ", "slug": "the-passion-of-christ", "content_type": 30, "url_path": "/home/cine-club/the-passion-of-christ/", "owner": 1, "seo_title": "", "show_in_menus": false, "search_description": "", "latest_revision_created_at": "2026-02-21T04:19:27.305Z", "alias_of": null, "author": "Cine Club, Ayush", "date": "2026-02-21", "intro": "Passion of christ shows us the last 12 hours of christ's life", "main_image": 5, "body": "[{\"type\": \"paragraph\", \"value\": \"<p data-block-key=\\\"6a6ab\\\">On the day before Christmas, our Cine Club gathered for a deeply moving cinematic experience as we screened The Passion of the Christ. \\ud83c\\udfac\\u271d\\ufe0f<br/></p><p data-block-key=\\\"6c2eg\\\">In the spirit of Christmas, the film invited us to pause, reflect, and remember the profound themes of sacrifice, love, suffering, and redemption that lie at the heart of the season. The screening created a space for quiet contemplation and meaningful conversations, reminding us that Christmas is not only about celebration, but also about faith, compassion, and hope.<br/></p><p data-block-key=\\\"1ju2h\\\">Grateful for everyone who joined us and made this screening a memorable one. \\ud83c\\udf84\\u2728</p>\", \"id\": \"6c4f875d-d182-43b7-a949-3251e460e7d9\"}]", "wagtail_admin_comments": []}, "approved_go_live_at": null}}, {"model": "wagtailcore.revision", "pk": 77, "fields": {"content_type": 30, "base_content_type": 1, "object_id": "15", "created_at": "2026-02-21T04:19:37.745Z", "user": 1, "object_str": "The Passion Of Christ", "content": {"pk": 15, "path": "0001000100040002", "depth": 4, "numchild": 0, "translation_key": "14f84cb6-40cc-4999-b987-cef7fe29e30e", "locale": 1, "latest_revision": 76, "live": true, "has_unpublished_changes": true, "first_published_at": "2026-02-21T04:03:42.555Z", "last_published_at": "2026-02-21T04:13:15.874Z", "live_revision": 67, "go_live_at": null, "expire_at": null, "expired": false, "locked": false, "locked_at": null, "locked_by": null, "title": "The Passion Of Christ", "draft_title": "The Passion Of Christ", "slug": "the-passion-of-christ", "content_type": 30, "url_path": "/home/cine-club/the-passion-of-christ/", "owner": 1, "seo_title": "", "show_in_menus": false, "search_description": "", "latest_revision_created_at": "2026-02-21T04:19:37.455Z", "alias_of": null, "author": "Cine Club, Ayush", "date": "2026-02-21", "intro": "Passion of christ shows us the last 12 hours of christ's life", "main_image": 5, "body": "[{\"type\": \"paragraph\", \"value\": \"<p data-block-key=\\\"6a6ab\\\">On the day before Christmas, our Cine Club gathered for a deeply moving cinematic experience as we screened The Passion of the Christ. \\ud83c\\udfac\\u271d\\ufe0f<br/></p><p data-block-key=\\\"6c2eg\\\">In the spirit of Christmas, the film invited us to pause, reflect, and remember the profound themes of sacrifice, love, suffering, and redemption that lie at the heart of the season. The screening created a space for quiet contemplation and meaningful conversations, reminding us that Christmas is not only about celebration, but also about faith, compassion, and hope.<br/></p><p data-block-key=\\\"1ju2h\\\">Grateful for everyone who joined us and made this screening a memorable one. \\ud83c\\udf84\\u2728</p>\", \"id\": \"6c4f875d-d182-43b7-a949-3251e460e7d9\"}]", "wagtail_admin_comments": []}, "approved_go_live_at": null}}, {"model": "wagtailcore.revision", "pk": 78, "fields": {"content_type": 47, "base_content_type": 1, "object_id": "10", "created_at": "2026-02-21T04:59:52.024Z", "user": 1, "object_str": "Reading Club", "content": {"pk": 10, "path": "000100010006", "depth": 3, "numchild": 1, "translation_key": "961a0385-876d-46b9-b609-180340191faa", "locale": 1, "latest_revision": 46, "live": true, "has_unpublished_changes": false, "first_published_at": "2026-02-21T02:41:33.926Z", "last_published_at": "2026-02-21T02:54:58.628Z", "live_revision": 46, "go_live_at": null, "expire_at": null, "expired": false, "locked": false, "locked_at": null, "locked_by": null, "title": "Reading Club", "draft_title": "Reading Club", "slug": "reading-club", "content_type": 47, "url_path": "/home/reading-club/", "owner": 1, "seo_title": "", "show_in_menus": false, "search_description": "", "latest_revision_created_at": "2026-02-21T02:54:46.102Z", "alias_of": null, "president_name": "Shirin Ebadi", "description": "", "club_image": 2, "wagtail_admin_comments": []}, "approved_go_live_at": null}}, {"model": "wagtailcore.revision", "pk": 79, "fields": {"content_type": 47, "base_content_type": 1, "object_id": "10", "created_at": "2026-02-21T04:59:56.064Z", "user": 1, "object_str": "Reading Club", "content": {"pk": 10, "path": "000100010006", "depth": 3, "numchild": 1, "translation_key": "961a0385-876d-46b9-b609-180340191faa", "locale": 1, "latest_revision": 78, "live": true, "has_unpublished_changes": true, "first_published_at": "2026-02-21T02:41:33.926Z", "last_published_at": "2026-02-21T02:54:58.628Z", "live_revision": 46, "go_live_at": null, "expire_at": null, "expired": false, "locked": false, "locked_at": null, "locked_by": null, "title": "Reading Club", "draft_title": "Reading Club", "slug": "reading-club", "content_type": 47, "url_path": "/home/reading-club/", "owner": 1, "seo_title": "", "show_in_menus": false, "search_description": "", "latest_revision_created_at": "2026-02-21T04:59:52.024Z", "alias_of": null, "president_name": "Shirin Ebadi", "description": "", "club_image": 2, "wagtail_admin_comments": []}, "approved_go_live_at": null}}, {"model": "wagtailcore.revision", "pk": 80, "fields": {"content_type": 47, "base_content_type": 1, "object_id": "12", "created_at": "2026-02-21T13:14:26.191Z", "user": 1, "object_str": "Beautification Club", "content": {"pk": 12, "path": "000100010008", "depth": 3, "numchild": 0, "translation_key": "7af65bf9-6af2-4331-8532-6d8cc514410c", "locale": 1, "latest_revision": 80, "live": true, "has_unpublished_changes": true, "first_published_at": "2026-02-21T03:25:37.641Z", "last_published_at": "2026-02-21T03:25:37.641Z", "live_revision": 55, "go_live_at": null, "expire_at": null, "expired": false, "locked": false, "locked_at": null, "locked_by": null, "title": "Beautification Club", "draft_title": "Beautification Club", "slug": "beautification-club", "content_type": 47, "url_path": "/home/beautification-club/", "owner": 1, "seo_title": "", "show_in_menus": false, "search_description": "", "latest_revision_created_at": "2026-02-21T13:14:24.206Z", "alias_of": null, "president_name": "Pra", "description": "", "club_image": null, "wagtail_admin_comments": []}, "approved_go_live_at": null}}, {"model": "wagtailcore.revision", "pk": 81, "fields": {"content_type": 47, "base_content_type": 1, "object_id": "12", "created_at": "2026-02-22T08:31:17.015Z", "user": 1, "object_str": "Beautification Club", "content": {"pk": 12, "path": "000100010008", "depth": 3, "numchild": 0, "translation_key": "7af65bf9-6af2-4331-8532-6d8cc514410c", "locale": 1, "latest_revision": 80, "live": true, "has_unpublished_changes": true, "first_published_at": "2026-02-21T03:25:37.641Z", "last_published_at": "2026-02-21T03:25:37.641Z", "live_revision": 55, "go_live_at": null, "expire_at": null, "expired": false, "locked": false, "locked_at": null, "locked_by": null, "title": "Beautification Club", "draft_title": "Beautification Club", "slug": "beautification-club", "content_type": 47, "url_path": "/home/beautification-club/", "owner": 1, "seo_title": "", "show_in_menus": false, "search_description": "", "latest_revision_created_at": "2026-02-21T13:14:26.191Z", "alias_of": null, "president_name": "Pradipta Poddar", "description": "", "club_image": null, "wagtail_admin_comments": []}, "approved_go_live_at": null}}, {"model": "wagtailcore.revision", "pk": 82, "fields": {"content_type": 30, "base_content_type": 1, "object_id": "16", "created_at": "2026-02-24T20:28:11.520Z", "user": 1, "object_str": "Wall Magazine", "content": {"pk": 16, "path": "0001000100080001", "depth": 4, "numchild": 0, "translation_key": "e8d94448-0051-4a26-9e3c-e60fa472dc41", "locale": 1, "latest_revision": 82, "live": false, "has_unpublished_changes": true, "first_published_at": null, "last_published_at": null, "live_revision": null, "go_live_at": null, "expire_at": null, "expired": false, "locked": false, "locked_at": null, "locked_by": null, "title": "Wall Magazine", "draft_title": "Wall Magazine", "slug": "wall-magazine", "content_type": 30, "url_path": "/home/beautification-club/wall-magazine/", "owner": 1, "seo_title": "", "show_in_menus": false, "search_description": "", "latest_revision_created_at": "2026-02-24T20:28:08.031Z", "alias_of": null, "author": "New Genesis Team", "date": "2026-02-25", "intro": "Creation of Wall Magazine Ft. Beautification Club", "main_image": 8, "body": "[]", "wagtail_admin_comments": []}, "approved_go_live_at": null}}, {"model": "wagtailcore.revision", "pk": 83, "fields": {"content_type": 30, "base_content_type": 1, "object_id": "16", "created_at": "2026-02-24T20:28:11.980Z", "user": 1, "object_str": "Wall Magazine", "content": {"pk": 16, "path": "0001000100080001", "depth": 4, "numchild": 0, "translation_key": "e8d94448-0051-4a26-9e3c-e60fa472dc41", "locale": 1, "latest_revision": 82, "live": false, "has_unpublished_changes": true, "first_published_at": null, "last_published_at": null, "live_revision": null, "go_live_at": null, "expire_at": null, "expired": false, "locked": false, "locked_at": null, "locked_by": null, "title": "Wall Magazine", "draft_title": "Wall Magazine", "slug": "wall-magazine", "content_type": 30, "url_path": "/home/beautification-club/wall-magazine/", "owner": 1, "seo_title": "", "show_in_menus": false, "search_description": "", "latest_revision_created_at": "2026-02-24T20:28:11.520Z", "alias_of": null, "author": "New Genesis Team", "date": "2026-02-25", "intro": "Creation of Wall Magazine Ft. Beautification Club", "main_image": 8, "body": "[]", "wagtail_admin_comments": []}, "approved_go_live_at": null}}, {"model": "wagtailcore.revision", "pk": 84, "fields": {"content_type": 30, "base_content_type": 1, "object_id": "16", "created_at": "2026-02-24T20:29:38.361Z", "user": 1, "object_str": "Wall Magazine", "content": {"pk": 16, "path": "0001000100080001", "depth": 4, "numchild": 0, "translation_key": "e8d94448-0051-4a26-9e3c-e60fa472dc41", "locale": 1, "latest_revision": 84, "live": false, "has_unpublished_changes": true, "first_published_at": null, "last_published_at": null, "live_revision": null, "go_live_at": null, "expire_at": null, "expired": false, "locked": false, "locked_at": null, "locked_by": null, "title": "Wall Magazine", "draft_title": "Wall Magazine", "slug": "wall-magazine", "content_type": 30, "url_path": "/home/beautification-club/wall-magazine/", "owner": 1, "seo_title": "", "show_in_menus": false, "search_description": "", "latest_revision_created_at": "2026-02-24T20:29:34.852Z", "alias_of": null, "author": "New Genesis Team", "date": "2026-02-25", "intro": "Creation of Wall Magazine Ft. Beautification Club", "main_image": 8, "body": "[{\"type\": \"paragraph\", \"value\": \"<p data-block-key=\\\"hqhwc\\\">The Beautification club of department of English created or redesigned the Wall magazine of the department.</p>\", \"id\": \"708d0f3e-e376-470a-9137-741ffe62179d\"}]", "wagtail_admin_comments": []}, "approved_go_live_at": null}}, {"model": "wagtailcore.revision", "pk": 85, "fields": {"content_type": 30, "base_content_type": 1, "object_id": "16", "created_at": "2026-02-24T20:29:38.592Z", "user": 1, "object_str": "Wall Magazine", "content": {"pk": 16, "path": "0001000100080001", "depth": 4, "numchild": 0, "translation_key": "e8d94448-0051-4a26-9e3c-e60fa472dc41", "locale": 1, "latest_revision": 84, "live": false, "has_unpublished_changes": true, "first_published_at": null, "last_published_at": null, "live_revision": null, "go_live_at": null, "expire_at": null, "expired": false, "locked": false, "locked_at": null, "locked_by": null, "title": "Wall Magazine", "draft_title": "Wall Magazine", "slug": "wall-magazine", "content_type": 30, "url_path": "/home/beautification-club/wall-magazine/", "owner": 1, "seo_title": "", "show_in_menus": false, "search_description": "", "latest_revision_created_at": "2026-02-24T20:29:38.361Z", "alias_of": null, "author": "New Genesis Team", "date": "2026-02-25", "intro": "Creation of Wall Magazine Ft. Beautification Club", "main_image": 8, "body": "[{\"type\": \"paragraph\", \"value\": \"<p data-block-key=\\\"hqhwc\\\">The Beautification club of department of English created or redesigned the Wall magazine of the department.</p>\", \"id\": \"708d0f3e-e376-470a-9137-741ffe62179d\"}]", "wagtail_admin_comments": []}, "approved_go_live_at": null}}, {"model": "wagtailcore.revision", "pk": 86, "fields": {"content_type": 30, "base_content_type": 1, "object_id": "16", "created_at": "2026-02-24T20:29:55.707Z", "user": 1, "object_str": "Wall Magazine", "content": {"pk": 16, "path": "0001000100080001", "depth": 4, "numchild": 0, "translation_key": "e8d94448-0051-4a26-9e3c-e60fa472dc41", "locale": 1, "latest_revision": 85, "live": false, "has_unpublished_changes": true, "first_published_at": null, "last_published_at": null, "live_revision": null, "go_live_at": null, "expire_at": null, "expired": false, "locked": false, "locked_at": null, "locked_by": null, "title": "Wall Magazine", "draft_title": "Wall Magazine", "slug": "wall-magazine", "content_type": 30, "url_path": "/home/beautification-club/wall-magazine/", "owner": 1, "seo_title": "", "show_in_menus": false, "search_description": "", "latest_revision_created_at": "2026-02-24T20:29:38.592Z", "alias_of": null, "author": "New Genesis Team", "date": "2026-02-25", "intro": "Creation of Wall Magazine Ft. Beautification Club", "main_image": 8, "body": "[{\"type\": \"paragraph\", \"value\": \"<p data-block-key=\\\"hqhwc\\\">The Beautification club of department of English created or redesigned the Wall magazine of the department.</p>\", \"id\": \"708d0f3e-e376-470a-9137-741ffe62179d\"}]", "wagtail_admin_comments": []}, "approved_go_live_at": null}}, {"model": "wagtailcore.revision", "pk": 87, "fields": {"content_type": 47, "base_content_type": 1, "object_id": "12", "created_at": "2026-02-24T20:38:02.520Z", "user": 1, "object_str": "Beautification Club", "content": {"pk": 12, "path": "000100010008", "depth": 3, "numchild": 1, "translation_key": "7af65bf9-6af2-4331-8532-6d8cc514410c", "locale": 1, "latest_revision": 81, "live": true, "has_unpublished_changes": true, "first_published_at": "2026-02-21T03:25:37.641Z", "last_published_at": "2026-02-21T03:25:37.641Z", "live_revision": 55, "go_live_at": null, "expire_at": null, "expired": false, "locked": false, "locked_at": null, "locked_by": null, "title": "Beautification Club", "draft_title": "Beautification Club", "slug": "beautification-club", "content_type": 47, "url_path": "/home/beautification-club/", "owner": 1, "seo_title": "", "show_in_menus": false, "search_description": "", "latest_revision_created_at": "2026-02-22T08:31:17.015Z", "alias_of": null, "president_name": "Pradipta Poddar", "description": "", "club_image": 8, "wagtail_admin_comments": []}, "approved_go_live_at": null}}, {"model": "wagtailcore.revision", "pk": 88, "fields": {"content_type": 47, "base_content_type": 1, "object_id": "12", "created_at": "2026-02-24T20:38:02.728Z", "user": 1, "object_str": "Beautification Club", "content": {"pk": 12, "path": "000100010008", "depth": 3, "numchild": 1, "translation_key": "7af65bf9-6af2-4331-8532-6d8cc514410c", "locale": 1, "latest_revision": 87, "live": true, "has_unpublished_changes": true, "first_published_at": "2026-02-21T03:25:37.641Z", "last_published_at": "2026-02-21T03:25:37.641Z", "live_revision": 55, "go_live_at": null, "expire_at": null, "expired": false, "locked": false, "locked_at": null, "locked_by": null, "title": "Beautification Club", "draft_title": "Beautification Club", "slug": "beautification-club", "content_type": 47, "url_path": "/home/beautification-club/", "owner": 1, "seo_title": "", "show_in_menus": false, "search_description": "", "latest_revision_created_at": "2026-02-24T20:38:02.520Z", "alias_of": null, "president_name": "Pradipta Poddar", "description": "", "club_image": 8, "wagtail_admin_comments": []}, "approved_go_live_at": null}}, {"model": "wagtailcore.revision", "pk": 89, "fields": {"content_type": 47, "base_content_type": 1, "object_id": "11", "created_at": "2026-02-24T21:13:53.096Z", "user": 1, "object_str": "Debate Club", "content": {"pk": 11, "path": "000100010007", "depth": 3, "numchild": 1, "translation_key": "7b212c50-c118-444d-9981-26d7002d564e", "locale": 1, "latest_revision": 51, "live": true, "has_unpublished_changes": false, "first_published_at": "2026-02-21T03:25:37.599Z", "last_published_at": "2026-02-21T03:25:37.599Z", "live_revision": 51, "go_live_at": null, "expire_at": null, "expired": false, "locked": false, "locked_at": null, "locked_by": null, "title": "Debate Club", "draft_title": "Debate Club", "slug": "debate-club", "content_type": 47, "url_path": "/home/debate-club/", "owner": 1, "seo_title": "", "show_in_menus": false, "search_description": "", "latest_revision_created_at": "2026-02-21T03:24:54.202Z", "alias_of": null, "president_name": "Pradipta Poddar", "description": "", "club_image": 3, "wagtail_admin_comments": []}, "approved_go_live_at": null}}, {"model": "wagtailcore.revision", "pk": 90, "fields": {"content_type": 47, "base_content_type": 1, "object_id": "11", "created_at": "2026-02-24T21:13:53.404Z", "user": 1, "object_str": "Debate Club", "content": {"pk": 11, "path": "000100010007", "depth": 3, "numchild": 1, "translation_key": "7b212c50-c118-444d-9981-26d7002d564e", "locale": 1, "latest_revision": 89, "live": true, "has_unpublished_changes": true, "first_published_at": "2026-02-21T03:25:37.599Z", "last_published_at": "2026-02-21T03:25:37.599Z", "live_revision": 51, "go_live_at": null, "expire_at": null, "expired": false, "locked": false, "locked_at": null, "locked_by": null, "title": "Debate Club", "draft_title": "Debate Club", "slug": "debate-club", "content_type": 47, "url_path": "/home/debate-club/", "owner": 1, "seo_title": "", "show_in_menus": false, "search_description": "", "latest_revision_created_at": "2026-02-24T21:13:53.096Z", "alias_of": null, "president_name": "Pradipta Poddar", "description": "", "club_image": 3, "wagtail_admin_comments": []}, "approved_go_live_at": null}}, {"model": "wagtailcore.revision", "pk": 93, "fields": {"content_type": 47, "base_content_type": 1, "object_id": "7", "created_at": "2026-06-10T13:03:25.103Z", "user": 1, "object_str": "Cine Club", "content": {"pk": 7, "path": "000100010004", "depth": 3, "numchild": 2, "translation_key": "0102c957-6559-40d1-a22d-f5b84519358f", "locale": 1, "latest_revision": 48, "live": true, "has_unpublished_changes": false, "first_published_at": "2026-02-21T02:27:40.396Z", "last_published_at": "2026-02-21T02:55:51.690Z", "live_revision": 48, "go_live_at": null, "expire_at": null, "expired": false, "locked": false, "locked_at": null, "locked_by": null, "title": "Cine Club", "draft_title": "Cine Club", "slug": "cine-club", "content_type": 47, "url_path": "/home/cine-club/", "owner": 1, "seo_title": "", "show_in_menus": false, "search_description": "", "latest_revision_created_at": "2026-02-21T02:55:29.441Z", "alias_of": null, "president_name": "Samiran Barman", "description": "", "club_image": 2, "wagtail_admin_comments": []}, "approved_go_live_at": null}}, {"model": "wagtailcore.revision", "pk": 94, "fields": {"content_type": 47, "base_content_type": 1, "object_id": "7", "created_at": "2026-06-10T13:03:28.568Z", "user": 1, "object_str": "Cine Club", "content": {"pk": 7, "path": "000100010004", "depth": 3, "numchild": 2, "translation_key": "0102c957-6559-40d1-a22d-f5b84519358f", "locale": 1, "latest_revision": 93, "live": true, "has_unpublished_changes": true, "first_published_at": "2026-02-21T02:27:40.396Z", "last_published_at": "2026-02-21T02:55:51.690Z", "live_revision": 48, "go_live_at": null, "expire_at": null, "expired": false, "locked": false, "locked_at": null, "locked_by": null, "title": "Cine Club", "draft_title": "Cine Club", "slug": "cine-club", "content_type": 47, "url_path": "/home/cine-club/", "owner": 1, "seo_title": "", "show_in_menus": false, "search_description": "", "latest_revision_created_at": "2026-06-10T13:03:25.103Z", "alias_of": null, "president_name": "Samiran Barman", "description": "", "club_image": 2, "wagtail_admin_comments": []}, "approved_go_live_at": null}}, {"model": "wagtailcore.revision", "pk": 95, "fields": {"content_type": 47, "base_content_type": 1, "object_id": "7", "created_at": "2026-06-10T13:03:31.782Z", "user": 1, "object_str": "Cine Club", "content": {"pk": 7, "path": "000100010004", "depth": 3, "numchild": 2, "translation_key": "0102c957-6559-40d1-a22d-f5b84519358f", "locale": 1, "latest_revision": 94, "live": true, "has_unpublished_changes": true, "first_published_at": "2026-02-21T02:27:40.396Z", "last_published_at": "2026-02-21T02:55:51.690Z", "live_revision": 48, "go_live_at": null, "expire_at": null, "expired": false, "locked": false, "locked_at": null, "locked_by": null, "title": "Cine Club", "draft_title": "Cine Club", "slug": "cine-club", "content_type": 47, "url_path": "/home/cine-club/", "owner": 1, "seo_title": "", "show_in_menus": false, "search_description": "", "latest_revision_created_at": "2026-06-10T13:03:28.568Z", "alias_of": null, "president_name": "Samiran Barman", "description": "", "club_image": 2, "wagtail_admin_comments": []}, "approved_go_live_at": null}}, {"model": "wagtailcore.revision", "pk": 96, "fields": {"content_type": 47, "base_content_type": 1, "object_id": "12", "created_at": "2026-06-10T13:16:35.463Z", "user": 1, "object_str": "Beautification Club", "content": {"pk": 12, "path": "000100010008", "depth": 3, "numchild": 1, "translation_key": "7af65bf9-6af2-4331-8532-6d8cc514410c", "locale": 1, "latest_revision": 88, "live": true, "has_unpublished_changes": false, "first_published_at": "2026-02-21T03:25:37.641Z", "last_published_at": "2026-02-24T21:09:19.588Z", "live_revision": 88, "go_live_at": null, "expire_at": null, "expired": false, "locked": false, "locked_at": null, "locked_by": null, "title": "Beautification Club", "draft_title": "Beautification Club", "slug": "beautification-club", "content_type": 47, "url_path": "/home/beautification-club/", "owner": 1, "seo_title": "", "show_in_menus": false, "search_description": "", "latest_revision_created_at": "2026-02-24T20:38:02.728Z", "alias_of": null, "president_name": "Poulami Nandi", "description": "", "club_image": 8, "wagtail_admin_comments": []}, "approved_go_live_at": null}}, {"model": "wagtailcore.revision", "pk": 97, "fields": {"content_type": 47, "base_content_type": 1, "object_id": "12", "created_at": "2026-06-10T13:16:36.038Z", "user": 1, "object_str": "Beautification Club", "content": {"pk": 12, "path": "000100010008", "depth": 3, "numchild": 1, "translation_key": "7af65bf9-6af2-4331-8532-6d8cc514410c", "locale": 1, "latest_revision": 96, "live": true, "has_unpublished_changes": true, "first_published_at": "2026-02-21T03:25:37.641Z", "last_published_at": "2026-02-24T21:09:19.588Z", "live_revision": 88, "go_live_at": null, "expire_at": null, "expired": false, "locked": false, "locked_at": null, "locked_by": null, "title": "Beautification Club", "draft_title": "Beautification Club", "slug": "beautification-club", "content_type": 47, "url_path": "/home/beautification-club/", "owner": 1, "seo_title": "", "show_in_menus": false, "search_description": "", "latest_revision_created_at": "2026-06-10T13:16:35.463Z", "alias_of": null, "president_name": "Poulami Nandi", "description": "", "club_image": 8, "wagtail_admin_comments": []}, "approved_go_live_at": null}}, {"model": "wagtailcore.revision", "pk": 98, "fields": {"content_type": 5, "base_content_type": 1, "object_id": "3", "created_at": "2026-06-10T13:16:52.471Z", "user": 1, "object_str": "Home", "content": {"pk": 3, "path": "00010001", "depth": 2, "numchild": 6, "translation_key": "a94da5de-759e-4325-a853-7598992ee569", "locale": 1, "latest_revision": null, "live": true, "has_unpublished_changes": false, "first_published_at": null, "last_published_at": null, "live_revision": null, "go_live_at": null, "expire_at": null, "expired": false, "locked": false, "locked_at": null, "locked_by": null, "title": "Home", "draft_title": "Home", "slug": "home", "content_type": 5, "url_path": "/home/", "owner": null, "seo_title": "", "show_in_menus": false, "search_description": "", "latest_revision_created_at": null, "alias_of": null, "wagtail_admin_comments": []}, "approved_go_live_at": null}}, {"model": "wagtailcore.revision", "pk": 99, "fields": {"content_type": 47, "base_content_type": 1, "object_id": "8", "created_at": "2026-06-10T13:19:35.992Z", "user": 1, "object_str": "Quiz Club", "content": {"pk": 8, "path": "000100010005", "depth": 3, "numchild": 0, "translation_key": "c21d2bd2-5ef1-40bb-ab25-e68bd4cd2e3b", "locale": 1, "latest_revision": 99, "live": true, "has_unpublished_changes": true, "first_published_at": "2026-02-21T02:28:15.802Z", "last_published_at": "2026-06-10T13:17:09.863Z", "live_revision": 49, "go_live_at": null, "expire_at": null, "expired": false, "locked": false, "locked_at": null, "locked_by": null, "title": "Quiz Club", "draft_title": "Quiz Club", "slug": "quiz-club", "content_type": 47, "url_path": "/home/quiz-club/", "owner": 1, "seo_title": "", "show_in_menus": false, "search_description": "", "latest_revision_created_at": "2026-06-10T13:19:31.012Z", "alias_of": null, "president_name": "Md Sami Akmal Ansari", "description": "", "club_image": null, "wagtail_admin_comments": []}, "approved_go_live_at": null}}, {"model": "wagtailcore.revision", "pk": 100, "fields": {"content_type": 47, "base_content_type": 1, "object_id": "8", "created_at": "2026-06-10T13:19:38.212Z", "user": 1, "object_str": "Quiz Club", "content": {"pk": 8, "path": "000100010005", "depth": 3, "numchild": 0, "translation_key": "c21d2bd2-5ef1-40bb-ab25-e68bd4cd2e3b", "locale": 1, "latest_revision": 99, "live": true, "has_unpublished_changes": true, "first_published_at": "2026-02-21T02:28:15.802Z", "last_published_at": "2026-06-10T13:17:09.863Z", "live_revision": 49, "go_live_at": null, "expire_at": null, "expired": false, "locked": false, "locked_at": null, "locked_by": null, "title": "Quiz Club", "draft_title": "Quiz Club", "slug": "quiz-club", "content_type": 47, "url_path": "/home/quiz-club/", "owner": 1, "seo_title": "", "show_in_menus": false, "search_description": "", "latest_revision_created_at": "2026-06-10T13:19:35.992Z", "alias_of": null, "president_name": "Md Sami Akmal Ansari", "description": "", "club_image": null, "wagtail_admin_comments": []}, "approved_go_live_at": null}}, {"model": "wagtailcore.revision", "pk": 101, "fields": {"content_type": 47, "base_content_type": 1, "object_id": "8", "created_at": "2026-06-10T13:20:58.204Z", "user": 1, "object_str": "Quiz Club", "content": {"pk": 8, "path": "000100010005", "depth": 3, "numchild": 0, "translation_key": "c21d2bd2-5ef1-40bb-ab25-e68bd4cd2e3b", "locale": 1, "latest_revision": 100, "live": true, "has_unpublished_changes": true, "first_published_at": "2026-02-21T02:28:15.802Z", "last_published_at": "2026-06-10T13:17:09.863Z", "live_revision": 49, "go_live_at": null, "expire_at": null, "expired": false, "locked": false, "locked_at": null, "locked_by": null, "title": "Quiz Club", "draft_title": "Quiz Club", "slug": "quiz-club", "content_type": 47, "url_path": "/home/quiz-club/", "owner": 1, "seo_title": "", "show_in_menus": false, "search_description": "", "latest_revision_created_at": "2026-06-10T13:19:38.212Z", "alias_of": null, "president_name": "Md Sami Akmal Ansari", "description": "", "club_image": null, "wagtail_admin_comments": []}, "approved_go_live_at": null}}, {"model": "wagtailcore.revision", "pk": 102, "fields": {"content_type": 47, "base_content_type": 1, "object_id": "12", "created_at": "2026-06-10T13:35:50.401Z", "user": 3, "object_str": "Beautification Club", "content": {"pk": 12, "path": "000100010008", "depth": 3, "numchild": 1, "translation_key": "7af65bf9-6af2-4331-8532-6d8cc514410c", "locale": 1, "latest_revision": 97, "live": true, "has_unpublished_changes": false, "first_published_at": "2026-02-21T03:25:37.641Z", "last_published_at": "2026-06-10T13:26:05.256Z", "live_revision": 97, "go_live_at": null, "expire_at": null, "expired": false, "locked": false, "locked_at": null, "locked_by": null, "title": "Beautification Club", "draft_title": "Beautification Club", "slug": "beautification-club", "content_type": 47, "url_path": "/home/beautification-club/", "owner": 1, "seo_title": "", "show_in_menus": false, "search_description": "", "latest_revision_created_at": "2026-06-10T13:16:36.038Z", "alias_of": null, "president_name": "Poulami Nandi", "description": "", "club_image": 8, "wagtail_admin_comments": []}, "approved_go_live_at": null}}, {"model": "wagtailcore.revision", "pk": 103, "fields": {"content_type": 47, "base_content_type": 1, "object_id": "12", "created_at": "2026-06-10T13:59:30.937Z", "user": 3, "object_str": "Beautification Club", "content": {"pk": 12, "path": "000100010008", "depth": 3, "numchild": 1, "translation_key": "7af65bf9-6af2-4331-8532-6d8cc514410c", "locale": 1, "latest_revision": 103, "live": true, "has_unpublished_changes": true, "first_published_at": "2026-02-21T03:25:37.641Z", "last_published_at": "2026-06-10T13:26:05.256Z", "live_revision": 97, "go_live_at": null, "expire_at": null, "expired": false, "locked": false, "locked_at": null, "locked_by": null, "title": "Beautification Club", "draft_title": "Beautification Club", "slug": "beautification-club", "content_type": 47, "url_path": "/home/beautification-club/", "owner": 1, "seo_title": "", "show_in_menus": false, "search_description": "", "latest_revision_created_at": "2026-06-10T13:59:27.395Z", "alias_of": null, "president_name": "Poulami Nandi", "description": "<p data-block-key=\"8pmen\"><b>Beautification Club:</b> Its function is to enhance the aesthetic appeal of classrooms through creative decoration, thoughtful organization, and artistic displays, creating a pleasant and inspiring learning environment for students. </p>", "club_image": 8, "wagtail_admin_comments": []}, "approved_go_live_at": null}}, {"model": "wagtailcore.revision", "pk": 104, "fields": {"content_type": 47, "base_content_type": 1, "object_id": "12", "created_at": "2026-06-10T13:59:33.856Z", "user": 3, "object_str": "Beautification Club", "content": {"pk": 12, "path": "000100010008", "depth": 3, "numchild": 1, "translation_key": "7af65bf9-6af2-4331-8532-6d8cc514410c", "locale": 1, "latest_revision": 103, "live": true, "has_unpublished_changes": true, "first_published_at": "2026-02-21T03:25:37.641Z", "last_published_at": "2026-06-10T13:26:05.256Z", "live_revision": 97, "go_live_at": null, "expire_at": null, "expired": false, "locked": false, "locked_at": null, "locked_by": null, "title": "Beautification Club", "draft_title": "Beautification Club", "slug": "beautification-club", "content_type": 47, "url_path": "/home/beautification-club/", "owner": 1, "seo_title": "", "show_in_menus": false, "search_description": "", "latest_revision_created_at": "2026-06-10T13:59:30.937Z", "alias_of": null, "president_name": "Poulami Nandi", "description": "<p data-block-key=\"8pmen\"><b>Beautification Club:</b> Its function is to enhance the aesthetic appeal of classrooms through creative decoration, thoughtful organization, and artistic displays, creating a pleasant and inspiring learning environment for students. </p>", "club_image": 8, "wagtail_admin_comments": []}, "approved_go_live_at": null}}, {"model": "wagtailcore.revision", "pk": 105, "fields": {"content_type": 30, "base_content_type": 1, "object_id": "15", "created_at": "2026-06-10T14:02:35.203Z", "user": 1, "object_str": "The Passion Of Christ", "content": {"pk": 15, "path": "0001000100040002", "depth": 4, "numchild": 0, "translation_key": "14f84cb6-40cc-4999-b987-cef7fe29e30e", "locale": 1, "latest_revision": 105, "live": true, "has_unpublished_changes": true, "first_published_at": "2026-02-21T04:03:42.555Z", "last_published_at": "2026-02-21T04:20:04.241Z", "live_revision": 77, "go_live_at": null, "expire_at": null, "expired": false, "locked": false, "locked_at": null, "locked_by": null, "title": "The Passion Of Christ", "draft_title": "The Passion Of Christ", "slug": "the-passion-of-christ", "content_type": 30, "url_path": "/home/cine-club/the-passion-of-christ/", "owner": 1, "seo_title": "", "show_in_menus": false, "search_description": "", "latest_revision_created_at": "2026-06-10T14:01:14.119Z", "alias_of": null, "author": "Cine Club, Ayush", "date": "2026-02-21", "intro": "Passion of christ shows us the last 12 hours of christ's life", "main_image": 5, "body": "[{\"type\": \"paragraph\", \"value\": \"<p data-block-key=\\\"6a6ab\\\"> </p><h3 data-block-key=\\\"eqvc0\\\"><i>Department of English, Gour Mahavidyalaya</i></h3><p data-block-key=\\\"56rs0\\\">The Department of English at Gour Mahavidyalaya has officially initiated the administrative rollout and operational setup for <b>The English Hub</b> digital portal. Shifting away from traditional academic structures, this initiative focuses entirely on establishing a robust digital infrastructure managed directly by a core student committee.</p><p data-block-key=\\\"eohp9\\\">This platform serves as the central node for departmental resources, club updates, and notice distribution, marking a significant step forward in the department's transition toward computerized administration and student leadership workflows.</p><h3 data-block-key=\\\"e549g\\\">\\ud83d\\udccb Executive Administration &amp; Management Team</h3><p data-block-key=\\\"59bi0\\\">To guarantee the smooth deployment, database maintenance, and long-term functionality of the platform, an executive board of student administrators has been appointed. This team handles everything from system operations to backend configuration:</p><ul><li data-block-key=\\\"49a5r\\\"><b>Soukarya Mandal</b><br/><ul><li data-block-key=\\\"ce48h\\\"><i>Designation:</i> Senior Platform Administrator</li><li data-block-key=\\\"gnqt\\\"><i>Core Responsibilities:</i> Deployment monitoring, server synchronization oversight, and macro-level administrative coordination.</li></ul></li><li data-block-key=\\\"7vtl7\\\"><b>Samiran Barman</b><br/><ul><li data-block-key=\\\"9ou55\\\"><i>Designation:</i> Operations &amp; Club Administrator</li><li data-block-key=\\\"dj934\\\"><i>Core Responsibilities:</i> Functional management of club assets, portal navigation maintenance, and operational alignment.</li></ul></li><li data-block-key=\\\"34p95\\\"><b>Md Sami Akmal Ansari</b><br/><ul><li data-block-key=\\\"8t9q0\\\"><i>Designation:</i> Data &amp; Systems Administrator</li><li data-block-key=\\\"chicd\\\"><i>Core Responsibilities:</i> Technical asset management, system verification, and administrative database checks.</li></ul></li><li data-block-key=\\\"dqchh\\\"><b>Shirin Ebadi</b><br/><ul><li data-block-key=\\\"6fkjt\\\"><i>Designation:</i> Communications &amp; Content Administrator</li><li data-block-key=\\\"76ikl\\\"><i>Core Responsibilities:</i> Portal notice moderation, interface layout verification, and public-facing administrative updates.</li></ul></li></ul><h3 data-block-key=\\\"alfrs\\\"></h3>\", \"id\": \"6c4f875d-d182-43b7-a949-3251e460e7d9\"}]", "wagtail_admin_comments": []}, "approved_go_live_at": null}}, {"model": "wagtailcore.revision", "pk": 106, "fields": {"content_type": 30, "base_content_type": 1, "object_id": "15", "created_at": "2026-06-10T14:02:48.201Z", "user": 1, "object_str": "The Passion Of Christ", "content": {"pk": 15, "path": "0001000100040002", "depth": 4, "numchild": 0, "translation_key": "14f84cb6-40cc-4999-b987-cef7fe29e30e", "locale": 1, "latest_revision": 105, "live": true, "has_unpublished_changes": true, "first_published_at": "2026-02-21T04:03:42.555Z", "last_published_at": "2026-02-21T04:20:04.241Z", "live_revision": 77, "go_live_at": null, "expire_at": null, "expired": false, "locked": false, "locked_at": null, "locked_by": null, "title": "The Passion Of Christ", "draft_title": "The Passion Of Christ", "slug": "the-passion-of-christ", "content_type": 30, "url_path": "/home/cine-club/the-passion-of-christ/", "owner": 1, "seo_title": "", "show_in_menus": false, "search_description": "", "latest_revision_created_at": "2026-06-10T14:02:35.203Z", "alias_of": null, "author": "Cine Club, Ayush", "date": "2026-02-21", "intro": "Passion of christ shows us the last 12 hours of christ's life", "main_image": 5, "body": "[{\"type\": \"paragraph\", \"value\": \"<p data-block-key=\\\"6a6ab\\\"> </p><h3 data-block-key=\\\"eqvc0\\\"><i>Department of English, Gour Mahavidyalaya</i></h3><p data-block-key=\\\"56rs0\\\">The Department of English at Gour Mahavidyalaya has officially initiated the administrative rollout and operational setup for <b>The English Hub</b> digital portal. Shifting away from traditional academic structures, this initiative focuses entirely on establishing a robust digital infrastructure managed directly by a core student committee.</p><p data-block-key=\\\"eohp9\\\">This platform serves as the central node for departmental resources, club updates, and notice distribution, marking a significant step forward in the department's transition toward computerized administration and student leadership workflows.</p><h3 data-block-key=\\\"e549g\\\">\\ud83d\\udccb Executive Administration &amp; Management Team</h3><p data-block-key=\\\"59bi0\\\">To guarantee the smooth deployment, database maintenance, and long-term functionality of the platform, an executive board of student administrators has been appointed. This team handles everything from system operations to backend configuration:</p><ul><li data-block-key=\\\"49a5r\\\"><b>Soukarya Mandal</b><br/><ul><li data-block-key=\\\"ce48h\\\"><i>Designation:</i> Senior Platform Administrator</li><li data-block-key=\\\"gnqt\\\"><i>Core Responsibilities:</i> Deployment monitoring, server synchronization oversight, and macro-level administrative coordination.</li></ul></li><li data-block-key=\\\"7vtl7\\\"><b>Samiran Barman</b><br/><ul><li data-block-key=\\\"9ou55\\\"><i>Designation:</i> Operations &amp; Club Administrator</li><li data-block-key=\\\"dj934\\\"><i>Core Responsibilities:</i> Functional management of club assets, portal navigation maintenance, and operational alignment.</li></ul></li><li data-block-key=\\\"34p95\\\"><b>Md Sami Akmal Ansari</b><br/><ul><li data-block-key=\\\"8t9q0\\\"><i>Designation:</i> Data &amp; Systems Administrator</li><li data-block-key=\\\"chicd\\\"><i>Core Responsibilities:</i> Technical asset management, system verification, and administrative database checks.</li></ul></li><li data-block-key=\\\"dqchh\\\"><b>Shirin Ebadi</b><br/><ul><li data-block-key=\\\"6fkjt\\\"><i>Designation:</i> Communications &amp; Content Administrator</li><li data-block-key=\\\"76ikl\\\"><i>Core Responsibilities:</i> Portal notice moderation, interface layout verification, and public-facing administrative updates.</li></ul></li></ul><p data-block-key=\\\"alfrs\\\"></p>\", \"id\": \"6c4f875d-d182-43b7-a949-3251e460e7d9\"}]", "wagtail_admin_comments": []}, "approved_go_live_at": null}}, {"model": "wagtailcore.revision", "pk": 107, "fields": {"content_type": 30, "base_content_type": 1, "object_id": "15", "created_at": "2026-06-10T14:02:57.431Z", "user": 1, "object_str": "The Passion Of Christ", "content": {"pk": 15, "path": "0001000100040002", "depth": 4, "numchild": 0, "translation_key": "14f84cb6-40cc-4999-b987-cef7fe29e30e", "locale": 1, "latest_revision": 106, "live": true, "has_unpublished_changes": true, "first_published_at": "2026-02-21T04:03:42.555Z", "last_published_at": "2026-02-21T04:20:04.241Z", "live_revision": 77, "go_live_at": null, "expire_at": null, "expired": false, "locked": false, "locked_at": null, "locked_by": null, "title": "The Passion Of Christ", "draft_title": "The Passion Of Christ", "slug": "the-passion-of-christ", "content_type": 30, "url_path": "/home/cine-club/the-passion-of-christ/", "owner": 1, "seo_title": "", "show_in_menus": false, "search_description": "", "latest_revision_created_at": "2026-06-10T14:02:48.201Z", "alias_of": null, "author": "Cine Club, Ayush", "date": "2026-02-21", "intro": "Passion of christ shows us the last 12 hours of christ's life", "main_image": 5, "body": "[{\"type\": \"paragraph\", \"value\": \"<p data-block-key=\\\"6a6ab\\\"></p><h3 data-block-key=\\\"eqvc0\\\"><i>Department of English, Gour Mahavidyalaya</i></h3><p data-block-key=\\\"56rs0\\\">The Department of English at Gour Mahavidyalaya has officially initiated the administrative rollout and operational setup for <b>The English Hub</b> digital portal. Shifting away from traditional academic structures, this initiative focuses entirely on establishing a robust digital infrastructure managed directly by a core student committee.</p><p data-block-key=\\\"eohp9\\\">This platform serves as the central node for departmental resources, club updates, and notice distribution, marking a significant step forward in the department's transition toward computerized administration and student leadership workflows.</p><h3 data-block-key=\\\"e549g\\\">\\ud83d\\udccb Executive Administration &amp; Management Team</h3><p data-block-key=\\\"59bi0\\\">To guarantee the smooth deployment, database maintenance, and long-term functionality of the platform, an executive board of student administrators has been appointed. This team handles everything from system operations to backend configuration:</p><ul><li data-block-key=\\\"49a5r\\\"><b>Soukarya Mandal</b><br/><ul><li data-block-key=\\\"ce48h\\\"><i>Designation:</i> Senior Platform Administrator</li><li data-block-key=\\\"gnqt\\\"><i>Core Responsibilities:</i> Deployment monitoring, server synchronization oversight, and macro-level administrative coordination.</li></ul></li><li data-block-key=\\\"7vtl7\\\"><b>Samiran Barman</b><br/><ul><li data-block-key=\\\"9ou55\\\"><i>Designation:</i> Operations &amp; Club Administrator</li><li data-block-key=\\\"dj934\\\"><i>Core Responsibilities:</i> Functional management of club assets, portal navigation maintenance, and operational alignment.</li></ul></li><li data-block-key=\\\"34p95\\\"><b>Md Sami Akmal Ansari</b><br/><ul><li data-block-key=\\\"8t9q0\\\"><i>Designation:</i> Data &amp; Systems Administrator</li><li data-block-key=\\\"chicd\\\"><i>Core Responsibilities:</i> Technical asset management, system verification, and administrative database checks.</li></ul></li><li data-block-key=\\\"dqchh\\\"><b>Shirin Ebadi</b><br/><ul><li data-block-key=\\\"6fkjt\\\"><i>Designation:</i> Communications &amp; Content Administrator</li><li data-block-key=\\\"76ikl\\\"><i>Core Responsibilities:</i> Portal notice moderation, interface layout verification, and public-facing administrative updates.</li></ul></li></ul><p data-block-key=\\\"alfrs\\\"></p>\", \"id\": \"6c4f875d-d182-43b7-a949-3251e460e7d9\"}]", "wagtail_admin_comments": []}, "approved_go_live_at": null}}, {"model": "wagtailcore.revision", "pk": 108, "fields": {"content_type": 30, "base_content_type": 1, "object_id": "15", "created_at": "2026-06-10T14:08:59.079Z", "user": 1, "object_str": "The Passion Of Christ", "content": {"pk": 15, "path": "0001000100040002", "depth": 4, "numchild": 0, "translation_key": "14f84cb6-40cc-4999-b987-cef7fe29e30e", "locale": 1, "latest_revision": 107, "live": true, "has_unpublished_changes": true, "first_published_at": "2026-02-21T04:03:42.555Z", "last_published_at": "2026-02-21T04:20:04.241Z", "live_revision": 77, "go_live_at": null, "expire_at": null, "expired": false, "locked": false, "locked_at": null, "locked_by": null, "title": "The Passion Of Christ", "draft_title": "The Passion Of Christ", "slug": "the-passion-of-christ", "content_type": 30, "url_path": "/home/cine-club/the-passion-of-christ/", "owner": 1, "seo_title": "", "show_in_menus": false, "search_description": "", "latest_revision_created_at": "2026-06-10T14:02:57.431Z", "alias_of": null, "author": "Cine Club, Ayush", "date": "2026-02-21", "intro": "Passion of christ shows us the last 12 hours of christ's life", "main_image": 5, "body": "[{\"type\": \"paragraph\", \"value\": \"<p data-block-key=\\\"6a6ab\\\"></p><h3 data-block-key=\\\"eqvc0\\\"><i>Department of English, Gour Mahavidyalaya</i></h3><p data-block-key=\\\"56rs0\\\">The Department of English at Gour Mahavidyalaya has officially initiated the administrative rollout and operational setup for <b>The English Hub</b> digital portal. Shifting away from traditional academic structures, this initiative focuses entirely on establishing a robust digital infrastructure managed directly by a core student committee.</p><p data-block-key=\\\"eohp9\\\">This platform serves as the central node for departmental resources, club updates, and notice distribution, marking a significant step forward in the department's transition toward computerized administration and student leadership workflows.</p><h3 data-block-key=\\\"e549g\\\">\\ud83d\\udccb Executive Administration &amp; Management Team</h3><p data-block-key=\\\"59bi0\\\">To guarantee the smooth deployment, database maintenance, and long-term functionality of the platform, an executive board of student administrators has been appointed. This team handles everything from system operations to backend configuration:</p><ul><li data-block-key=\\\"49a5r\\\"><b>Soukarya Mandal</b><br/><ul><li data-block-key=\\\"ce48h\\\"><i>Designation:</i> Senior Platform Administrator</li><li data-block-key=\\\"gnqt\\\"><i>Core Responsibilities:</i> Deployment monitoring, server synchronization oversight, and macro-level administrative coordination.</li></ul></li><li data-block-key=\\\"7vtl7\\\"><b>Samiran Barman</b><br/><ul><li data-block-key=\\\"9ou55\\\"><i>Designation:</i> Operations &amp; Club Administrator</li><li data-block-key=\\\"dj934\\\"><i>Core Responsibilities:</i> Functional management of club assets, portal navigation maintenance, and operational alignment.</li></ul></li><li data-block-key=\\\"34p95\\\"><b>Md Sami Akmal Ansari</b><br/><ul><li data-block-key=\\\"8t9q0\\\"><i>Designation:</i> Data &amp; Systems Administrator</li><li data-block-key=\\\"chicd\\\"><i>Core Responsibilities:</i> Technical asset management, system verification, and administrative database checks.</li></ul></li><li data-block-key=\\\"dqchh\\\"><b>Shirin Ebadi</b><br/><ul><li data-block-key=\\\"6fkjt\\\"><i>Designation:</i> Communications &amp; Content Administrator</li><li data-block-key=\\\"76ikl\\\"><i>Core Responsibilities:</i> Portal notice moderation, interface layout verification, and public-facing administrative updates.</li></ul></li></ul><p data-block-key=\\\"alfrs\\\"></p>\", \"id\": \"6c4f875d-d182-43b7-a949-3251e460e7d9\"}]", "wagtail_admin_comments": []}, "approved_go_live_at": null}}, {"model": "wagtailcore.revision", "pk": 109, "fields": {"content_type": 30, "base_content_type": 1, "object_id": "15", "created_at": "2026-06-10T14:09:54.653Z", "user": 1, "object_str": "The Passion Of Christ", "content": {"pk": 15, "path": "0001000100040002", "depth": 4, "numchild": 0, "translation_key": "14f84cb6-40cc-4999-b987-cef7fe29e30e", "locale": 1, "latest_revision": 109, "live": true, "has_unpublished_changes": true, "first_published_at": "2026-02-21T04:03:42.555Z", "last_published_at": "2026-02-21T04:20:04.241Z", "live_revision": 77, "go_live_at": null, "expire_at": null, "expired": false, "locked": false, "locked_at": null, "locked_by": null, "title": "The Passion Of Christ", "draft_title": "The Passion Of Christ", "slug": "the-passion-of-christ", "content_type": 30, "url_path": "/home/cine-club/the-passion-of-christ/", "owner": 1, "seo_title": "", "show_in_menus": false, "search_description": "", "latest_revision_created_at": "2026-06-10T14:09:49.661Z", "alias_of": null, "author": "Cine Club, Ayush (President", "date": "2026-02-21", "intro": "Passion of christ shows us the last 12 hours of christ's life", "main_image": 5, "body": "[{\"type\": \"paragraph\", \"value\": \"<p data-block-key=\\\"6a6ab\\\"></p><h3 data-block-key=\\\"eqvc0\\\"><i>Department of English, Gour Mahavidyalaya</i></h3><p data-block-key=\\\"56rs0\\\">The Department of English at Gour Mahavidyalaya has officially initiated the administrative rollout and operational setup for <b>The English Hub</b> digital portal. Shifting away from traditional academic structures, this initiative focuses entirely on establishing a robust digital infrastructure managed directly by a core student committee.</p><p data-block-key=\\\"eohp9\\\">This platform serves as the central node for departmental resources, club updates, and notice distribution, marking a significant step forward in the department's transition toward computerized administration and student leadership workflows.</p><h3 data-block-key=\\\"e549g\\\">\\ud83d\\udccb Executive Administration &amp; Management Team</h3><p data-block-key=\\\"59bi0\\\">To guarantee the smooth deployment, database maintenance, and long-term functionality of the platform, an executive board of student administrators has been appointed. This team handles everything from system operations to backend configuration:</p><ul><li data-block-key=\\\"49a5r\\\"><b>Soukarya Mandal</b><br/><ul><li data-block-key=\\\"ce48h\\\"><i>Designation:</i> Senior Platform Administrator</li><li data-block-key=\\\"gnqt\\\"><i>Core Responsibilities:</i> Deployment monitoring, server synchronization oversight, and macro-level administrative coordination.</li></ul></li><li data-block-key=\\\"7vtl7\\\"><b>Samiran Barman</b><br/><ul><li data-block-key=\\\"9ou55\\\"><i>Designation:</i> Operations &amp; Club Administrator</li><li data-block-key=\\\"dj934\\\"><i>Core Responsibilities:</i> Functional management of club assets, portal navigation maintenance, and operational alignment.</li></ul></li><li data-block-key=\\\"34p95\\\"><b>Md Sami Akmal Ansari</b><br/><ul><li data-block-key=\\\"8t9q0\\\"><i>Designation:</i> Data &amp; Systems Administrator</li><li data-block-key=\\\"chicd\\\"><i>Core Responsibilities:</i> Technical asset management, system verification, and administrative database checks.</li></ul></li><li data-block-key=\\\"dqchh\\\"><b>Shirin Ebadi</b><br/><ul><li data-block-key=\\\"6fkjt\\\"><i>Designation:</i> Communications &amp; Content Administrator</li><li data-block-key=\\\"76ikl\\\"><i>Core Responsibilities:</i> Portal notice moderation, interface layout verification, and public-facing administrative updates.</li></ul></li></ul><p data-block-key=\\\"alfrs\\\"></p>\", \"id\": \"6c4f875d-d182-43b7-a949-3251e460e7d9\"}]", "wagtail_admin_comments": []}, "approved_go_live_at": null}}, {"model": "wagtailcore.revision", "pk": 110, "fields": {"content_type": 30, "base_content_type": 1, "object_id": "15", "created_at": "2026-06-10T14:09:56.730Z", "user": 1, "object_str": "The Passion Of Christ", "content": {"pk": 15, "path": "0001000100040002", "depth": 4, "numchild": 0, "translation_key": "14f84cb6-40cc-4999-b987-cef7fe29e30e", "locale": 1, "latest_revision": 109, "live": true, "has_unpublished_changes": true, "first_published_at": "2026-02-21T04:03:42.555Z", "last_published_at": "2026-02-21T04:20:04.241Z", "live_revision": 77, "go_live_at": null, "expire_at": null, "expired": false, "locked": false, "locked_at": null, "locked_by": null, "title": "The Passion Of Christ", "draft_title": "The Passion Of Christ", "slug": "the-passion-of-christ", "content_type": 30, "url_path": "/home/cine-club/the-passion-of-christ/", "owner": 1, "seo_title": "", "show_in_menus": false, "search_description": "", "latest_revision_created_at": "2026-06-10T14:09:54.653Z", "alias_of": null, "author": "Cine Club, Ayush (President)", "date": "2026-02-21", "intro": "Passion of christ shows us the last 12 hours of christ's life", "main_image": 5, "body": "[{\"type\": \"paragraph\", \"value\": \"<p data-block-key=\\\"6a6ab\\\"></p><h3 data-block-key=\\\"eqvc0\\\"><i>Department of English, Gour Mahavidyalaya</i></h3><p data-block-key=\\\"56rs0\\\">The Department of English at Gour Mahavidyalaya has officially initiated the administrative rollout and operational setup for <b>The English Hub</b> digital portal. Shifting away from traditional academic structures, this initiative focuses entirely on establishing a robust digital infrastructure managed directly by a core student committee.</p><p data-block-key=\\\"eohp9\\\">This platform serves as the central node for departmental resources, club updates, and notice distribution, marking a significant step forward in the department's transition toward computerized administration and student leadership workflows.</p><h3 data-block-key=\\\"e549g\\\">\\ud83d\\udccb Executive Administration &amp; Management Team</h3><p data-block-key=\\\"59bi0\\\">To guarantee the smooth deployment, database maintenance, and long-term functionality of the platform, an executive board of student administrators has been appointed. This team handles everything from system operations to backend configuration:</p><ul><li data-block-key=\\\"49a5r\\\"><b>Soukarya Mandal</b><br/><ul><li data-block-key=\\\"ce48h\\\"><i>Designation:</i> Senior Platform Administrator</li><li data-block-key=\\\"gnqt\\\"><i>Core Responsibilities:</i> Deployment monitoring, server synchronization oversight, and macro-level administrative coordination.</li></ul></li><li data-block-key=\\\"7vtl7\\\"><b>Samiran Barman</b><br/><ul><li data-block-key=\\\"9ou55\\\"><i>Designation:</i> Operations &amp; Club Administrator</li><li data-block-key=\\\"dj934\\\"><i>Core Responsibilities:</i> Functional management of club assets, portal navigation maintenance, and operational alignment.</li></ul></li><li data-block-key=\\\"34p95\\\"><b>Md Sami Akmal Ansari</b><br/><ul><li data-block-key=\\\"8t9q0\\\"><i>Designation:</i> Data &amp; Systems Administrator</li><li data-block-key=\\\"chicd\\\"><i>Core Responsibilities:</i> Technical asset management, system verification, and administrative database checks.</li></ul></li><li data-block-key=\\\"dqchh\\\"><b>Shirin Ebadi</b><br/><ul><li data-block-key=\\\"6fkjt\\\"><i>Designation:</i> Communications &amp; Content Administrator</li><li data-block-key=\\\"76ikl\\\"><i>Core Responsibilities:</i> Portal notice moderation, interface layout verification, and public-facing administrative updates.</li></ul></li></ul><p data-block-key=\\\"alfrs\\\"></p>\", \"id\": \"6c4f875d-d182-43b7-a949-3251e460e7d9\"}]", "wagtail_admin_comments": []}, "approved_go_live_at": null}}, {"model": "wagtailcore.revision", "pk": 111, "fields": {"content_type": 30, "base_content_type": 1, "object_id": "15", "created_at": "2026-06-10T14:10:38.726Z", "user": 1, "object_str": "The Passion Of Christ", "content": {"pk": 15, "path": "0001000100040002", "depth": 4, "numchild": 0, "translation_key": "14f84cb6-40cc-4999-b987-cef7fe29e30e", "locale": 1, "latest_revision": 110, "live": true, "has_unpublished_changes": true, "first_published_at": "2026-02-21T04:03:42.555Z", "last_published_at": "2026-02-21T04:20:04.241Z", "live_revision": 77, "go_live_at": null, "expire_at": null, "expired": false, "locked": false, "locked_at": null, "locked_by": null, "title": "The Passion Of Christ", "draft_title": "The Passion Of Christ", "slug": "the-passion-of-christ", "content_type": 30, "url_path": "/home/cine-club/the-passion-of-christ/", "owner": 1, "seo_title": "", "show_in_menus": false, "search_description": "", "latest_revision_created_at": "2026-06-10T14:09:56.730Z", "alias_of": null, "author": "Cine Club, Ayush (President)", "date": "2026-02-21", "intro": "Passion of christ shows us the last 12 hours of christ's life", "main_image": 5, "body": "[{\"type\": \"paragraph\", \"value\": \"<p data-block-key=\\\"6a6ab\\\"></p><h3 data-block-key=\\\"eqvc0\\\"><i>Department of English, Gour Mahavidyalaya</i></h3><p data-block-key=\\\"56rs0\\\">The Department of English at Gour Mahavidyalaya has officially initiated the administrative rollout and operational setup for <b>The English Hub</b> digital portal. Shifting away from traditional academic structures, this initiative focuses entirely on establishing a robust digital infrastructure managed directly by a core student committee.</p><p data-block-key=\\\"eohp9\\\">This platform serves as the central node for departmental resources, club updates, and notice distribution, marking a significant step forward in the department's transition toward computerized administration and student leadership workflows.</p><h3 data-block-key=\\\"e549g\\\">\\ud83d\\udccb Executive Administration &amp; Management Team</h3><p data-block-key=\\\"59bi0\\\">To guarantee the smooth deployment, database maintenance, and long-term functionality of the platform, an executive board of student administrators has been appointed. This team handles everything from system operations to backend configuration:</p><ul><li data-block-key=\\\"49a5r\\\"><b>Soukarya Mandal</b><br/><ul><li data-block-key=\\\"ce48h\\\"><i>Designation:</i> Senior Platform Administrator</li><li data-block-key=\\\"gnqt\\\"><i>Core Responsibilities:</i> Deployment monitoring, server synchronization oversight, and macro-level administrative coordination.</li></ul></li><li data-block-key=\\\"7vtl7\\\"><b>Samiran Barman</b><br/><ul><li data-block-key=\\\"9ou55\\\"><i>Designation:</i> Operations &amp; Club Administrator</li><li data-block-key=\\\"dj934\\\"><i>Core Responsibilities:</i> Functional management of club assets, portal navigation maintenance, and operational alignment.</li></ul></li><li data-block-key=\\\"34p95\\\"><b>Md Sami Akmal Ansari</b><br/><ul><li data-block-key=\\\"8t9q0\\\"><i>Designation:</i> Data &amp; Systems Administrator</li><li data-block-key=\\\"chicd\\\"><i>Core Responsibilities:</i> Technical asset management, system verification, and administrative database checks.</li></ul></li><li data-block-key=\\\"dqchh\\\"><b>Shirin Ebadi</b><br/><ul><li data-block-key=\\\"6fkjt\\\"><i>Designation:</i> Communications &amp; Content Administrator</li><li data-block-key=\\\"76ikl\\\"><i>Core Responsibilities:</i> Portal notice moderation, interface layout verification, and public-facing administrative updates.</li></ul></li></ul><p data-block-key=\\\"alfrs\\\"></p>\", \"id\": \"6c4f875d-d182-43b7-a949-3251e460e7d9\"}]", "wagtail_admin_comments": []}, "approved_go_live_at": null}}, {"model": "wagtailcore.revision", "pk": 112, "fields": {"content_type": 30, "base_content_type": 1, "object_id": "15", "created_at": "2026-06-10T14:11:10.830Z", "user": 1, "object_str": "The Passion Of Christ", "content": {"pk": 15, "path": "0001000100040002", "depth": 4, "numchild": 0, "translation_key": "14f84cb6-40cc-4999-b987-cef7fe29e30e", "locale": 1, "latest_revision": 111, "live": true, "has_unpublished_changes": true, "first_published_at": "2026-02-21T04:03:42.555Z", "last_published_at": "2026-02-21T04:20:04.241Z", "live_revision": 77, "go_live_at": null, "expire_at": null, "expired": false, "locked": false, "locked_at": null, "locked_by": null, "title": "The Passion Of Christ", "draft_title": "The Passion Of Christ", "slug": "the-passion-of-christ", "content_type": 30, "url_path": "/home/cine-club/the-passion-of-christ/", "owner": 1, "seo_title": "", "show_in_menus": false, "search_description": "", "latest_revision_created_at": "2026-06-10T14:10:38.726Z", "alias_of": null, "author": "Cine Club, Ayush (President)", "date": "2026-02-21", "intro": "Passion of christ shows us the last 12 hours of christ's life", "main_image": 5, "body": "[{\"type\": \"paragraph\", \"value\": \"<p data-block-key=\\\"6a6ab\\\"></p><h3 data-block-key=\\\"eqvc0\\\"><i>Department of English, Gour Mahavidyalaya</i></h3><p data-block-key=\\\"56rs0\\\">The Department of English at Gour Mahavidyalaya has officially initiated the administrative rollout and operational setup for <b>The English Hub</b> digital portal. Shifting away from traditional academic structures, this initiative focuses entirely on establishing a robust digital infrastructure managed directly by a core student committee.</p><p data-block-key=\\\"eohp9\\\">This platform serves as the central node for departmental resources, club updates, and notice distribution, marking a significant step forward in the department's transition toward computerized administration and student leadership workflows.</p><h3 data-block-key=\\\"e549g\\\">\\ud83d\\udccb Executive Administration &amp; Management Team</h3><p data-block-key=\\\"59bi0\\\">To guarantee the smooth deployment, database maintenance, and long-term functionality of the platform, an executive board of student administrators has been appointed. This team handles everything from system operations to backend configuration:</p><ul><li data-block-key=\\\"49a5r\\\"><b>Soukarya Mandal</b><br/><ul><li data-block-key=\\\"ce48h\\\"><i>Designation:</i> Senior Platform Administrator</li><li data-block-key=\\\"gnqt\\\"><i>Core Responsibilities:</i> Deployment monitoring, server synchronization oversight, and macro-level administrative coordination.</li></ul></li><li data-block-key=\\\"7vtl7\\\"><b>Samiran Barman</b><br/><ul><li data-block-key=\\\"9ou55\\\"><i>Designation:</i> Operations &amp; Club Administrator</li><li data-block-key=\\\"dj934\\\"><i>Core Responsibilities:</i> Functional management of club assets, portal navigation maintenance, and operational alignment.</li></ul></li><li data-block-key=\\\"34p95\\\"><b>Md Sami Akmal Ansari</b><br/><ul><li data-block-key=\\\"8t9q0\\\"><i>Designation:</i> Data &amp; Systems Administrator</li><li data-block-key=\\\"chicd\\\"><i>Core Responsibilities:</i> Technical asset management, system verification, and administrative database checks.</li></ul></li><li data-block-key=\\\"dqchh\\\"><b>Shirin Ebadi</b><br/><ul><li data-block-key=\\\"6fkjt\\\"><i>Designation:</i> Communications &amp; Content Administrator</li><li data-block-key=\\\"76ikl\\\"><i>Core Responsibilities:</i> Portal notice moderation, interface layout verification, and public-facing administrative updates.</li></ul></li></ul><p data-block-key=\\\"alfrs\\\"></p>\", \"id\": \"6c4f875d-d182-43b7-a949-3251e460e7d9\"}]", "wagtail_admin_comments": []}, "approved_go_live_at": null}}, {"model": "wagtailcore.revision", "pk": 113, "fields": {"content_type": 30, "base_content_type": 1, "object_id": "16", "created_at": "2026-06-10T14:14:21.004Z", "user": 3, "object_str": "Wall Magazine", "content": {"pk": 16, "path": "0001000100080001", "depth": 4, "numchild": 0, "translation_key": "e8d94448-0051-4a26-9e3c-e60fa472dc41", "locale": 1, "latest_revision": 86, "live": true, "has_unpublished_changes": false, "first_published_at": "2026-02-24T20:30:09.226Z", "last_published_at": "2026-02-24T20:30:09.226Z", "live_revision": 86, "go_live_at": null, "expire_at": null, "expired": false, "locked": false, "locked_at": null, "locked_by": null, "title": "Wall Magazine", "draft_title": "Wall Magazine", "slug": "wall-magazine", "content_type": 30, "url_path": "/home/beautification-club/wall-magazine/", "owner": 1, "seo_title": "", "show_in_menus": false, "search_description": "", "latest_revision_created_at": "2026-02-24T20:29:55.707Z", "alias_of": null, "author": "New Genesis Team", "date": "2026-02-25", "intro": "Creation of Wall Magazine Ft. Beautification Club", "main_image": 8, "body": "[{\"type\": \"paragraph\", \"value\": \"<p data-block-key=\\\"hqhwc\\\">The Beautification club of department of English created or redesigned the Wall magazine of the department.</p>\", \"id\": \"708d0f3e-e376-470a-9137-741ffe62179d\"}, {\"type\": \"image\", \"value\": 9, \"id\": \"778ab719-4cb7-466b-a06a-8d8fefba41f6\"}]", "wagtail_admin_comments": []}, "approved_go_live_at": null}}, {"model": "wagtailcore.revision", "pk": 114, "fields": {"content_type": 30, "base_content_type": 1, "object_id": "15", "created_at": "2026-06-10T14:14:30.237Z", "user": 1, "object_str": "The Passion Of Christ", "content": {"pk": 15, "path": "0001000100040002", "depth": 4, "numchild": 0, "translation_key": "14f84cb6-40cc-4999-b987-cef7fe29e30e", "locale": 1, "latest_revision": 112, "live": true, "has_unpublished_changes": false, "first_published_at": "2026-02-21T04:03:42.555Z", "last_published_at": "2026-06-10T14:12:57.913Z", "live_revision": 112, "go_live_at": null, "expire_at": null, "expired": false, "locked": false, "locked_at": null, "locked_by": null, "title": "The Passion Of Christ", "draft_title": "The Passion Of Christ", "slug": "the-passion-of-christ", "content_type": 30, "url_path": "/home/cine-club/the-passion-of-christ/", "owner": 1, "seo_title": "", "show_in_menus": false, "search_description": "", "latest_revision_created_at": "2026-06-10T14:11:10.830Z", "alias_of": null, "author": "Cine Club, Ayush (President)", "date": "2026-02-21", "intro": "Passion of christ shows us the last 12 hours of christ's life", "main_image": 5, "body": "[{\"type\": \"paragraph\", \"value\": \"<p data-block-key=\\\"6a6ab\\\"> </p><h3 data-block-key=\\\"a40m9\\\"><i>Presented by the Cine Club, Department of English, Gour Mahavidyalaya</i></h3><p data-block-key=\\\"86jl5\\\">The Cine Club under the Department of English successfully hosted a special cinematic screening of Mel Gibson's critically acclaimed and visually striking masterpiece, <b>\\\"The Passion of the Christ\\\"</b>. Moving beyond standard classroom lectures, this film session was organized to provide students with a deeper look into cinematic realism, visual storytelling, and the adaptation of historical and cultural narratives onto the screen.</p><p data-block-key=\\\"dj4j\\\">The event concluded with an interactive discussion focusing on the film\\u2019s controversial aesthetic choices, its intense use of imagery, and its unique technical direction. The entire coordination, technical setup, and crowd management were handled seamlessly from start to finish by the executive leadership of the Cine Club.</p><h3 data-block-key=\\\"99ihr\\\">\\ud83d\\udccb Cine Club Organizing Committee &amp; Leadership</h3><p data-block-key=\\\"a62s1\\\">The entire execution of the screening\\u2014from system configuration to audio-visual calibration and venue management\\u2014was directed by the core administrative team of the Cine Club:</p><ul><li data-block-key=\\\"47s2s\\\"><b>Club President:</b> <b>Samiran Barman</b><br/>Spearheaded the event initiative, managed executive permissions, and presided over the post-screening film analysis discussion.</li><li data-block-key=\\\"56l1m\\\"><b>Executive Administrator:</b> <b>Soukarya Mandal</b><br/>Supervised the technical blueprint, timeline scheduling, and overall operational workflow for the screening hall.</li><li data-block-key=\\\"3vhc7\\\"><b>Systems &amp; Data Administrator:</b> <b>Md Sami Akmal Ansari</b><br/>Managed the audio-visual projection setup, technical asset verification, and digital playback infrastructure.</li><li data-block-key=\\\"3j0fh\\\"><b>Logistics &amp; Communications Administrator:</b> <b>Shirin Ebadi</b><br/>Coordinated student outreach, structural seating arrangements, and session notices across the department.</li></ul><h3 data-block-key=\\\"fr85g\\\">\\ud83c\\udfa5 Core Objectives of the Screening</h3><p data-block-key=\\\"7i614\\\">The administrative council mapped out this screening to meet specific academic and cultural goals within the department:</p><ol><li data-block-key=\\\"d6fnr\\\"><b>Cinematic Realism:</b> Analyzing how director Mel Gibson utilized extreme visual realism and lighting to evoke distinct emotional and psychological reactions from the spectators.</li><li data-block-key=\\\"91qt5\\\"><b>Language and Authenticity:</b> Observing the unique use of reconstructed Aramaic, Latin, and Hebrew dialogues to maintain historical and linguistic immersion.</li><li data-block-key=\\\"erjr8\\\"><b>From Text to Screen:</b> Encouraging English literature students to critically view historical and canonical narratives through the lens of modern digital cinema and spectatorship ethics.</li></ol>\", \"id\": \"6c4f875d-d182-43b7-a949-3251e460e7d9\"}]", "wagtail_admin_comments": []}, "approved_go_live_at": null}}, {"model": "wagtailcore.revision", "pk": 115, "fields": {"content_type": 30, "base_content_type": 1, "object_id": "15", "created_at": "2026-06-10T14:15:01.344Z", "user": 1, "object_str": "The Passion Of Christ", "content": {"pk": 15, "path": "0001000100040002", "depth": 4, "numchild": 0, "translation_key": "14f84cb6-40cc-4999-b987-cef7fe29e30e", "locale": 1, "latest_revision": 114, "live": true, "has_unpublished_changes": true, "first_published_at": "2026-02-21T04:03:42.555Z", "last_published_at": "2026-06-10T14:12:57.913Z", "live_revision": 112, "go_live_at": null, "expire_at": null, "expired": false, "locked": false, "locked_at": null, "locked_by": null, "title": "The Passion Of Christ", "draft_title": "The Passion Of Christ", "slug": "the-passion-of-christ", "content_type": 30, "url_path": "/home/cine-club/the-passion-of-christ/", "owner": 1, "seo_title": "", "show_in_menus": false, "search_description": "", "latest_revision_created_at": "2026-06-10T14:14:30.237Z", "alias_of": null, "author": "Cine Club, Ayush (President)", "date": "2026-02-21", "intro": "Passion of christ shows us the last 12 hours of christ's life", "main_image": 5, "body": "[{\"type\": \"paragraph\", \"value\": \"<p data-block-key=\\\"6a6ab\\\"> </p><h3 data-block-key=\\\"a40m9\\\"><i>Presented by the Cine Club, Department of English, Gour Mahavidyalaya</i></h3><p data-block-key=\\\"86jl5\\\">The Cine Club under the Department of English successfully hosted a special cinematic screening of Mel Gibson's critically acclaimed and visually striking masterpiece, <b>\\\"The Passion of the Christ\\\"</b>. Moving beyond standard classroom lectures, this film session was organized to provide students with a deeper look into cinematic realism, visual storytelling, and the adaptation of historical and cultural narratives onto the screen.</p><p data-block-key=\\\"dj4j\\\">The event concluded with an interactive discussion focusing on the film\\u2019s controversial aesthetic choices, its intense use of imagery, and its unique technical direction. The entire coordination, technical setup, and crowd management were handled seamlessly from start to finish by the executive leadership of the Cine Club.</p><h3 data-block-key=\\\"99ihr\\\">\\ud83d\\udccb Cine Club Organizing Committee &amp; Leadership</h3><p data-block-key=\\\"a62s1\\\">The entire execution of the screening\\u2014from system configuration to audio-visual calibration and venue management\\u2014was directed by the core administrative team of the Cine Club:</p><ul><li data-block-key=\\\"47s2s\\\"><b>Club President:</b> <b>Samiran Barman</b><br/>Spearheaded the event initiative, managed executive permissions, and presided over the post-screening film analysis discussion.</li><li data-block-key=\\\"56l1m\\\"><b>Executive Administrator:</b> <b>Soukarya Mandal</b><br/>Supervised the technical blueprint, timeline scheduling, and overall operational workflow for the screening hall.</li><li data-block-key=\\\"3vhc7\\\"><b>Systems &amp; Data Administrator:</b> <b>Md Sami Akmal Ansari</b><br/>Managed the audio-visual projection setup, technical asset verification, and digital playback infrastructure.</li><li data-block-key=\\\"3j0fh\\\"><b>Logistics &amp; Communications Administrator:</b> <b>Shirin Ebadi</b><br/>Coordinated student outreach, structural seating arrangements, and session notices across the department.</li></ul><h3 data-block-key=\\\"fr85g\\\">\\ud83c\\udfa5 Core Objectives of the Screening</h3><p data-block-key=\\\"7i614\\\">The administrative council mapped out this screening to meet specific academic and cultural goals within the department:</p><ol><li data-block-key=\\\"d6fnr\\\"><b>Cinematic Realism:</b> Analyzing how director Mel Gibson utilized extreme visual realism and lighting to evoke distinct emotional and psychological reactions from the spectators.</li><li data-block-key=\\\"91qt5\\\"><b>Language and Authenticity:</b> Observing the unique use of reconstructed Aramaic, Latin, and Hebrew dialogues to maintain historical and linguistic immersion.</li><li data-block-key=\\\"erjr8\\\"><b>From Text to Screen:</b> Encouraging English literature students to critically view historical and canonical narratives through the lens of modern digital cinema and spectatorship ethics.</li></ol>\", \"id\": \"6c4f875d-d182-43b7-a949-3251e460e7d9\"}]", "wagtail_admin_comments": []}, "approved_go_live_at": null}}, {"model": "wagtailcore.revision", "pk": 116, "fields": {"content_type": 30, "base_content_type": 1, "object_id": "15", "created_at": "2026-06-10T14:15:14.159Z", "user": 1, "object_str": "The Passion Of Christ", "content": {"pk": 15, "path": "0001000100040002", "depth": 4, "numchild": 0, "translation_key": "14f84cb6-40cc-4999-b987-cef7fe29e30e", "locale": 1, "latest_revision": 115, "live": true, "has_unpublished_changes": true, "first_published_at": "2026-02-21T04:03:42.555Z", "last_published_at": "2026-06-10T14:12:57.913Z", "live_revision": 112, "go_live_at": null, "expire_at": null, "expired": false, "locked": false, "locked_at": null, "locked_by": null, "title": "The Passion Of Christ", "draft_title": "The Passion Of Christ", "slug": "the-passion-of-christ", "content_type": 30, "url_path": "/home/cine-club/the-passion-of-christ/", "owner": 1, "seo_title": "", "show_in_menus": false, "search_description": "", "latest_revision_created_at": "2026-06-10T14:15:01.344Z", "alias_of": null, "author": "Cine Club, Ayush (President)", "date": "2026-02-21", "intro": "Passion of christ shows us the last 12 hours of christ's life", "main_image": 5, "body": "[{\"type\": \"paragraph\", \"value\": \"<p data-block-key=\\\"6a6ab\\\"></p><h3 data-block-key=\\\"a40m9\\\"><i>Presented by the Cine Club, Department of English, Gour Mahavidyalaya</i></h3><p data-block-key=\\\"86jl5\\\">The Cine Club under the Department of English successfully hosted a special cinematic screening of Mel Gibson's critically acclaimed and visually striking masterpiece, <b>\\\"The Passion of the Christ\\\"</b>. Moving beyond standard classroom lectures, this film session was organized to provide students with a deeper look into cinematic realism, visual storytelling, and the adaptation of historical and cultural narratives onto the screen.</p><p data-block-key=\\\"dj4j\\\">The event concluded with an interactive discussion focusing on the film\\u2019s controversial aesthetic choices, its intense use of imagery, and its unique technical direction. The entire coordination, technical setup, and crowd management were handled seamlessly from start to finish by the executive leadership of the Cine Club.</p><h3 data-block-key=\\\"99ihr\\\">\\ud83d\\udccb Cine Club Organizing Committee &amp; Leadership</h3><p data-block-key=\\\"a62s1\\\">The entire execution of the screening\\u2014from system configuration to audio-visual calibration and venue management\\u2014was directed by the core administrative team of the Cine Club:</p><ul><li data-block-key=\\\"47s2s\\\"><b>Club President:</b> <b>Samiran Barman</b><br/>Spearheaded the event initiative, managed executive permissions, and presided over the post-screening film analysis discussion.</li><li data-block-key=\\\"56l1m\\\"><b>Executive Administrator:</b> <b>Soukarya Mandal</b><br/>Supervised the technical blueprint, timeline scheduling, and overall operational workflow for the screening hall.</li><li data-block-key=\\\"3vhc7\\\"><b>Systems &amp; Data Administrator:</b> <b>Md Sami Akmal Ansari</b><br/>Managed the audio-visual projection setup, technical asset verification, and digital playback infrastructure.</li><li data-block-key=\\\"3j0fh\\\"><b>Logistics &amp; Communications Administrator:</b> <b>Shirin Ebadi</b><br/>Coordinated student outreach, structural seating arrangements, and session notices across the department.</li></ul><h3 data-block-key=\\\"fr85g\\\">\\ud83c\\udfa5 Core Objectives of the Screening</h3><p data-block-key=\\\"7i614\\\">The administrative council mapped out this screening to meet specific academic and cultural goals within the department:</p><ol><li data-block-key=\\\"d6fnr\\\"><b>Cinematic Realism:</b> Analyzing how director Mel Gibson utilized extreme visual realism and lighting to evoke distinct emotional and psychological reactions from the spectators.</li><li data-block-key=\\\"91qt5\\\"><b>Language and Authenticity:</b> Observing the unique use of reconstructed Aramaic, Latin, and Hebrew dialogues to maintain historical and linguistic immersion.</li><li data-block-key=\\\"erjr8\\\"><b>From Text to Screen:</b> Encouraging English literature students to critically view historical and canonical narratives through the lens of modern digital cinema and spectatorship ethics.</li></ol>\", \"id\": \"6c4f875d-d182-43b7-a949-3251e460e7d9\"}]", "wagtail_admin_comments": []}, "approved_go_live_at": null}}, {"model": "wagtailcore.revision", "pk": 117, "fields": {"content_type": 30, "base_content_type": 1, "object_id": "15", "created_at": "2026-06-10T14:19:07.171Z", "user": 1, "object_str": "The Passion Of Christ", "content": {"pk": 15, "path": "0001000100040002", "depth": 4, "numchild": 0, "translation_key": "14f84cb6-40cc-4999-b987-cef7fe29e30e", "locale": 1, "latest_revision": 116, "live": true, "has_unpublished_changes": false, "first_published_at": "2026-02-21T04:03:42.555Z", "last_published_at": "2026-06-10T14:15:21.894Z", "live_revision": 116, "go_live_at": null, "expire_at": null, "expired": false, "locked": false, "locked_at": null, "locked_by": null, "title": "The Passion Of Christ", "draft_title": "The Passion Of Christ", "slug": "the-passion-of-christ", "content_type": 30, "url_path": "/home/cine-club/the-passion-of-christ/", "owner": 1, "seo_title": "", "show_in_menus": false, "search_description": "", "latest_revision_created_at": "2026-06-10T14:15:14.159Z", "alias_of": null, "author": "Cine Club", "date": "2026-02-21", "intro": "Passion of christ shows us the last 12 hours of christ's life", "main_image": 5, "body": "[{\"type\": \"paragraph\", \"value\": \"<p data-block-key=\\\"6a6ab\\\"></p><h3 data-block-key=\\\"a40m9\\\"><i>Presented by the Cine Club, Department of English, Gour Mahavidyalaya</i></h3><p data-block-key=\\\"86jl5\\\">The Cine Club under the Department of English successfully hosted a special cinematic screening of Mel Gibson's critically acclaimed and visually striking masterpiece, <b>\\\"The Passion of the Christ\\\"</b>. Moving beyond standard classroom lectures, this film session was organized to provide students with a deeper look into cinematic realism, visual storytelling, and the adaptation of historical and cultural narratives onto the screen.</p><p data-block-key=\\\"dj4j\\\">The event concluded with an interactive discussion focusing on the film\\u2019s controversial aesthetic choices, its intense use of imagery, and its unique technical direction. The entire coordination, technical setup, and crowd management were handled seamlessly from start to finish by the executive leadership of the Cine Club.</p><h3 data-block-key=\\\"99ihr\\\">\\ud83d\\udccb Cine Club Organizing Committee &amp; Leadership</h3><p data-block-key=\\\"a62s1\\\">The entire execution of the screening\\u2014from system configuration to audio-visual calibration and venue management\\u2014was directed by the core administrative team of the Cine Club:</p><ul><li data-block-key=\\\"47s2s\\\"><b>Club President:</b> <b>Samiran Barman</b><br/>Spearheaded the event initiative, managed executive permissions, and presided over the post-screening film analysis discussion.</li><li data-block-key=\\\"56l1m\\\"><b>Executive Administrator:</b> <b>Soukarya Mandal</b><br/>Supervised the technical blueprint, timeline scheduling, and overall operational workflow for the screening hall.</li><li data-block-key=\\\"3vhc7\\\"><b>Systems &amp; Data Administrator:</b> <b>Md Sami Akmal Ansari</b><br/>Managed the audio-visual projection setup, technical asset verification, and digital playback infrastructure.</li><li data-block-key=\\\"3j0fh\\\"><b>Logistics &amp; Communications Administrator:</b> <b>Shirin Ebadi</b><br/>Coordinated student outreach, structural seating arrangements, and session notices across the department.</li></ul><h3 data-block-key=\\\"fr85g\\\">\\ud83c\\udfa5 Core Objectives of the Screening</h3><p data-block-key=\\\"7i614\\\">The administrative council mapped out this screening to meet specific academic and cultural goals within the department:</p><ol><li data-block-key=\\\"d6fnr\\\"><b>Cinematic Realism:</b> Analyzing how director Mel Gibson utilized extreme visual realism and lighting to evoke distinct emotional and psychological reactions from the spectators.</li><li data-block-key=\\\"91qt5\\\"><b>Language and Authenticity:</b> Observing the unique use of reconstructed Aramaic, Latin, and Hebrew dialogues to maintain historical and linguistic immersion.</li><li data-block-key=\\\"erjr8\\\"><b>From Text to Screen:</b> Encouraging English literature students to critically view historical and canonical narratives through the lens of modern digital cinema and spectatorship ethics.</li></ol>\", \"id\": \"6c4f875d-d182-43b7-a949-3251e460e7d9\"}]", "wagtail_admin_comments": []}, "approved_go_live_at": null}}, {"model": "wagtailcore.revision", "pk": 118, "fields": {"content_type": 30, "base_content_type": 1, "object_id": "15", "created_at": "2026-06-10T14:19:08.569Z", "user": 1, "object_str": "The Passion Of Christ", "content": {"pk": 15, "path": "0001000100040002", "depth": 4, "numchild": 0, "translation_key": "14f84cb6-40cc-4999-b987-cef7fe29e30e", "locale": 1, "latest_revision": 117, "live": true, "has_unpublished_changes": true, "first_published_at": "2026-02-21T04:03:42.555Z", "last_published_at": "2026-06-10T14:15:21.894Z", "live_revision": 116, "go_live_at": null, "expire_at": null, "expired": false, "locked": false, "locked_at": null, "locked_by": null, "title": "The Passion Of Christ", "draft_title": "The Passion Of Christ", "slug": "the-passion-of-christ", "content_type": 30, "url_path": "/home/cine-club/the-passion-of-christ/", "owner": 1, "seo_title": "", "show_in_menus": false, "search_description": "", "latest_revision_created_at": "2026-06-10T14:19:07.171Z", "alias_of": null, "author": "Cine Club", "date": "2026-02-21", "intro": "Passion of christ shows us the last 12 hours of christ's life", "main_image": 5, "body": "[{\"type\": \"paragraph\", \"value\": \"<p data-block-key=\\\"6a6ab\\\"></p><h3 data-block-key=\\\"a40m9\\\"><i>Presented by the Cine Club, Department of English, Gour Mahavidyalaya</i></h3><p data-block-key=\\\"86jl5\\\">The Cine Club under the Department of English successfully hosted a special cinematic screening of Mel Gibson's critically acclaimed and visually striking masterpiece, <b>\\\"The Passion of the Christ\\\"</b>. Moving beyond standard classroom lectures, this film session was organized to provide students with a deeper look into cinematic realism, visual storytelling, and the adaptation of historical and cultural narratives onto the screen.</p><p data-block-key=\\\"dj4j\\\">The event concluded with an interactive discussion focusing on the film\\u2019s controversial aesthetic choices, its intense use of imagery, and its unique technical direction. The entire coordination, technical setup, and crowd management were handled seamlessly from start to finish by the executive leadership of the Cine Club.</p><h3 data-block-key=\\\"99ihr\\\">\\ud83d\\udccb Cine Club Organizing Committee &amp; Leadership</h3><p data-block-key=\\\"a62s1\\\">The entire execution of the screening\\u2014from system configuration to audio-visual calibration and venue management\\u2014was directed by the core administrative team of the Cine Club:</p><ul><li data-block-key=\\\"47s2s\\\"><b>Club President:</b> <b>Samiran Barman</b><br/>Spearheaded the event initiative, managed executive permissions, and presided over the post-screening film analysis discussion.</li><li data-block-key=\\\"56l1m\\\"><b>Executive Administrator:</b> <b>Soukarya Mandal</b><br/>Supervised the technical blueprint, timeline scheduling, and overall operational workflow for the screening hall.</li><li data-block-key=\\\"3vhc7\\\"><b>Systems &amp; Data Administrator:</b> <b>Md Sami Akmal Ansari</b><br/>Managed the audio-visual projection setup, technical asset verification, and digital playback infrastructure.</li><li data-block-key=\\\"3j0fh\\\"><b>Logistics &amp; Communications Administrator:</b> <b>Shirin Ebadi</b><br/>Coordinated student outreach, structural seating arrangements, and session notices across the department.</li></ul><h3 data-block-key=\\\"fr85g\\\">\\ud83c\\udfa5 Core Objectives of the Screening</h3><p data-block-key=\\\"7i614\\\">The administrative council mapped out this screening to meet specific academic and cultural goals within the department:</p><ol><li data-block-key=\\\"d6fnr\\\"><b>Cinematic Realism:</b> Analyzing how director Mel Gibson utilized extreme visual realism and lighting to evoke distinct emotional and psychological reactions from the spectators.</li><li data-block-key=\\\"91qt5\\\"><b>Language and Authenticity:</b> Observing the unique use of reconstructed Aramaic, Latin, and Hebrew dialogues to maintain historical and linguistic immersion.</li><li data-block-key=\\\"erjr8\\\"><b>From Text to Screen:</b> Encouraging English literature students to critically view historical and canonical narratives through the lens of modern digital cinema and spectatorship ethics.</li></ol>\", \"id\": \"6c4f875d-d182-43b7-a949-3251e460e7d9\"}]", "wagtail_admin_comments": []}, "approved_go_live_at": null}}, {"model": "wagtailcore.revision", "pk": 119, "fields": {"content_type": 5, "base_content_type": 1, "object_id": "3", "created_at": "2026-06-10T14:25:26.492Z", "user": 1, "object_str": "The English Hub", "content": {"pk": 3, "path": "00010001", "depth": 2, "numchild": 6, "translation_key": "a94da5de-759e-4325-a853-7598992ee569", "locale": 1, "latest_revision": 98, "live": true, "has_unpublished_changes": true, "first_published_at": null, "last_published_at": null, "live_revision": null, "go_live_at": null, "expire_at": null, "expired": false, "locked": false, "locked_at": null, "locked_by": null, "title": "The English Hub", "draft_title": "Home", "slug": "home", "content_type": 5, "url_path": "/home/", "owner": null, "seo_title": "", "show_in_menus": false, "search_description": "", "latest_revision_created_at": "2026-06-10T13:16:52.471Z", "alias_of": null, "wagtail_admin_comments": []}, "approved_go_live_at": null}}, {"model": "wagtailcore.revision", "pk": 120, "fields": {"content_type": 5, "base_content_type": 1, "object_id": "3", "created_at": "2026-06-10T14:25:51.313Z", "user": 1, "object_str": "The English Hub", "content": {"pk": 3, "path": "00010001", "depth": 2, "numchild": 6, "translation_key": "a94da5de-759e-4325-a853-7598992ee569", "locale": 1, "latest_revision": 119, "live": true, "has_unpublished_changes": true, "first_published_at": null, "last_published_at": null, "live_revision": null, "go_live_at": null, "expire_at": null, "expired": false, "locked": false, "locked_at": null, "locked_by": null, "title": "The English Hub", "draft_title": "The English Hub", "slug": "home", "content_type": 5, "url_path": "/home/", "owner": null, "seo_title": "", "show_in_menus": false, "search_description": "", "latest_revision_created_at": "2026-06-10T14:25:26.492Z", "alias_of": null, "wagtail_admin_comments": []}, "approved_go_live_at": null}}, {"model": "wagtailcore.revision", "pk": 121, "fields": {"content_type": 5, "base_content_type": 1, "object_id": "3", "created_at": "2026-06-10T14:30:31.445Z", "user": 1, "object_str": "The English Hub", "content": {"pk": 3, "path": "00010001", "depth": 2, "numchild": 6, "translation_key": "a94da5de-759e-4325-a853-7598992ee569", "locale": 1, "latest_revision": 120, "live": true, "has_unpublished_changes": true, "first_published_at": null, "last_published_at": null, "live_revision": null, "go_live_at": null, "expire_at": null, "expired": false, "locked": false, "locked_at": null, "locked_by": null, "title": "The English Hub", "draft_title": "The English Hub", "slug": "home", "content_type": 5, "url_path": "/home/", "owner": null, "seo_title": "", "show_in_menus": false, "search_description": "", "latest_revision_created_at": "2026-06-10T14:25:51.313Z", "alias_of": null, "wagtail_admin_comments": []}, "approved_go_live_at": null}}, {"model": "wagtailcore.revision", "pk": 122, "fields": {"content_type": 5, "base_content_type": 1, "object_id": "3", "created_at": "2026-06-10T14:30:49.494Z", "user": 1, "object_str": "The English Hub", "content": {"pk": 3, "path": "00010001", "depth": 2, "numchild": 6, "translation_key": "a94da5de-759e-4325-a853-7598992ee569", "locale": 1, "latest_revision": 122, "live": true, "has_unpublished_changes": true, "first_published_at": null, "last_published_at": null, "live_revision": null, "go_live_at": null, "expire_at": null, "expired": false, "locked": false, "locked_at": null, "locked_by": null, "title": "The English Hub", "draft_title": "The English Hub", "slug": "home", "content_type": 5, "url_path": "/home/", "owner": null, "seo_title": "The English Hub", "show_in_menus": false, "search_description": "", "latest_revision_created_at": "2026-06-10T14:30:47.481Z", "alias_of": null, "wagtail_admin_comments": []}, "approved_go_live_at": null}}, {"model": "wagtailcore.revision", "pk": 123, "fields": {"content_type": 30, "base_content_type": 1, "object_id": "15", "created_at": "2026-06-10T14:34:59.008Z", "user": 3, "object_str": "The Passion Of Christ", "content": {"pk": 15, "path": "0001000100040002", "depth": 4, "numchild": 0, "translation_key": "14f84cb6-40cc-4999-b987-cef7fe29e30e", "locale": 1, "latest_revision": 123, "live": true, "has_unpublished_changes": true, "first_published_at": "2026-02-21T04:03:42.555Z", "last_published_at": "2026-06-10T14:15:21.894Z", "live_revision": 116, "go_live_at": null, "expire_at": null, "expired": false, "locked": false, "locked_at": null, "locked_by": null, "title": "The Passion Of Christ", "draft_title": "The Passion Of Christ", "slug": "the-passion-of-christ", "content_type": 30, "url_path": "/english-hub/cine-club/the-passion-of-christ/", "owner": 1, "seo_title": "", "show_in_menus": false, "search_description": "", "latest_revision_created_at": "2026-06-10T14:30:54.468Z", "alias_of": null, "author": "Cine Club", "date": "2026-02-21", "intro": "Passion of christ shows us the last 12 hours of christ's life", "main_image": 4, "body": "[{\"type\": \"paragraph\", \"value\": \"<p data-block-key=\\\"6a6ab\\\"></p><h3 data-block-key=\\\"a40m9\\\"><i>Presented by the Cine Club, Department of English, Gour Mahavidyalaya</i></h3><p data-block-key=\\\"86jl5\\\">The Cine Club under the Department of English successfully hosted a special cinematic screening of Mel Gibson's critically acclaimed and visually striking masterpiece, <b>\\\"The Passion of the Christ\\\"</b>. Moving beyond standard classroom lectures, this film session was organized to provide students with a deeper look into cinematic realism, visual storytelling, and the adaptation of historical and cultural narratives onto the screen.</p><p data-block-key=\\\"dj4j\\\">The event concluded with an interactive discussion focusing on the film\\u2019s controversial aesthetic choices, its intense use of imagery, and its unique technical direction. The entire coordination, technical setup, and crowd management were handled seamlessly from start to finish by the executive leadership of the Cine Club.</p><h3 data-block-key=\\\"99ihr\\\">\\ud83d\\udccb Cine Club Organizing Committee &amp; Leadership</h3><p data-block-key=\\\"a62s1\\\">The entire execution of the screening\\u2014from system configuration to audio-visual calibration and venue management\\u2014was directed by the core administrative team of the Cine Club:</p><ul><li data-block-key=\\\"47s2s\\\"><b>Club President:</b> <b>Samiran Barman</b><br/>Spearheaded the event initiative, managed executive permissions, and presided over the post-screening film analysis discussion.</li><li data-block-key=\\\"56l1m\\\"><b>Executive Administrator:</b> <b>Soukarya Mandal</b><br/>Supervised the technical blueprint, timeline scheduling, and overall operational workflow for the screening hall.</li><li data-block-key=\\\"3vhc7\\\"><b>Systems &amp; Data Administrator:</b> <b>Md Sami Akmal Ansari</b><br/>Managed the audio-visual projection setup, technical asset verification, and digital playback infrastructure.</li><li data-block-key=\\\"3j0fh\\\"><b>Logistics &amp; Communications Administrator:</b> <b>Shirin Ebadi</b><br/>Coordinated student outreach, structural seating arrangements, and session notices across the department.</li></ul><h3 data-block-key=\\\"fr85g\\\">\\ud83c\\udfa5 Core Objectives of the Screening</h3><p data-block-key=\\\"7i614\\\">The administrative council mapped out this screening to meet specific academic and cultural goals within the department:</p><ol><li data-block-key=\\\"d6fnr\\\"><b>Cinematic Realism:</b> Analyzing how director Mel Gibson utilized extreme visual realism and lighting to evoke distinct emotional and psychological reactions from the spectators.</li><li data-block-key=\\\"91qt5\\\"><b>Language and Authenticity:</b> Observing the unique use of reconstructed Aramaic, Latin, and Hebrew dialogues to maintain historical and linguistic immersion.</li><li data-block-key=\\\"erjr8\\\"><b>From Text to Screen:</b> Encouraging English literature students to critically view historical and canonical narratives through the lens of modern digital cinema and spectatorship ethics.</li></ol>\", \"id\": \"6c4f875d-d182-43b7-a949-3251e460e7d9\"}, {\"type\": \"image\", \"value\": 10, \"id\": \"84800a4f-8a7e-4d75-bc0b-f69c01cb832c\"}]", "wagtail_admin_comments": []}, "approved_go_live_at": null}}, {"model": "wagtailcore.revision", "pk": 124, "fields": {"content_type": 5, "base_content_type": 1, "object_id": "3", "created_at": "2026-06-10T14:31:16.275Z", "user": 1, "object_str": "The English Hub", "content": {"pk": 3, "path": "00010001", "depth": 2, "numchild": 6, "translation_key": "a94da5de-759e-4325-a853-7598992ee569", "locale": 1, "latest_revision": 122, "live": true, "has_unpublished_changes": true, "first_published_at": null, "last_published_at": null, "live_revision": null, "go_live_at": null, "expire_at": null, "expired": false, "locked": false, "locked_at": null, "locked_by": null, "title": "The English Hub", "draft_title": "The English Hub", "slug": "home", "content_type": 5, "url_path": "/home/", "owner": null, "seo_title": "The English Hub", "show_in_menus": false, "search_description": "", "latest_revision_created_at": "2026-06-10T14:30:49.494Z", "alias_of": null, "wagtail_admin_comments": []}, "approved_go_live_at": null}}, {"model": "wagtailcore.revision", "pk": 125, "fields": {"content_type": 5, "base_content_type": 1, "object_id": "3", "created_at": "2026-06-10T14:31:22.690Z", "user": 1, "object_str": "The English Hub", "content": {"pk": 3, "path": "00010001", "depth": 2, "numchild": 6, "translation_key": "a94da5de-759e-4325-a853-7598992ee569", "locale": 1, "latest_revision": 124, "live": true, "has_unpublished_changes": true, "first_published_at": null, "last_published_at": null, "live_revision": null, "go_live_at": null, "expire_at": null, "expired": false, "locked": false, "locked_at": null, "locked_by": null, "title": "The English Hub", "draft_title": "The English Hub", "slug": "home", "content_type": 5, "url_path": "/home/", "owner": null, "seo_title": "The English Hub", "show_in_menus": false, "search_description": "", "latest_revision_created_at": "2026-06-10T14:31:16.275Z", "alias_of": null, "wagtail_admin_comments": []}, "approved_go_live_at": null}}, {"model": "wagtailcore.revision", "pk": 126, "fields": {"content_type": 5, "base_content_type": 1, "object_id": "3", "created_at": "2026-06-10T14:32:11.020Z", "user": 1, "object_str": "The English Hub", "content": {"pk": 3, "path": "00010001", "depth": 2, "numchild": 6, "translation_key": "a94da5de-759e-4325-a853-7598992ee569", "locale": 1, "latest_revision": 125, "live": true, "has_unpublished_changes": true, "first_published_at": null, "last_published_at": null, "live_revision": null, "go_live_at": null, "expire_at": null, "expired": false, "locked": false, "locked_at": null, "locked_by": null, "title": "The English Hub", "draft_title": "The English Hub", "slug": "english-hub", "content_type": 5, "url_path": "/home/", "owner": null, "seo_title": "The English Hub", "show_in_menus": false, "search_description": "", "latest_revision_created_at": "2026-06-10T14:31:22.690Z", "alias_of": null, "wagtail_admin_comments": []}, "approved_go_live_at": null}}, {"model": "wagtailcore.revision", "pk": 127, "fields": {"content_type": 5, "base_content_type": 1, "object_id": "3", "created_at": "2026-06-10T14:32:11.721Z", "user": 1, "object_str": "The English Hub", "content": {"pk": 3, "path": "00010001", "depth": 2, "numchild": 6, "translation_key": "a94da5de-759e-4325-a853-7598992ee569", "locale": 1, "latest_revision": 126, "live": true, "has_unpublished_changes": true, "first_published_at": null, "last_published_at": null, "live_revision": null, "go_live_at": null, "expire_at": null, "expired": false, "locked": false, "locked_at": null, "locked_by": null, "title": "The English Hub", "draft_title": "The English Hub", "slug": "english-hub", "content_type": 5, "url_path": "/english-hub/", "owner": null, "seo_title": "The English Hub", "show_in_menus": false, "search_description": "", "latest_revision_created_at": "2026-06-10T14:32:11.020Z", "alias_of": null, "wagtail_admin_comments": []}, "approved_go_live_at": null}}, {"model": "wagtailcore.revision", "pk": 128, "fields": {"content_type": 5, "base_content_type": 1, "object_id": "3", "created_at": "2026-06-10T14:32:30.498Z", "user": 1, "object_str": "The English Hub", "content": {"pk": 3, "path": "00010001", "depth": 2, "numchild": 6, "translation_key": "a94da5de-759e-4325-a853-7598992ee569", "locale": 1, "latest_revision": 127, "live": true, "has_unpublished_changes": true, "first_published_at": null, "last_published_at": null, "live_revision": null, "go_live_at": null, "expire_at": null, "expired": false, "locked": false, "locked_at": null, "locked_by": null, "title": "The English Hub", "draft_title": "The English Hub", "slug": "english-hub", "content_type": 5, "url_path": "/english-hub/", "owner": null, "seo_title": "The English Hub | Department of English, Gour Mahavidyalaya", "show_in_menus": false, "search_description": "", "latest_revision_created_at": "2026-06-10T14:32:11.721Z", "alias_of": null, "wagtail_admin_comments": []}, "approved_go_live_at": null}}, {"model": "wagtailcore.revision", "pk": 129, "fields": {"content_type": 5, "base_content_type": 1, "object_id": "3", "created_at": "2026-06-10T14:32:30.971Z", "user": 1, "object_str": "The English Hub", "content": {"pk": 3, "path": "00010001", "depth": 2, "numchild": 6, "translation_key": "a94da5de-759e-4325-a853-7598992ee569", "locale": 1, "latest_revision": 128, "live": true, "has_unpublished_changes": true, "first_published_at": null, "last_published_at": null, "live_revision": null, "go_live_at": null, "expire_at": null, "expired": false, "locked": false, "locked_at": null, "locked_by": null, "title": "The English Hub", "draft_title": "The English Hub", "slug": "english-hub", "content_type": 5, "url_path": "/english-hub/", "owner": null, "seo_title": "The English Hub | Department of English, Gour Mahavidyalaya", "show_in_menus": false, "search_description": "", "latest_revision_created_at": "2026-06-10T14:32:30.498Z", "alias_of": null, "wagtail_admin_comments": []}, "approved_go_live_at": null}}, {"model": "wagtailcore.revision", "pk": 130, "fields": {"content_type": 5, "base_content_type": 1, "object_id": "3", "created_at": "2026-06-10T14:32:42.728Z", "user": 1, "object_str": "The English Hub", "content": {"pk": 3, "path": "00010001", "depth": 2, "numchild": 6, "translation_key": "a94da5de-759e-4325-a853-7598992ee569", "locale": 1, "latest_revision": 129, "live": true, "has_unpublished_changes": true, "first_published_at": null, "last_published_at": null, "live_revision": null, "go_live_at": null, "expire_at": null, "expired": false, "locked": false, "locked_at": null, "locked_by": null, "title": "The English Hub", "draft_title": "The English Hub", "slug": "english-hub", "content_type": 5, "url_path": "/english-hub/", "owner": null, "seo_title": "The English Hub | Department of English, Gour Mahavidyalaya", "show_in_menus": false, "search_description": "The official digital portal for the Department of English at Gour Mahavidyalaya. Explore recent student publications, notice boards, and department clubs.", "latest_revision_created_at": "2026-06-10T14:32:30.971Z", "alias_of": null, "wagtail_admin_comments": []}, "approved_go_live_at": null}}, {"model": "wagtailcore.revision", "pk": 131, "fields": {"content_type": 5, "base_content_type": 1, "object_id": "3", "created_at": "2026-06-10T14:32:43.597Z", "user": 1, "object_str": "The English Hub", "content": {"pk": 3, "path": "00010001", "depth": 2, "numchild": 6, "translation_key": "a94da5de-759e-4325-a853-7598992ee569", "locale": 1, "latest_revision": 130, "live": true, "has_unpublished_changes": true, "first_published_at": null, "last_published_at": null, "live_revision": null, "go_live_at": null, "expire_at": null, "expired": false, "locked": false, "locked_at": null, "locked_by": null, "title": "The English Hub", "draft_title": "The English Hub", "slug": "english-hub", "content_type": 5, "url_path": "/english-hub/", "owner": null, "seo_title": "The English Hub | Department of English, Gour Mahavidyalaya", "show_in_menus": false, "search_description": "The official digital portal for the Department of English at Gour Mahavidyalaya. Explore recent student publications, notice boards, and department clubs.", "latest_revision_created_at": "2026-06-10T14:32:42.728Z", "alias_of": null, "wagtail_admin_comments": []}, "approved_go_live_at": null}}, {"model": "wagtailcore.revision", "pk": 132, "fields": {"content_type": 5, "base_content_type": 1, "object_id": "3", "created_at": "2026-06-10T14:33:35.080Z", "user": 1, "object_str": "The English Hub", "content": {"pk": 3, "path": "00010001", "depth": 2, "numchild": 6, "translation_key": "a94da5de-759e-4325-a853-7598992ee569", "locale": 1, "latest_revision": 131, "live": true, "has_unpublished_changes": true, "first_published_at": null, "last_published_at": null, "live_revision": null, "go_live_at": null, "expire_at": null, "expired": false, "locked": false, "locked_at": null, "locked_by": null, "title": "The English Hub", "draft_title": "The English Hub", "slug": "english-hub", "content_type": 5, "url_path": "/english-hub/", "owner": null, "seo_title": "The English Hub | Department of English, Gour Mahavidyalaya", "show_in_menus": false, "search_description": "The official digital portal for the Department of English at Gour Mahavidyalaya. Explore recent student publications, notice boards, and department clubs.", "latest_revision_created_at": "2026-06-10T14:32:43.597Z", "alias_of": null, "wagtail_admin_comments": []}, "approved_go_live_at": null}}, {"model": "wagtailcore.revision", "pk": 133, "fields": {"content_type": 5, "base_content_type": 1, "object_id": "3", "created_at": "2026-06-10T14:33:40.843Z", "user": 1, "object_str": "The English Hub", "content": {"pk": 3, "path": "00010001", "depth": 2, "numchild": 6, "translation_key": "a94da5de-759e-4325-a853-7598992ee569", "locale": 1, "latest_revision": 132, "live": true, "has_unpublished_changes": true, "first_published_at": null, "last_published_at": null, "live_revision": null, "go_live_at": null, "expire_at": null, "expired": false, "locked": false, "locked_at": null, "locked_by": null, "title": "The English Hub", "draft_title": "The English Hub", "slug": "english-hub", "content_type": 5, "url_path": "/english-hub/", "owner": null, "seo_title": "The English Hub | Department of English, Gour Mahavidyalaya", "show_in_menus": false, "search_description": "The official digital portal for the Department of English at Gour Mahavidyalaya. Explore recent student publications, notice boards, and department clubs.", "latest_revision_created_at": "2026-06-10T14:33:35.080Z", "alias_of": null, "wagtail_admin_comments": []}, "approved_go_live_at": null}}, {"model": "wagtailcore.revision", "pk": 134, "fields": {"content_type": 30, "base_content_type": 1, "object_id": "15", "created_at": "2026-06-10T14:34:59.677Z", "user": 3, "object_str": "The Passion Of Christ", "content": {"pk": 15, "path": "0001000100040002", "depth": 4, "numchild": 0, "translation_key": "14f84cb6-40cc-4999-b987-cef7fe29e30e", "locale": 1, "latest_revision": 123, "live": true, "has_unpublished_changes": true, "first_published_at": "2026-02-21T04:03:42.555Z", "last_published_at": "2026-06-10T14:15:21.894Z", "live_revision": 116, "go_live_at": null, "expire_at": null, "expired": false, "locked": false, "locked_at": null, "locked_by": null, "title": "The Passion Of Christ", "draft_title": "The Passion Of Christ", "slug": "the-passion-of-christ", "content_type": 30, "url_path": "/english-hub/cine-club/the-passion-of-christ/", "owner": 1, "seo_title": "", "show_in_menus": false, "search_description": "", "latest_revision_created_at": "2026-06-10T14:34:59.008Z", "alias_of": null, "author": "Cine Club", "date": "2026-02-21", "intro": "Passion of christ shows us the last 12 hours of christ's life", "main_image": 4, "body": "[{\"type\": \"paragraph\", \"value\": \"<p data-block-key=\\\"6a6ab\\\"></p><h3 data-block-key=\\\"a40m9\\\"><i>Presented by the Cine Club, Department of English, Gour Mahavidyalaya</i></h3><p data-block-key=\\\"86jl5\\\">The Cine Club under the Department of English successfully hosted a special cinematic screening of Mel Gibson's critically acclaimed and visually striking masterpiece, <b>\\\"The Passion of the Christ\\\"</b>. Moving beyond standard classroom lectures, this film session was organized to provide students with a deeper look into cinematic realism, visual storytelling, and the adaptation of historical and cultural narratives onto the screen.</p><p data-block-key=\\\"dj4j\\\">The event concluded with an interactive discussion focusing on the film\\u2019s controversial aesthetic choices, its intense use of imagery, and its unique technical direction. The entire coordination, technical setup, and crowd management were handled seamlessly from start to finish by the executive leadership of the Cine Club.</p><h3 data-block-key=\\\"99ihr\\\">\\ud83d\\udccb Cine Club Organizing Committee &amp; Leadership</h3><p data-block-key=\\\"a62s1\\\">The entire execution of the screening\\u2014from system configuration to audio-visual calibration and venue management\\u2014was directed by the core administrative team of the Cine Club:</p><ul><li data-block-key=\\\"47s2s\\\"><b>Club President:</b> <b>Samiran Barman</b><br/>Spearheaded the event initiative, managed executive permissions, and presided over the post-screening film analysis discussion.</li><li data-block-key=\\\"56l1m\\\"><b>Executive Administrator:</b> <b>Soukarya Mandal</b><br/>Supervised the technical blueprint, timeline scheduling, and overall operational workflow for the screening hall.</li><li data-block-key=\\\"3vhc7\\\"><b>Systems &amp; Data Administrator:</b> <b>Md Sami Akmal Ansari</b><br/>Managed the audio-visual projection setup, technical asset verification, and digital playback infrastructure.</li><li data-block-key=\\\"3j0fh\\\"><b>Logistics &amp; Communications Administrator:</b> <b>Shirin Ebadi</b><br/>Coordinated student outreach, structural seating arrangements, and session notices across the department.</li></ul><h3 data-block-key=\\\"fr85g\\\">\\ud83c\\udfa5 Core Objectives of the Screening</h3><p data-block-key=\\\"7i614\\\">The administrative council mapped out this screening to meet specific academic and cultural goals within the department:</p><ol><li data-block-key=\\\"d6fnr\\\"><b>Cinematic Realism:</b> Analyzing how director Mel Gibson utilized extreme visual realism and lighting to evoke distinct emotional and psychological reactions from the spectators.</li><li data-block-key=\\\"91qt5\\\"><b>Language and Authenticity:</b> Observing the unique use of reconstructed Aramaic, Latin, and Hebrew dialogues to maintain historical and linguistic immersion.</li><li data-block-key=\\\"erjr8\\\"><b>From Text to Screen:</b> Encouraging English literature students to critically view historical and canonical narratives through the lens of modern digital cinema and spectatorship ethics.</li></ol>\", \"id\": \"6c4f875d-d182-43b7-a949-3251e460e7d9\"}, {\"type\": \"image\", \"value\": 10, \"id\": \"84800a4f-8a7e-4d75-bc0b-f69c01cb832c\"}]", "wagtail_admin_comments": []}, "approved_go_live_at": null}}, {"model": "wagtailcore.revision", "pk": 135, "fields": {"content_type": 47, "base_content_type": 1, "object_id": "12", "created_at": "2026-06-10T14:36:25.026Z", "user": 1, "object_str": "Beautification Club", "content": {"pk": 12, "path": "000100010008", "depth": 3, "numchild": 1, "translation_key": "7af65bf9-6af2-4331-8532-6d8cc514410c", "locale": 1, "latest_revision": 135, "live": true, "has_unpublished_changes": true, "first_published_at": "2026-02-21T03:25:37.641Z", "last_published_at": "2026-06-10T14:10:06.336Z", "live_revision": 104, "go_live_at": null, "expire_at": null, "expired": false, "locked": false, "locked_at": null, "locked_by": null, "title": "Beautification Club", "draft_title": "Beautification Club", "slug": "beautification-club", "content_type": 47, "url_path": "/english-hub/beautification-club/", "owner": 1, "seo_title": "eautification club | Department of English, Gour Mahavidyalaya", "show_in_menus": false, "search_description": "", "latest_revision_created_at": "2026-06-10T14:36:21.562Z", "alias_of": null, "president_name": "Poulami Nandi", "description": "<p data-block-key=\"8pmen\"><b>Beautification Club:</b> Its function is to enhance the aesthetic appeal of classrooms through creative decoration, thoughtful organization, and artistic displays, creating a pleasant and inspiring learning environment for students.</p>", "club_image": 8, "wagtail_admin_comments": []}, "approved_go_live_at": null}}, {"model": "wagtailcore.revision", "pk": 136, "fields": {"content_type": 47, "base_content_type": 1, "object_id": "12", "created_at": "2026-06-10T14:36:30.656Z", "user": 1, "object_str": "Beautification Club", "content": {"pk": 12, "path": "000100010008", "depth": 3, "numchild": 1, "translation_key": "7af65bf9-6af2-4331-8532-6d8cc514410c", "locale": 1, "latest_revision": 135, "live": true, "has_unpublished_changes": true, "first_published_at": "2026-02-21T03:25:37.641Z", "last_published_at": "2026-06-10T14:10:06.336Z", "live_revision": 104, "go_live_at": null, "expire_at": null, "expired": false, "locked": false, "locked_at": null, "locked_by": null, "title": "Beautification Club", "draft_title": "Beautification Club", "slug": "beautification-club", "content_type": 47, "url_path": "/english-hub/beautification-club/", "owner": 1, "seo_title": "Beautification club | Department of English, Gour Mahavidyalaya", "show_in_menus": false, "search_description": "", "latest_revision_created_at": "2026-06-10T14:36:25.026Z", "alias_of": null, "president_name": "Poulami Nandi", "description": "<p data-block-key=\"8pmen\"><b>Beautification Club:</b> Its function is to enhance the aesthetic appeal of classrooms through creative decoration, thoughtful organization, and artistic displays, creating a pleasant and inspiring learning environment for students.</p>", "club_image": 8, "wagtail_admin_comments": []}, "approved_go_live_at": null}}, {"model": "wagtailcore.revision", "pk": 137, "fields": {"content_type": 30, "base_content_type": 1, "object_id": "15", "created_at": "2026-06-10T14:44:57.002Z", "user": 3, "object_str": "The Passion Of Christ", "content": {"pk": 15, "path": "0001000100040002", "depth": 4, "numchild": 0, "translation_key": "14f84cb6-40cc-4999-b987-cef7fe29e30e", "locale": 1, "latest_revision": 137, "live": true, "has_unpublished_changes": true, "first_published_at": "2026-02-21T04:03:42.555Z", "last_published_at": "2026-06-10T14:15:21.894Z", "live_revision": 116, "go_live_at": null, "expire_at": null, "expired": false, "locked": false, "locked_at": null, "locked_by": null, "title": "The Passion Of Christ", "draft_title": "The Passion Of Christ", "slug": "the-passion-of-christ", "content_type": 30, "url_path": "/english-hub/cine-club/the-passion-of-christ/", "owner": 1, "seo_title": "", "show_in_menus": false, "search_description": "", "latest_revision_created_at": "2026-06-10T14:41:09.040Z", "alias_of": null, "author": "Cine Club", "date": "2026-02-21", "intro": "Passion of christ shows us the last 12 hours of christ's life", "main_image": 4, "body": "[{\"type\": \"paragraph\", \"value\": \"<p data-block-key=\\\"6a6ab\\\"></p><h3 data-block-key=\\\"a40m9\\\"><i>Presented by the Cine Club, Department of English, Gour Mahavidyalaya</i></h3><p data-block-key=\\\"86jl5\\\">The Cine Club under the Department of English successfully hosted a special cinematic screening of Mel Gibson's critically acclaimed and visually striking masterpiece, <b>\\\"The Passion of the Christ\\\"</b>. Moving beyond standard classroom lectures, this film session was organized to provide students with a deeper look into cinematic realism, visual storytelling, and the adaptation of historical and cultural narratives onto the screen.</p><p data-block-key=\\\"dj4j\\\">The event concluded with an interactive discussion focusing on the film\\u2019s controversial aesthetic choices, its intense use of imagery, and its unique technical direction. The entire coordination, technical setup, and crowd management were handled seamlessly from start to finish by the executive leadership of the Cine Club.</p><h3 data-block-key=\\\"99ihr\\\">\\ud83d\\udccb Cine Club Organizing Committee &amp; Leadership</h3><p data-block-key=\\\"a62s1\\\">The entire execution of the screening\\u2014from system configuration to audio-visual calibration and venue management\\u2014was directed by the core administrative team of the Cine Club:</p><ul><li data-block-key=\\\"47s2s\\\"><b>Club President:</b> <b>Samiran Barman</b><br/>Spearheaded the event initiative, managed executive permissions, and presided over the post-screening film analysis discussion.</li><li data-block-key=\\\"56l1m\\\"><b>Executive Administrator:</b> <b>Soukarya Mandal</b><br/>Supervised the technical blueprint, timeline scheduling, and overall operational workflow for the screening hall.</li><li data-block-key=\\\"3vhc7\\\"><b>Systems &amp; Data Administrator:</b> <b>Md Sami Akmal Ansari</b><br/>Managed the audio-visual projection setup, technical asset verification, and digital playback infrastructure.</li><li data-block-key=\\\"3j0fh\\\"><b>Logistics &amp; Communications Administrator:</b> <b>Shirin Ebadi</b><br/>Coordinated student outreach, structural seating arrangements, and session notices across the department.</li></ul><h3 data-block-key=\\\"fr85g\\\">\\ud83c\\udfa5 Core Objectives of the Screening</h3><p data-block-key=\\\"7i614\\\">The administrative council mapped out this screening to meet specific academic and cultural goals within the department:</p><ol><li data-block-key=\\\"d6fnr\\\"><b>Cinematic Realism:</b> Analyzing how director Mel Gibson utilized extreme visual realism and lighting to evoke distinct emotional and psychological reactions from the spectators.</li><li data-block-key=\\\"91qt5\\\"><b>Language and Authenticity:</b> Observing the unique use of reconstructed Aramaic, Latin, and Hebrew dialogues to maintain historical and linguistic immersion.</li><li data-block-key=\\\"erjr8\\\"><b>From Text to Screen:</b> Encouraging English literature students to critically view historical and canonical narratives through the lens of modern digital cinema and spectatorship ethics.</li></ol>\", \"id\": \"6c4f875d-d182-43b7-a949-3251e460e7d9\"}, {\"type\": \"image\", \"value\": 11, \"id\": \"38976bd6-67d8-4ff2-943f-f6b22fe20248\"}, {\"type\": \"image\", \"value\": 12, \"id\": \"9f1db562-7822-4264-a810-13d6873da3d7\"}]", "wagtail_admin_comments": []}, "approved_go_live_at": null}}, {"model": "wagtailcore.revision", "pk": 138, "fields": {"content_type": 30, "base_content_type": 1, "object_id": "15", "created_at": "2026-06-10T14:45:03.935Z", "user": 3, "object_str": "The Passion Of Christ", "content": {"pk": 15, "path": "0001000100040002", "depth": 4, "numchild": 0, "translation_key": "14f84cb6-40cc-4999-b987-cef7fe29e30e", "locale": 1, "latest_revision": 137, "live": true, "has_unpublished_changes": true, "first_published_at": "2026-02-21T04:03:42.555Z", "last_published_at": "2026-06-10T14:15:21.894Z", "live_revision": 116, "go_live_at": null, "expire_at": null, "expired": false, "locked": false, "locked_at": null, "locked_by": null, "title": "The Passion Of Christ", "draft_title": "The Passion Of Christ", "slug": "the-passion-of-christ", "content_type": 30, "url_path": "/english-hub/cine-club/the-passion-of-christ/", "owner": 1, "seo_title": "", "show_in_menus": false, "search_description": "", "latest_revision_created_at": "2026-06-10T14:44:57.002Z", "alias_of": null, "author": "Cine Club", "date": "2026-02-21", "intro": "Passion of christ shows us the last 12 hours of christ's life", "main_image": 4, "body": "[{\"type\": \"paragraph\", \"value\": \"<p data-block-key=\\\"6a6ab\\\"></p><h3 data-block-key=\\\"a40m9\\\"><i>Presented by the Cine Club, Department of English, Gour Mahavidyalaya</i></h3><p data-block-key=\\\"86jl5\\\">The Cine Club under the Department of English successfully hosted a special cinematic screening of Mel Gibson's critically acclaimed and visually striking masterpiece, <b>\\\"The Passion of the Christ\\\"</b>. Moving beyond standard classroom lectures, this film session was organized to provide students with a deeper look into cinematic realism, visual storytelling, and the adaptation of historical and cultural narratives onto the screen.</p><p data-block-key=\\\"dj4j\\\">The event concluded with an interactive discussion focusing on the film\\u2019s controversial aesthetic choices, its intense use of imagery, and its unique technical direction. The entire coordination, technical setup, and crowd management were handled seamlessly from start to finish by the executive leadership of the Cine Club.</p><h3 data-block-key=\\\"99ihr\\\">\\ud83d\\udccb Cine Club Organizing Committee &amp; Leadership</h3><p data-block-key=\\\"a62s1\\\">The entire execution of the screening\\u2014from system configuration to audio-visual calibration and venue management\\u2014was directed by the core administrative team of the Cine Club:</p><ul><li data-block-key=\\\"47s2s\\\"><b>Club President:</b> <b>Samiran Barman</b><br/>Spearheaded the event initiative, managed executive permissions, and presided over the post-screening film analysis discussion.</li><li data-block-key=\\\"56l1m\\\"><b>Executive Administrator:</b> <b>Soukarya Mandal</b><br/>Supervised the technical blueprint, timeline scheduling, and overall operational workflow for the screening hall.</li><li data-block-key=\\\"3vhc7\\\"><b>Systems &amp; Data Administrator:</b> <b>Md Sami Akmal Ansari</b><br/>Managed the audio-visual projection setup, technical asset verification, and digital playback infrastructure.</li><li data-block-key=\\\"3j0fh\\\"><b>Logistics &amp; Communications Administrator:</b> <b>Shirin Ebadi</b><br/>Coordinated student outreach, structural seating arrangements, and session notices across the department.</li></ul><h3 data-block-key=\\\"fr85g\\\">\\ud83c\\udfa5 Core Objectives of the Screening</h3><p data-block-key=\\\"7i614\\\">The administrative council mapped out this screening to meet specific academic and cultural goals within the department:</p><ol><li data-block-key=\\\"d6fnr\\\"><b>Cinematic Realism:</b> Analyzing how director Mel Gibson utilized extreme visual realism and lighting to evoke distinct emotional and psychological reactions from the spectators.</li><li data-block-key=\\\"91qt5\\\"><b>Language and Authenticity:</b> Observing the unique use of reconstructed Aramaic, Latin, and Hebrew dialogues to maintain historical and linguistic immersion.</li><li data-block-key=\\\"erjr8\\\"><b>From Text to Screen:</b> Encouraging English literature students to critically view historical and canonical narratives through the lens of modern digital cinema and spectatorship ethics.</li></ol>\", \"id\": \"6c4f875d-d182-43b7-a949-3251e460e7d9\"}, {\"type\": \"image\", \"value\": 11, \"id\": \"38976bd6-67d8-4ff2-943f-f6b22fe20248\"}, {\"type\": \"image\", \"value\": 12, \"id\": \"9f1db562-7822-4264-a810-13d6873da3d7\"}]", "wagtail_admin_comments": []}, "approved_go_live_at": null}}, {"model": "wagtailcore.revision", "pk": 139, "fields": {"content_type": 30, "base_content_type": 1, "object_id": "16", "created_at": "2026-06-10T15:14:57.950Z", "user": 3, "object_str": "Wall Magazine", "content": {"pk": 16, "path": "0001000100080001", "depth": 4, "numchild": 0, "translation_key": "e8d94448-0051-4a26-9e3c-e60fa472dc41", "locale": 1, "latest_revision": 113, "live": true, "has_unpublished_changes": true, "first_published_at": "2026-02-24T20:30:09.226Z", "last_published_at": "2026-02-24T20:30:09.226Z", "live_revision": 86, "go_live_at": null, "expire_at": null, "expired": false, "locked": false, "locked_at": null, "locked_by": null, "title": "Wall Magazine", "draft_title": "Wall Magazine", "slug": "wall-magazine", "content_type": 30, "url_path": "/english-hub/beautification-club/wall-magazine/", "owner": 1, "seo_title": "", "show_in_menus": false, "search_description": "", "latest_revision_created_at": "2026-06-10T14:14:21.004Z", "alias_of": null, "author": "New Genesis Team", "date": "2026-02-25", "intro": "Creation of Wall Magazine Ft. Beautification Club", "main_image": null, "body": "[{\"type\": \"paragraph\", \"value\": \"<p data-block-key=\\\"hqhwc\\\">The Beautification club of department of English created or redesigned the Wall magazine of the department.</p>\", \"id\": \"708d0f3e-e376-470a-9137-741ffe62179d\"}, {\"type\": \"image\", \"value\": 9, \"id\": \"778ab719-4cb7-466b-a06a-8d8fefba41f6\"}]", "wagtail_admin_comments": []}, "approved_go_live_at": null}}, {"model": "wagtailcore.collection", "pk": 1, "fields": {"path": "0001", "depth": 1, "numchild": 0, "name": "Root"}}, {"model": "wagtailcore.groupcollectionpermission", "pk": 1, "fields": {"group": 2, "collection": 1, "permission": 1}}, {"model": "wagtailcore.groupcollectionpermission", "pk": 2, "fields": {"group": 1, "collection": 1, "permission": 1}}, {"model": "wagtailcore.groupcollectionpermission", "pk": 3, "fields": {"group": 2, "collection": 1, "permission": 2}}, {"model": "wagtailcore.groupcollectionpermission", "pk": 4, "fields": {"group": 1, "collection": 1, "permission": 2}}, {"model": "wagtailcore.groupcollectionpermission", "pk": 5, "fields": {"group": 2, "collection": 1, "permission": 5}}, {"model": "wagtailcore.groupcollectionpermission", "pk": 6, "fields": {"group": 1, "collection": 1, "permission": 5}}, {"model": "wagtailcore.groupcollectionpermission", "pk": 7, "fields": {"group": 2, "collection": 1, "permission": 110}}, {"model": "wagtailcore.groupcollectionpermission", "pk": 8, "fields": {"group": 1, "collection": 1, "permission": 110}}, {"model": "wagtailcore.groupcollectionpermission", "pk": 9, "fields": {"group": 2, "collection": 1, "permission": 111}}, {"model": "wagtailcore.groupcollectionpermission", "pk": 10, "fields": {"group": 1, "collection": 1, "permission": 111}}, {"model": "wagtailcore.groupcollectionpermission", "pk": 11, "fields": {"group": 2, "collection": 1, "permission": 113}}, {"model": "wagtailcore.groupcollectionpermission", "pk": 12, "fields": {"group": 1, "collection": 1, "permission": 113}}, {"model": "wagtailcore.workflow", "pk": 1, "fields": {"name": "Moderators approval", "active": true}}, {"model": "wagtailcore.workflowtask", "pk": 1, "fields": {"sort_order": 0, "workflow": 1, "task": 1}}, {"model": "wagtailcore.task", "pk": 1, "fields": {"name": "Moderators approval", "content_type": 4, "active": true}}, {"model": "wagtailcore.groupapprovaltask", "pk": 1, "fields": {"groups": [1]}}, {"model": "wagtailcore.page", "pk": 1, "fields": {"path": "0001", "depth": 1, "numchild": 1, "translation_key": "e97edf8b-61f5-4438-9f4b-f682f02fa84c", "locale": 1, "latest_revision": null, "live": true, "has_unpublished_changes": false, "first_published_at": null, "last_published_at": null, "live_revision": null, "go_live_at": null, "expire_at": null, "expired": false, "locked": false, "locked_at": null, "locked_by": null, "title": "Root", "draft_title": "Root", "slug": "root", "content_type": 1, "url_path": "/", "owner": null, "seo_title": "", "show_in_menus": false, "search_description": "", "latest_revision_created_at": null, "alias_of": null}}, {"model": "wagtailcore.page", "pk": 3, "fields": {"path": "00010001", "depth": 2, "numchild": 6, "translation_key": "a94da5de-759e-4325-a853-7598992ee569", "locale": 1, "latest_revision": 133, "live": true, "has_unpublished_changes": false, "first_published_at": "2026-06-10T14:34:00.237Z", "last_published_at": "2026-06-10T14:34:00.237Z", "live_revision": 133, "go_live_at": null, "expire_at": null, "expired": false, "locked": false, "locked_at": null, "locked_by": null, "title": "The English Hub", "draft_title": "The English Hub", "slug": "english-hub", "content_type": 5, "url_path": "/english-hub/", "owner": null, "seo_title": "The English Hub | Department of English, Gour Mahavidyalaya", "show_in_menus": false, "search_description": "The official digital portal for the Department of English at Gour Mahavidyalaya. Explore recent student publications, notice boards, and department clubs.", "latest_revision_created_at": "2026-06-10T14:33:40.843Z", "alias_of": null}}, {"model": "wagtailcore.page", "pk": 4, "fields": {"path": "0001000100060001", "depth": 4, "numchild": 0, "translation_key": "66568e76-1e80-41bb-ab5d-b66727722dff", "locale": 1, "latest_revision": 42, "live": true, "has_unpublished_changes": false, "first_published_at": "2026-02-21T00:37:53.615Z", "last_published_at": "2026-02-21T02:52:27.047Z", "live_revision": 42, "go_live_at": null, "expire_at": null, "expired": false, "locked": false, "locked_at": null, "locked_by": null, "title": "Kafan By Munshi Premchand", "draft_title": "Kafan By Munshi Premchand", "slug": "kafan-by-premachand", "content_type": 30, "url_path": "/english-hub/reading-club/kafan-by-premachand/", "owner": 1, "seo_title": "", "show_in_menus": false, "search_description": "", "latest_revision_created_at": "2026-02-21T02:44:31.079Z", "alias_of": null}}, {"model": "wagtailcore.page", "pk": 7, "fields": {"path": "000100010004", "depth": 3, "numchild": 2, "translation_key": "0102c957-6559-40d1-a22d-f5b84519358f", "locale": 1, "latest_revision": 95, "live": true, "has_unpublished_changes": false, "first_published_at": "2026-02-21T02:27:40.396Z", "last_published_at": "2026-06-10T14:12:30.009Z", "live_revision": 95, "go_live_at": null, "expire_at": null, "expired": false, "locked": false, "locked_at": null, "locked_by": null, "title": "Cine Club", "draft_title": "Cine Club", "slug": "cine-club", "content_type": 47, "url_path": "/english-hub/cine-club/", "owner": 1, "seo_title": "", "show_in_menus": false, "search_description": "", "latest_revision_created_at": "2026-06-10T13:03:31.782Z", "alias_of": null}}, {"model": "wagtailcore.page", "pk": 8, "fields": {"path": "000100010005", "depth": 3, "numchild": 0, "translation_key": "c21d2bd2-5ef1-40bb-ab25-e68bd4cd2e3b", "locale": 1, "latest_revision": 101, "live": true, "has_unpublished_changes": false, "first_published_at": "2026-02-21T02:28:15.802Z", "last_published_at": "2026-06-10T14:10:06.094Z", "live_revision": 101, "go_live_at": null, "expire_at": null, "expired": false, "locked": false, "locked_at": null, "locked_by": null, "title": "Quiz Club", "draft_title": "Quiz Club", "slug": "quiz-club", "content_type": 47, "url_path": "/english-hub/quiz-club/", "owner": 1, "seo_title": "", "show_in_menus": false, "search_description": "", "latest_revision_created_at": "2026-06-10T13:20:58.204Z", "alias_of": null}}, {"model": "wagtailcore.page", "pk": 10, "fields": {"path": "000100010006", "depth": 3, "numchild": 1, "translation_key": "961a0385-876d-46b9-b609-180340191faa", "locale": 1, "latest_revision": 79, "live": true, "has_unpublished_changes": false, "first_published_at": "2026-02-21T02:41:33.926Z", "last_published_at": "2026-06-10T14:10:06.191Z", "live_revision": 79, "go_live_at": null, "expire_at": null, "expired": false, "locked": false, "locked_at": null, "locked_by": null, "title": "Reading Club", "draft_title": "Reading Club", "slug": "reading-club", "content_type": 47, "url_path": "/english-hub/reading-club/", "owner": 1, "seo_title": "", "show_in_menus": false, "search_description": "", "latest_revision_created_at": "2026-02-21T04:59:56.064Z", "alias_of": null}}, {"model": "wagtailcore.page", "pk": 11, "fields": {"path": "000100010007", "depth": 3, "numchild": 1, "translation_key": "7b212c50-c118-444d-9981-26d7002d564e", "locale": 1, "latest_revision": 90, "live": true, "has_unpublished_changes": false, "first_published_at": "2026-02-21T03:25:37.599Z", "last_published_at": "2026-06-10T14:10:06.272Z", "live_revision": 90, "go_live_at": null, "expire_at": null, "expired": false, "locked": false, "locked_at": null, "locked_by": null, "title": "Debate Club", "draft_title": "Debate Club", "slug": "debate-club", "content_type": 47, "url_path": "/english-hub/debate-club/", "owner": 1, "seo_title": "", "show_in_menus": false, "search_description": "", "latest_revision_created_at": "2026-02-24T21:13:53.404Z", "alias_of": null}}, {"model": "wagtailcore.page", "pk": 12, "fields": {"path": "000100010008", "depth": 3, "numchild": 1, "translation_key": "7af65bf9-6af2-4331-8532-6d8cc514410c", "locale": 1, "latest_revision": 136, "live": true, "has_unpublished_changes": false, "first_published_at": "2026-02-21T03:25:37.641Z", "last_published_at": "2026-06-10T14:36:41.856Z", "live_revision": 136, "go_live_at": null, "expire_at": null, "expired": false, "locked": false, "locked_at": null, "locked_by": null, "title": "Beautification Club", "draft_title": "Beautification Club", "slug": "beautification-club", "content_type": 47, "url_path": "/english-hub/beautification-club/", "owner": 1, "seo_title": "Beautification club | Department of English, Gour Mahavidyalaya", "show_in_menus": false, "search_description": "", "latest_revision_created_at": "2026-06-10T14:36:30.656Z", "alias_of": null}}, {"model": "wagtailcore.page", "pk": 13, "fields": {"path": "0001000100070001", "depth": 4, "numchild": 0, "translation_key": "09693bef-67b5-438a-a4a9-546d6088b164", "locale": 1, "latest_revision": 73, "live": true, "has_unpublished_changes": false, "first_published_at": "2026-02-21T03:55:30.056Z", "last_published_at": "2026-02-21T04:16:13.249Z", "live_revision": 73, "go_live_at": null, "expire_at": null, "expired": false, "locked": false, "locked_at": null, "locked_by": null, "title": "Sanchar Saathi App a spyware or not?", "draft_title": "Sanchar Saathi App a spyware or not?", "slug": "sanchar-saathi-app-a-spyware-or-not", "content_type": 30, "url_path": "/english-hub/debate-club/sanchar-saathi-app-a-spyware-or-not/", "owner": 1, "seo_title": "", "show_in_menus": false, "search_description": "", "latest_revision_created_at": "2026-02-21T04:15:56.710Z", "alias_of": null}}, {"model": "wagtailcore.page", "pk": 14, "fields": {"path": "0001000100040001", "depth": 4, "numchild": 0, "translation_key": "fe4707ab-2075-4177-9a4f-0aeabcfe4e08", "locale": 1, "latest_revision": 71, "live": true, "has_unpublished_changes": false, "first_published_at": "2026-02-21T04:03:42.505Z", "last_published_at": "2026-02-21T04:14:06.159Z", "live_revision": 71, "go_live_at": null, "expire_at": null, "expired": false, "locked": false, "locked_at": null, "locked_by": null, "title": "Maqbool: Macbeth Reimagined", "draft_title": "Maqbool: Macbeth Reimagined", "slug": "maqbool-the-movie", "content_type": 30, "url_path": "/english-hub/cine-club/maqbool-the-movie/", "owner": 1, "seo_title": "", "show_in_menus": false, "search_description": "", "latest_revision_created_at": "2026-02-21T04:13:54.343Z", "alias_of": null}}, {"model": "wagtailcore.page", "pk": 15, "fields": {"path": "0001000100040002", "depth": 4, "numchild": 0, "translation_key": "14f84cb6-40cc-4999-b987-cef7fe29e30e", "locale": 1, "latest_revision": 138, "live": true, "has_unpublished_changes": true, "first_published_at": "2026-02-21T04:03:42.555Z", "last_published_at": "2026-06-10T14:15:21.894Z", "live_revision": 116, "go_live_at": null, "expire_at": null, "expired": false, "locked": false, "locked_at": null, "locked_by": null, "title": "The Passion Of Christ", "draft_title": "The Passion Of Christ", "slug": "the-passion-of-christ", "content_type": 30, "url_path": "/english-hub/cine-club/the-passion-of-christ/", "owner": 1, "seo_title": "", "show_in_menus": false, "search_description": "", "latest_revision_created_at": "2026-06-10T14:45:03.935Z", "alias_of": null}}, {"model": "wagtailcore.page", "pk": 16, "fields": {"path": "0001000100080001", "depth": 4, "numchild": 0, "translation_key": "e8d94448-0051-4a26-9e3c-e60fa472dc41", "locale": 1, "latest_revision": 139, "live": true, "has_unpublished_changes": true, "first_published_at": "2026-02-24T20:30:09.226Z", "last_published_at": "2026-02-24T20:30:09.226Z", "live_revision": 86, "go_live_at": null, "expire_at": null, "expired": false, "locked": false, "locked_at": null, "locked_by": null, "title": "Wall Magazine", "draft_title": "Wall Magazine", "slug": "wall-magazine", "content_type": 30, "url_path": "/english-hub/beautification-club/wall-magazine/", "owner": 1, "seo_title": "", "show_in_menus": false, "search_description": "", "latest_revision_created_at": "2026-06-10T15:14:57.950Z", "alias_of": null}}, {"model": "wagtailcore.grouppagepermission", "pk": 1, "fields": {"group": 1, "page": 1, "permission": 70}}, {"model": "wagtailcore.grouppagepermission", "pk": 2, "fields": {"group": 1, "page": 1, "permission": 71}}, {"model": "wagtailcore.grouppagepermission", "pk": 3, "fields": {"group": 1, "page": 1, "permission": 76}}, {"model": "wagtailcore.grouppagepermission", "pk": 4, "fields": {"group": 2, "page": 1, "permission": 70}}, {"model": "wagtailcore.grouppagepermission", "pk": 5, "fields": {"group": 2, "page": 1, "permission": 71}}, {"model": "wagtailcore.grouppagepermission", "pk": 6, "fields": {"group": 1, "page": 1, "permission": 75}}, {"model": "wagtailcore.grouppagepermission", "pk": 7, "fields": {"group": 1, "page": 1, "permission": 77}}, {"model": "wagtailcore.workflowpage", "pk": 1, "fields": {"workflow": 1}}, {"model": "wagtailcore.pagelogentry", "pk": 1, "fields": {"content_type": 30, "label": "Kafan By Premachand", "action": "wagtail.create", "data": {}, "timestamp": "2026-02-21T00:35:17.553Z", "uuid": "e78cc644-8880-441a-9f85-171a20a3f9bd", "user": 1, "revision": null, "content_changed": true, "deleted": false, "page": 4}}, {"model": "wagtailcore.pagelogentry", "pk": 2, "fields": {"content_type": 30, "label": "Kafan By Premachand", "action": "wagtail.edit", "data": {}, "timestamp": "2026-02-21T00:35:17.605Z", "uuid": "e78cc644-8880-441a-9f85-171a20a3f9bd", "user": 1, "revision": 1, "content_changed": true, "deleted": false, "page": 4}}, {"model": "wagtailcore.pagelogentry", "pk": 3, "fields": {"content_type": 30, "label": "Kafan By Premachand", "action": "wagtail.edit", "data": {}, "timestamp": "2026-02-21T00:37:42.683Z", "uuid": "de216ff8-7a65-4675-86e6-5c05b01b712c", "user": 1, "revision": 2, "content_changed": true, "deleted": false, "page": 4}}, {"model": "wagtailcore.pagelogentry", "pk": 4, "fields": {"content_type": 30, "label": "Kafan By Premachand", "action": "wagtail.publish", "data": {}, "timestamp": "2026-02-21T00:37:53.650Z", "uuid": "28ac7c3b-7bc5-4966-8f7b-c437f3c08279", "user": 1, "revision": 2, "content_changed": true, "deleted": false, "page": 4}}, {"model": "wagtailcore.pagelogentry", "pk": 5, "fields": {"content_type": 30, "label": "Kafan By Premachand", "action": "wagtail.edit", "data": {}, "timestamp": "2026-02-21T01:07:23.185Z", "uuid": "75bae377-cfec-4cc3-b541-cab22ede9df6", "user": 1, "revision": 3, "content_changed": true, "deleted": false, "page": 4}}, {"model": "wagtailcore.pagelogentry", "pk": 6, "fields": {"content_type": 30, "label": "Kafan By Premachand", "action": "wagtail.edit", "data": {}, "timestamp": "2026-02-21T01:07:49.731Z", "uuid": "cff21903-b394-4197-bbb9-ec8f17f3e5a9", "user": 1, "revision": 4, "content_changed": true, "deleted": false, "page": 4}}, {"model": "wagtailcore.pagelogentry", "pk": 7, "fields": {"content_type": 30, "label": "Kafan By Premachand", "action": "wagtail.edit", "data": {}, "timestamp": "2026-02-21T01:08:20.742Z", "uuid": "7a3e1e8f-7cc6-4510-b35f-bffc0570a048", "user": 1, "revision": 4, "content_changed": true, "deleted": false, "page": 4}}, {"model": "wagtailcore.pagelogentry", "pk": 8, "fields": {"content_type": 30, "label": "Kafan By Premachand", "action": "wagtail.edit", "data": {}, "timestamp": "2026-02-21T01:08:24.752Z", "uuid": "6d847b1e-292c-4fbe-b35d-e8216f760140", "user": 1, "revision": 4, "content_changed": true, "deleted": false, "page": 4}}, {"model": "wagtailcore.pagelogentry", "pk": 9, "fields": {"content_type": 30, "label": "Kafan By Premachand", "action": "wagtail.edit", "data": {}, "timestamp": "2026-02-21T01:08:38.232Z", "uuid": "9b8b724c-ba50-489a-b477-8af685f53db5", "user": 1, "revision": 4, "content_changed": true, "deleted": false, "page": 4}}, {"model": "wagtailcore.pagelogentry", "pk": 10, "fields": {"content_type": 30, "label": "Kafan By Premachand", "action": "wagtail.edit", "data": {}, "timestamp": "2026-02-21T01:10:40.717Z", "uuid": "1c66da82-9627-4a5f-a0ae-19523e145511", "user": 1, "revision": 4, "content_changed": true, "deleted": false, "page": 4}}, {"model": "wagtailcore.pagelogentry", "pk": 11, "fields": {"content_type": 30, "label": "Kafan By Premachand", "action": "wagtail.edit", "data": {}, "timestamp": "2026-02-21T01:10:45.230Z", "uuid": "6da5d41a-9755-4567-bb7a-91995690fa00", "user": 1, "revision": 4, "content_changed": true, "deleted": false, "page": 4}}, {"model": "wagtailcore.pagelogentry", "pk": 12, "fields": {"content_type": 30, "label": "Kafan By Premachand", "action": "wagtail.edit", "data": {}, "timestamp": "2026-02-21T01:10:51.744Z", "uuid": "073265a4-11ac-4ff2-a306-9a36824e52f9", "user": 1, "revision": 4, "content_changed": true, "deleted": false, "page": 4}}, {"model": "wagtailcore.pagelogentry", "pk": 13, "fields": {"content_type": 30, "label": "Kafan By Premachand", "action": "wagtail.edit", "data": {}, "timestamp": "2026-02-21T01:11:02.721Z", "uuid": "c55b3f6e-5c7c-4ba8-9de1-c2179a1c85e8", "user": 1, "revision": 4, "content_changed": true, "deleted": false, "page": 4}}, {"model": "wagtailcore.pagelogentry", "pk": 14, "fields": {"content_type": 30, "label": "Kafan By Premachand", "action": "wagtail.edit", "data": {}, "timestamp": "2026-02-21T01:11:09.239Z", "uuid": "bd450348-5198-4cba-ac5e-1c43901d17bc", "user": 1, "revision": 4, "content_changed": true, "deleted": false, "page": 4}}, {"model": "wagtailcore.pagelogentry", "pk": 15, "fields": {"content_type": 30, "label": "Kafan By Premachand", "action": "wagtail.edit", "data": {}, "timestamp": "2026-02-21T01:11:11.233Z", "uuid": "2740e5ff-98a7-4c9f-a36f-1339c0ec2644", "user": 1, "revision": 4, "content_changed": true, "deleted": false, "page": 4}}, {"model": "wagtailcore.pagelogentry", "pk": 16, "fields": {"content_type": 30, "label": "Kafan By Premachand", "action": "wagtail.edit", "data": {}, "timestamp": "2026-02-21T01:11:14.235Z", "uuid": "a5417393-b4ed-43e2-8251-ae3ca8151531", "user": 1, "revision": 4, "content_changed": true, "deleted": false, "page": 4}}, {"model": "wagtailcore.pagelogentry", "pk": 17, "fields": {"content_type": 30, "label": "Kafan By Premachand", "action": "wagtail.edit", "data": {}, "timestamp": "2026-02-21T01:11:16.747Z", "uuid": "b224521e-3bc0-4fa6-9374-19609e410cc4", "user": 1, "revision": 4, "content_changed": true, "deleted": false, "page": 4}}, {"model": "wagtailcore.pagelogentry", "pk": 18, "fields": {"content_type": 30, "label": "Kafan By Premachand", "action": "wagtail.edit", "data": {}, "timestamp": "2026-02-21T01:11:18.241Z", "uuid": "4ae6011e-bf35-403f-8f01-23a78b1cbac3", "user": 1, "revision": 4, "content_changed": true, "deleted": false, "page": 4}}, {"model": "wagtailcore.pagelogentry", "pk": 19, "fields": {"content_type": 30, "label": "Kafan By Premachand", "action": "wagtail.edit", "data": {}, "timestamp": "2026-02-21T01:11:20.742Z", "uuid": "5261e573-2240-4672-9dc0-617b37f3dffb", "user": 1, "revision": 4, "content_changed": true, "deleted": false, "page": 4}}, {"model": "wagtailcore.pagelogentry", "pk": 20, "fields": {"content_type": 30, "label": "Kafan By Premachand", "action": "wagtail.edit", "data": {}, "timestamp": "2026-02-21T01:11:22.234Z", "uuid": "2b8cfdc6-3d02-4799-92c3-32e43c32c234", "user": 1, "revision": 4, "content_changed": true, "deleted": false, "page": 4}}, {"model": "wagtailcore.pagelogentry", "pk": 21, "fields": {"content_type": 30, "label": "Kafan By Premachand", "action": "wagtail.edit", "data": {}, "timestamp": "2026-02-21T01:11:24.238Z", "uuid": "20d90aec-0819-4237-882c-dbbb805fe6e0", "user": 1, "revision": 4, "content_changed": true, "deleted": false, "page": 4}}, {"model": "wagtailcore.pagelogentry", "pk": 22, "fields": {"content_type": 30, "label": "Kafan By Premachand", "action": "wagtail.edit", "data": {}, "timestamp": "2026-02-21T01:11:26.209Z", "uuid": "28866138-82a2-4fe0-9015-01f44bfd0212", "user": 1, "revision": 4, "content_changed": true, "deleted": false, "page": 4}}, {"model": "wagtailcore.pagelogentry", "pk": 23, "fields": {"content_type": 30, "label": "Kafan By Premachand", "action": "wagtail.edit", "data": {}, "timestamp": "2026-02-21T01:11:28.247Z", "uuid": "da4a0b9b-3e27-42ed-8e85-46f16f21c505", "user": 1, "revision": 4, "content_changed": true, "deleted": false, "page": 4}}, {"model": "wagtailcore.pagelogentry", "pk": 24, "fields": {"content_type": 30, "label": "Kafan By Premachand", "action": "wagtail.edit", "data": {}, "timestamp": "2026-02-21T01:11:30.225Z", "uuid": "e484e3c1-8a7a-4516-b493-bbaee9f21e3f", "user": 1, "revision": 4, "content_changed": true, "deleted": false, "page": 4}}, {"model": "wagtailcore.pagelogentry", "pk": 25, "fields": {"content_type": 30, "label": "Kafan By Premachand", "action": "wagtail.edit", "data": {}, "timestamp": "2026-02-21T01:11:31.760Z", "uuid": "0fd51784-2d19-4267-a3cc-28bae9b602c0", "user": 1, "revision": 4, "content_changed": true, "deleted": false, "page": 4}}, {"model": "wagtailcore.pagelogentry", "pk": 26, "fields": {"content_type": 30, "label": "Kafan By Premachand", "action": "wagtail.edit", "data": {}, "timestamp": "2026-02-21T01:11:35.737Z", "uuid": "6c12bf46-09b2-42c0-923b-108087e55974", "user": 1, "revision": 4, "content_changed": true, "deleted": false, "page": 4}}, {"model": "wagtailcore.pagelogentry", "pk": 27, "fields": {"content_type": 30, "label": "Kafan By Premachand", "action": "wagtail.edit", "data": {}, "timestamp": "2026-02-21T01:11:38.730Z", "uuid": "f6fd9ffb-c142-4305-88b6-4a534436b3a1", "user": 1, "revision": 4, "content_changed": true, "deleted": false, "page": 4}}, {"model": "wagtailcore.pagelogentry", "pk": 28, "fields": {"content_type": 30, "label": "Kafan By Premachand", "action": "wagtail.edit", "data": {}, "timestamp": "2026-02-21T01:11:43.232Z", "uuid": "9bab77ad-9071-4c9d-ba3d-ed33e3630fff", "user": 1, "revision": 4, "content_changed": true, "deleted": false, "page": 4}}, {"model": "wagtailcore.pagelogentry", "pk": 29, "fields": {"content_type": 30, "label": "Kafan By Premachand", "action": "wagtail.edit", "data": {}, "timestamp": "2026-02-21T01:11:45.231Z", "uuid": "c385e20a-adec-4be0-b396-5483a91dc9c3", "user": 1, "revision": 4, "content_changed": true, "deleted": false, "page": 4}}, {"model": "wagtailcore.pagelogentry", "pk": 30, "fields": {"content_type": 30, "label": "Kafan By Premachand", "action": "wagtail.edit", "data": {}, "timestamp": "2026-02-21T01:11:49.243Z", "uuid": "c97f045f-ca9e-4d60-bf67-19390fd83937", "user": 1, "revision": 4, "content_changed": true, "deleted": false, "page": 4}}, {"model": "wagtailcore.pagelogentry", "pk": 31, "fields": {"content_type": 30, "label": "Kafan By Premachand", "action": "wagtail.edit", "data": {}, "timestamp": "2026-02-21T01:11:51.727Z", "uuid": "b4a8c00f-0d85-4439-a027-553ab65a180d", "user": 1, "revision": 4, "content_changed": true, "deleted": false, "page": 4}}, {"model": "wagtailcore.pagelogentry", "pk": 32, "fields": {"content_type": 30, "label": "Kafan By Premachand", "action": "wagtail.edit", "data": {}, "timestamp": "2026-02-21T01:11:53.735Z", "uuid": "c3f2ae78-52a8-4edf-b60e-dde31834a9ad", "user": 1, "revision": 4, "content_changed": true, "deleted": false, "page": 4}}, {"model": "wagtailcore.pagelogentry", "pk": 33, "fields": {"content_type": 30, "label": "Kafan By Premachand", "action": "wagtail.edit", "data": {}, "timestamp": "2026-02-21T01:11:55.724Z", "uuid": "f7324422-68dd-4656-8ac9-c1b1f73433c4", "user": 1, "revision": 4, "content_changed": true, "deleted": false, "page": 4}}, {"model": "wagtailcore.pagelogentry", "pk": 34, "fields": {"content_type": 30, "label": "Kafan By Premachand", "action": "wagtail.edit", "data": {}, "timestamp": "2026-02-21T01:11:58.728Z", "uuid": "a1cc5d8f-981d-4a74-91f6-ab9bbf6c480d", "user": 1, "revision": 4, "content_changed": true, "deleted": false, "page": 4}}, {"model": "wagtailcore.pagelogentry", "pk": 35, "fields": {"content_type": 30, "label": "Kafan By Premachand", "action": "wagtail.edit", "data": {}, "timestamp": "2026-02-21T01:12:00.743Z", "uuid": "faf9c10c-3db8-4150-9223-b4d79254b78a", "user": 1, "revision": 4, "content_changed": true, "deleted": false, "page": 4}}, {"model": "wagtailcore.pagelogentry", "pk": 36, "fields": {"content_type": 30, "label": "Kafan By Premachand", "action": "wagtail.edit", "data": {}, "timestamp": "2026-02-21T01:12:02.728Z", "uuid": "cf684b94-a9ca-4ed8-9b80-a676edda7f8d", "user": 1, "revision": 4, "content_changed": true, "deleted": false, "page": 4}}, {"model": "wagtailcore.pagelogentry", "pk": 37, "fields": {"content_type": 30, "label": "Kafan By Premachand", "action": "wagtail.edit", "data": {}, "timestamp": "2026-02-21T01:12:05.732Z", "uuid": "c5dbf989-ecbf-42b4-b797-450b7f31c6e7", "user": 1, "revision": 4, "content_changed": true, "deleted": false, "page": 4}}, {"model": "wagtailcore.pagelogentry", "pk": 38, "fields": {"content_type": 30, "label": "Kafan By Premachand", "action": "wagtail.edit", "data": {}, "timestamp": "2026-02-21T01:12:08.727Z", "uuid": "b34213e0-60a2-475c-8bcf-651388fb8567", "user": 1, "revision": 4, "content_changed": true, "deleted": false, "page": 4}}, {"model": "wagtailcore.pagelogentry", "pk": 39, "fields": {"content_type": 30, "label": "Kafan By Premachand", "action": "wagtail.edit", "data": {}, "timestamp": "2026-02-21T01:12:11.238Z", "uuid": "fb00c1f3-042c-4ac7-92d8-7b711c431434", "user": 1, "revision": 4, "content_changed": true, "deleted": false, "page": 4}}, {"model": "wagtailcore.pagelogentry", "pk": 40, "fields": {"content_type": 30, "label": "Kafan By Premachand", "action": "wagtail.edit", "data": {}, "timestamp": "2026-02-21T01:12:13.227Z", "uuid": "4b91b4cb-3dff-4dae-b2a0-5da55f2a4f99", "user": 1, "revision": 4, "content_changed": true, "deleted": false, "page": 4}}, {"model": "wagtailcore.pagelogentry", "pk": 41, "fields": {"content_type": 30, "label": "Kafan By Premachand", "action": "wagtail.edit", "data": {}, "timestamp": "2026-02-21T01:12:19.738Z", "uuid": "fbb3fa35-a735-4590-b385-98bdfb388523", "user": 1, "revision": 4, "content_changed": true, "deleted": false, "page": 4}}, {"model": "wagtailcore.pagelogentry", "pk": 42, "fields": {"content_type": 30, "label": "Kafan By Premachand", "action": "wagtail.edit", "data": {}, "timestamp": "2026-02-21T01:12:23.242Z", "uuid": "fcbff15d-d89e-49b8-aa5b-4d5c8fdd4ea7", "user": 1, "revision": 4, "content_changed": true, "deleted": false, "page": 4}}, {"model": "wagtailcore.pagelogentry", "pk": 43, "fields": {"content_type": 30, "label": "Kafan By Premachand", "action": "wagtail.edit", "data": {}, "timestamp": "2026-02-21T01:12:26.733Z", "uuid": "f93b6bd5-8f2e-477a-b091-d62f64b9231f", "user": 1, "revision": 4, "content_changed": true, "deleted": false, "page": 4}}, {"model": "wagtailcore.pagelogentry", "pk": 44, "fields": {"content_type": 30, "label": "Kafan By Premachand", "action": "wagtail.edit", "data": {}, "timestamp": "2026-02-21T01:12:28.757Z", "uuid": "797a1412-0759-42aa-b123-caa14106da81", "user": 1, "revision": 4, "content_changed": true, "deleted": false, "page": 4}}, {"model": "wagtailcore.pagelogentry", "pk": 45, "fields": {"content_type": 30, "label": "Kafan By Premachand", "action": "wagtail.edit", "data": {}, "timestamp": "2026-02-21T01:12:33.250Z", "uuid": "a29a13e2-c16a-4850-aa40-8dd9687af8c6", "user": 1, "revision": 4, "content_changed": true, "deleted": false, "page": 4}}, {"model": "wagtailcore.pagelogentry", "pk": 46, "fields": {"content_type": 30, "label": "Kafan By Premachand", "action": "wagtail.edit", "data": {}, "timestamp": "2026-02-21T01:12:35.750Z", "uuid": "a5dae317-6920-4427-af12-ebc3f7249898", "user": 1, "revision": 4, "content_changed": true, "deleted": false, "page": 4}}, {"model": "wagtailcore.pagelogentry", "pk": 47, "fields": {"content_type": 30, "label": "Kafan By Premachand", "action": "wagtail.edit", "data": {}, "timestamp": "2026-02-21T01:12:40.219Z", "uuid": "b5e4dc36-c8eb-409b-b584-bfa0899c100c", "user": 1, "revision": 4, "content_changed": true, "deleted": false, "page": 4}}, {"model": "wagtailcore.pagelogentry", "pk": 48, "fields": {"content_type": 30, "label": "Kafan By Premachand", "action": "wagtail.edit", "data": {}, "timestamp": "2026-02-21T01:12:42.241Z", "uuid": "ec084210-af61-49b8-b5c3-4fc94b8d98a7", "user": 1, "revision": 4, "content_changed": true, "deleted": false, "page": 4}}, {"model": "wagtailcore.pagelogentry", "pk": 49, "fields": {"content_type": 30, "label": "Kafan By Premachand", "action": "wagtail.edit", "data": {}, "timestamp": "2026-02-21T01:12:44.750Z", "uuid": "69239a4b-e691-4756-9fc5-9886f90fc1ab", "user": 1, "revision": 4, "content_changed": true, "deleted": false, "page": 4}}, {"model": "wagtailcore.pagelogentry", "pk": 50, "fields": {"content_type": 30, "label": "Kafan By Premachand", "action": "wagtail.edit", "data": {}, "timestamp": "2026-02-21T01:12:46.731Z", "uuid": "4ab467d5-6c30-4c2e-942b-9f76de5635b8", "user": 1, "revision": 4, "content_changed": true, "deleted": false, "page": 4}}, {"model": "wagtailcore.pagelogentry", "pk": 51, "fields": {"content_type": 30, "label": "Kafan By Premachand", "action": "wagtail.edit", "data": {}, "timestamp": "2026-02-21T01:12:48.234Z", "uuid": "8c2c8e59-a549-45cf-a2ba-d828b92b0ab6", "user": 1, "revision": 4, "content_changed": true, "deleted": false, "page": 4}}, {"model": "wagtailcore.pagelogentry", "pk": 52, "fields": {"content_type": 30, "label": "Kafan By Premachand", "action": "wagtail.edit", "data": {}, "timestamp": "2026-02-21T01:12:53.229Z", "uuid": "ca30471d-ee6b-482a-ad00-8fd7b3bdbe6e", "user": 1, "revision": 4, "content_changed": true, "deleted": false, "page": 4}}, {"model": "wagtailcore.pagelogentry", "pk": 53, "fields": {"content_type": 30, "label": "Kafan By Premachand", "action": "wagtail.edit", "data": {}, "timestamp": "2026-02-21T01:13:02.739Z", "uuid": "80328b09-4ff8-4ca6-b134-0f84e4a6296f", "user": 1, "revision": 4, "content_changed": true, "deleted": false, "page": 4}}, {"model": "wagtailcore.pagelogentry", "pk": 54, "fields": {"content_type": 30, "label": "Kafan By Premachand", "action": "wagtail.edit", "data": {}, "timestamp": "2026-02-21T01:13:06.241Z", "uuid": "0557a8e2-cda2-4818-ad7f-7514e07e97de", "user": 1, "revision": 4, "content_changed": true, "deleted": false, "page": 4}}, {"model": "wagtailcore.pagelogentry", "pk": 55, "fields": {"content_type": 30, "label": "Kafan By Premachand", "action": "wagtail.edit", "data": {}, "timestamp": "2026-02-21T01:13:11.726Z", "uuid": "07650bf8-6f90-4b79-a79f-db591d60e8db", "user": 1, "revision": 4, "content_changed": true, "deleted": false, "page": 4}}, {"model": "wagtailcore.pagelogentry", "pk": 56, "fields": {"content_type": 30, "label": "Kafan By Premachand", "action": "wagtail.edit", "data": {}, "timestamp": "2026-02-21T01:13:17.742Z", "uuid": "9afa6ef6-7d46-48e7-89d4-e10d86529da4", "user": 1, "revision": 4, "content_changed": true, "deleted": false, "page": 4}}, {"model": "wagtailcore.pagelogentry", "pk": 57, "fields": {"content_type": 30, "label": "Kafan By Premachand", "action": "wagtail.edit", "data": {}, "timestamp": "2026-02-21T01:13:20.745Z", "uuid": "e780255b-4ea5-406a-9bcb-6b6a749a1150", "user": 1, "revision": 4, "content_changed": true, "deleted": false, "page": 4}}, {"model": "wagtailcore.pagelogentry", "pk": 58, "fields": {"content_type": 30, "label": "Kafan By Premachand", "action": "wagtail.edit", "data": {}, "timestamp": "2026-02-21T01:13:26.219Z", "uuid": "33eca868-6840-4c78-8641-c29c84d85e52", "user": 1, "revision": 5, "content_changed": true, "deleted": false, "page": 4}}, {"model": "wagtailcore.pagelogentry", "pk": 59, "fields": {"content_type": 30, "label": "Kafan By Premachand", "action": "wagtail.publish", "data": {}, "timestamp": "2026-02-21T01:13:53.983Z", "uuid": "74d31b65-451c-4ef5-9f14-1a640c5642c3", "user": 1, "revision": 5, "content_changed": true, "deleted": false, "page": 4}}, {"model": "wagtailcore.pagelogentry", "pk": 60, "fields": {"content_type": 5, "label": "CineClub", "action": "wagtail.create", "data": {}, "timestamp": "2026-02-21T02:01:45.628Z", "uuid": "eb63fc52-ae4f-4343-bd90-e10367b986a1", "user": 1, "revision": null, "content_changed": true, "deleted": false, "page": 5}}, {"model": "wagtailcore.pagelogentry", "pk": 61, "fields": {"content_type": 5, "label": "CineClub", "action": "wagtail.edit", "data": {}, "timestamp": "2026-02-21T02:01:45.688Z", "uuid": "eb63fc52-ae4f-4343-bd90-e10367b986a1", "user": 1, "revision": 6, "content_changed": true, "deleted": false, "page": 5}}, {"model": "wagtailcore.pagelogentry", "pk": 62, "fields": {"content_type": 5, "label": "CineClub", "action": "wagtail.edit", "data": {}, "timestamp": "2026-02-21T02:01:55.266Z", "uuid": "139e89ca-928e-4910-b93f-fee566357d21", "user": 1, "revision": 7, "content_changed": true, "deleted": false, "page": 5}}, {"model": "wagtailcore.pagelogentry", "pk": 63, "fields": {"content_type": 5, "label": "CineClub", "action": "wagtail.edit", "data": {}, "timestamp": "2026-02-21T02:01:59.853Z", "uuid": "a338a48b-8814-4272-8821-0db10f8d5ae7", "user": 1, "revision": 8, "content_changed": true, "deleted": false, "page": 5}}, {"model": "wagtailcore.pagelogentry", "pk": 64, "fields": {"content_type": 5, "label": "CineClub", "action": "wagtail.publish", "data": {}, "timestamp": "2026-02-21T02:02:33.471Z", "uuid": "9e09f427-4b3a-4b72-839e-34ac9e45711c", "user": 1, "revision": 8, "content_changed": true, "deleted": false, "page": 5}}, {"model": "wagtailcore.pagelogentry", "pk": 65, "fields": {"content_type": 5, "label": "CineClub", "action": "wagtail.publish", "data": {}, "timestamp": "2026-02-21T02:02:49.735Z", "uuid": "b6c56c25-8684-4012-a153-be18447a6221", "user": 1, "revision": 8, "content_changed": true, "deleted": false, "page": 5}}, {"model": "wagtailcore.pagelogentry", "pk": 66, "fields": {"content_type": 5, "label": "CineClub", "action": "wagtail.edit", "data": {}, "timestamp": "2026-02-21T02:03:35.590Z", "uuid": "22c41d29-424b-47df-8f8b-62c9318beba6", "user": 1, "revision": 9, "content_changed": true, "deleted": false, "page": 5}}, {"model": "wagtailcore.pagelogentry", "pk": 67, "fields": {"content_type": 5, "label": "CineClub", "action": "wagtail.edit", "data": {}, "timestamp": "2026-02-21T02:03:35.768Z", "uuid": "6bca9e68-5e72-47f5-aa0e-4d381a568f46", "user": 1, "revision": 10, "content_changed": true, "deleted": false, "page": 5}}, {"model": "wagtailcore.pagelogentry", "pk": 68, "fields": {"content_type": 5, "label": "CineClub", "action": "wagtail.edit", "data": {}, "timestamp": "2026-02-21T02:03:39.700Z", "uuid": "6c2bb0b1-2b5c-4726-800f-09f182765830", "user": 1, "revision": 11, "content_changed": true, "deleted": false, "page": 5}}, {"model": "wagtailcore.pagelogentry", "pk": 69, "fields": {"content_type": 5, "label": "CineClub", "action": "wagtail.publish", "data": {}, "timestamp": "2026-02-21T02:03:55.553Z", "uuid": "12c4821a-363a-46d7-ab0c-4b88bbdf001d", "user": 1, "revision": 11, "content_changed": true, "deleted": false, "page": 5}}, {"model": "wagtailcore.pagelogentry", "pk": 70, "fields": {"content_type": 5, "label": "CineClub", "action": "wagtail.edit", "data": {}, "timestamp": "2026-02-21T02:08:56.405Z", "uuid": "fa002f50-f2da-410d-ac46-f408faddcdac", "user": 1, "revision": 12, "content_changed": true, "deleted": false, "page": 5}}, {"model": "wagtailcore.pagelogentry", "pk": 71, "fields": {"content_type": 5, "label": "CineClub", "action": "wagtail.edit", "data": {}, "timestamp": "2026-02-21T02:09:01.430Z", "uuid": "bd78473e-aa42-4dc0-8da2-97e79dbe00ad", "user": 1, "revision": 12, "content_changed": true, "deleted": false, "page": 5}}, {"model": "wagtailcore.pagelogentry", "pk": 72, "fields": {"content_type": 5, "label": "CineClub", "action": "wagtail.edit", "data": {}, "timestamp": "2026-02-21T02:09:06.420Z", "uuid": "5cf0d73f-08e1-4e7e-8d7f-afda4b916071", "user": 1, "revision": 12, "content_changed": true, "deleted": false, "page": 5}}, {"model": "wagtailcore.pagelogentry", "pk": 73, "fields": {"content_type": 5, "label": "CineClub", "action": "wagtail.edit", "data": {}, "timestamp": "2026-02-21T02:09:10.898Z", "uuid": "deed6679-0eb7-42b4-ab27-139b0f3e3513", "user": 1, "revision": 12, "content_changed": true, "deleted": false, "page": 5}}, {"model": "wagtailcore.pagelogentry", "pk": 74, "fields": {"content_type": 5, "label": "CineClub", "action": "wagtail.edit", "data": {}, "timestamp": "2026-02-21T02:09:11.977Z", "uuid": "4c5ceab9-9881-4a92-87d7-c70231001a6f", "user": 1, "revision": 13, "content_changed": true, "deleted": false, "page": 5}}, {"model": "wagtailcore.pagelogentry", "pk": 75, "fields": {"content_type": 5, "label": "CineClub", "action": "wagtail.edit", "data": {}, "timestamp": "2026-02-21T02:09:17.854Z", "uuid": "3bb239b0-5252-4b39-ace7-44e7b1db06d7", "user": 1, "revision": 14, "content_changed": true, "deleted": false, "page": 5}}, {"model": "wagtailcore.pagelogentry", "pk": 76, "fields": {"content_type": 5, "label": "CineClub", "action": "wagtail.publish", "data": {}, "timestamp": "2026-02-21T02:09:47.443Z", "uuid": "60409164-fd4a-4edc-946a-01a40d1f2a4e", "user": 1, "revision": 14, "content_changed": true, "deleted": false, "page": 5}}, {"model": "wagtailcore.pagelogentry", "pk": 77, "fields": {"content_type": 5, "label": "CineClub", "action": "wagtail.edit", "data": {}, "timestamp": "2026-02-21T02:10:47.418Z", "uuid": "52831043-1115-4ea7-b3a6-435157cc3f15", "user": 1, "revision": 15, "content_changed": true, "deleted": false, "page": 5}}, {"model": "wagtailcore.pagelogentry", "pk": 78, "fields": {"content_type": 5, "label": "Cine Club", "action": "wagtail.edit", "data": {}, "timestamp": "2026-02-21T02:10:49.761Z", "uuid": "e7388f28-546d-40b6-a7fc-22f97debca8f", "user": 1, "revision": 16, "content_changed": true, "deleted": false, "page": 5}}, {"model": "wagtailcore.pagelogentry", "pk": 79, "fields": {"content_type": 5, "label": "Cine Club", "action": "wagtail.edit", "data": {}, "timestamp": "2026-02-21T02:10:53.377Z", "uuid": "ad879657-3d8b-4880-a94a-bc16fdae2c60", "user": 1, "revision": 17, "content_changed": true, "deleted": false, "page": 5}}, {"model": "wagtailcore.pagelogentry", "pk": 80, "fields": {"content_type": 5, "label": "Q", "action": "wagtail.create", "data": {}, "timestamp": "2026-02-21T02:11:09.434Z", "uuid": "f96bc475-2b9b-4d47-a9bf-33a6fe219242", "user": 1, "revision": null, "content_changed": true, "deleted": false, "page": 6}}, {"model": "wagtailcore.pagelogentry", "pk": 81, "fields": {"content_type": 5, "label": "Q", "action": "wagtail.edit", "data": {}, "timestamp": "2026-02-21T02:11:09.495Z", "uuid": "f96bc475-2b9b-4d47-a9bf-33a6fe219242", "user": 1, "revision": 18, "content_changed": true, "deleted": false, "page": 6}}, {"model": "wagtailcore.pagelogentry", "pk": 82, "fields": {"content_type": 5, "label": "Quiz", "action": "wagtail.edit", "data": {}, "timestamp": "2026-02-21T02:11:11.480Z", "uuid": "519e5323-cffc-4d18-a66b-f691d0459fa7", "user": 1, "revision": 18, "content_changed": true, "deleted": false, "page": 6}}, {"model": "wagtailcore.pagelogentry", "pk": 83, "fields": {"content_type": 5, "label": "Quiz club", "action": "wagtail.edit", "data": {}, "timestamp": "2026-02-21T02:11:15.971Z", "uuid": "b61babe1-840d-4226-a1da-a82cde2c6f67", "user": 1, "revision": 18, "content_changed": true, "deleted": false, "page": 6}}, {"model": "wagtailcore.pagelogentry", "pk": 84, "fields": {"content_type": 5, "label": "Quiz club", "action": "wagtail.edit", "data": {}, "timestamp": "2026-02-21T02:11:17.018Z", "uuid": "f225c38f-b6bb-46b4-8998-3593f7721ba5", "user": 1, "revision": 19, "content_changed": true, "deleted": false, "page": 6}}, {"model": "wagtailcore.pagelogentry", "pk": 85, "fields": {"content_type": 5, "label": "Quiz club", "action": "wagtail.edit", "data": {}, "timestamp": "2026-02-21T02:11:21.947Z", "uuid": "850702a3-ebec-4cb3-81e6-fef18af09a70", "user": 1, "revision": 20, "content_changed": true, "deleted": false, "page": 6}}, {"model": "wagtailcore.pagelogentry", "pk": 86, "fields": {"content_type": 5, "label": "Quiz club", "action": "wagtail.publish", "data": {}, "timestamp": "2026-02-21T02:11:39.639Z", "uuid": "29e2c34d-b903-46d3-abf9-2cb9a8bcf251", "user": 1, "revision": 20, "content_changed": true, "deleted": false, "page": 6}}, {"model": "wagtailcore.pagelogentry", "pk": 87, "fields": {"content_type": 5, "label": "Cine Club", "action": "wagtail.rename", "data": {"title": {"old": "CineClub", "new": "Cine Club"}}, "timestamp": "2026-02-21T02:11:45.235Z", "uuid": "1d5ff1ef-1f88-491c-81f5-b51b11ab7420", "user": 1, "revision": 17, "content_changed": false, "deleted": false, "page": 5}}, {"model": "wagtailcore.pagelogentry", "pk": 88, "fields": {"content_type": 5, "label": "Cine Club", "action": "wagtail.publish", "data": {"title": {"old": "CineClub", "new": "Cine Club"}}, "timestamp": "2026-02-21T02:11:45.240Z", "uuid": "1d5ff1ef-1f88-491c-81f5-b51b11ab7420", "user": 1, "revision": 17, "content_changed": true, "deleted": false, "page": 5}}, {"model": "wagtailcore.pagelogentry", "pk": 89, "fields": {"content_type": 47, "label": "Ci", "action": "wagtail.create", "data": {}, "timestamp": "2026-02-21T02:26:15.014Z", "uuid": "21cc3321-3c45-475a-88fd-ce91dc2b7440", "user": 1, "revision": null, "content_changed": true, "deleted": false, "page": 7}}, {"model": "wagtailcore.pagelogentry", "pk": 90, "fields": {"content_type": 47, "label": "Ci", "action": "wagtail.edit", "data": {}, "timestamp": "2026-02-21T02:26:15.088Z", "uuid": "21cc3321-3c45-475a-88fd-ce91dc2b7440", "user": 1, "revision": 21, "content_changed": true, "deleted": false, "page": 7}}, {"model": "wagtailcore.pagelogentry", "pk": 91, "fields": {"content_type": 5, "label": "Cine Club", "action": "wagtail.delete", "data": {}, "timestamp": "2026-02-21T02:26:50.452Z", "uuid": "bb8b5368-63a8-437c-a23c-4dc05adaa3f8", "user": 1, "revision": null, "content_changed": false, "deleted": true, "page": 5}}, {"model": "wagtailcore.pagelogentry", "pk": 92, "fields": {"content_type": 5, "label": "Quiz club", "action": "wagtail.delete", "data": {}, "timestamp": "2026-02-21T02:26:50.554Z", "uuid": "bb8b5368-63a8-437c-a23c-4dc05adaa3f8", "user": 1, "revision": null, "content_changed": false, "deleted": true, "page": 6}}, {"model": "wagtailcore.pagelogentry", "pk": 93, "fields": {"content_type": 47, "label": "Cine Cl", "action": "wagtail.edit", "data": {}, "timestamp": "2026-02-21T02:26:59.305Z", "uuid": "bea64e12-b1b6-4f4e-bb31-69cc99d98c7a", "user": 1, "revision": 22, "content_changed": true, "deleted": false, "page": 7}}, {"model": "wagtailcore.pagelogentry", "pk": 94, "fields": {"content_type": 47, "label": "Cine Club", "action": "wagtail.edit", "data": {}, "timestamp": "2026-02-21T02:27:06.317Z", "uuid": "d042e0c9-7a5b-4fa2-949a-560962525c40", "user": 1, "revision": 22, "content_changed": true, "deleted": false, "page": 7}}, {"model": "wagtailcore.pagelogentry", "pk": 95, "fields": {"content_type": 47, "label": "Cine Club", "action": "wagtail.edit", "data": {}, "timestamp": "2026-02-21T02:27:06.512Z", "uuid": "f4ef0edb-ee37-415d-8a78-eb1947d1f0a4", "user": 1, "revision": 23, "content_changed": true, "deleted": false, "page": 7}}, {"model": "wagtailcore.pagelogentry", "pk": 96, "fields": {"content_type": 47, "label": "Cine Club", "action": "wagtail.publish", "data": {}, "timestamp": "2026-02-21T02:27:40.428Z", "uuid": "3c686250-19f8-4cb0-a550-23a29715b93f", "user": 1, "revision": 23, "content_changed": true, "deleted": false, "page": 7}}, {"model": "wagtailcore.pagelogentry", "pk": 97, "fields": {"content_type": 47, "label": "Quiz", "action": "wagtail.create", "data": {}, "timestamp": "2026-02-21T02:27:56.768Z", "uuid": "c71b1065-b37e-47a4-a030-3ab037ebd703", "user": 1, "revision": null, "content_changed": true, "deleted": false, "page": 8}}, {"model": "wagtailcore.pagelogentry", "pk": 98, "fields": {"content_type": 47, "label": "Quiz", "action": "wagtail.edit", "data": {}, "timestamp": "2026-02-21T02:27:56.829Z", "uuid": "c71b1065-b37e-47a4-a030-3ab037ebd703", "user": 1, "revision": 24, "content_changed": true, "deleted": false, "page": 8}}, {"model": "wagtailcore.pagelogentry", "pk": 99, "fields": {"content_type": 47, "label": "Quiz Club", "action": "wagtail.edit", "data": {}, "timestamp": "2026-02-21T02:27:59.312Z", "uuid": "7c898fc2-54cd-40d2-96bd-b2fce8580883", "user": 1, "revision": 24, "content_changed": true, "deleted": false, "page": 8}}, {"model": "wagtailcore.pagelogentry", "pk": 100, "fields": {"content_type": 47, "label": "Quiz Club", "action": "wagtail.edit", "data": {}, "timestamp": "2026-02-21T02:28:01.149Z", "uuid": "6f87c2e1-3aa8-47b3-88ab-658ad44dc628", "user": 1, "revision": 25, "content_changed": true, "deleted": false, "page": 8}}, {"model": "wagtailcore.pagelogentry", "pk": 101, "fields": {"content_type": 47, "label": "Quiz Club", "action": "wagtail.publish", "data": {}, "timestamp": "2026-02-21T02:28:15.839Z", "uuid": "b1f58c24-b800-43ce-80e5-dc9051307dce", "user": 1, "revision": 25, "content_changed": true, "deleted": false, "page": 8}}, {"model": "wagtailcore.pagelogentry", "pk": 102, "fields": {"content_type": 30, "label": "Kafan By Premachand", "action": "wagtail.edit", "data": {}, "timestamp": "2026-02-21T02:29:02.694Z", "uuid": "c905e3b4-f38c-4237-90ae-92c76426fc70", "user": 1, "revision": 26, "content_changed": true, "deleted": false, "page": 4}}, {"model": "wagtailcore.pagelogentry", "pk": 103, "fields": {"content_type": 30, "label": "Kafan By Munshi Premchand", "action": "wagtail.edit", "data": {}, "timestamp": "2026-02-21T02:29:08.068Z", "uuid": "8ab298e0-afcf-4830-825e-455e5385336c", "user": 1, "revision": 27, "content_changed": true, "deleted": false, "page": 4}}, {"model": "wagtailcore.pagelogentry", "pk": 104, "fields": {"content_type": 30, "label": "Kafan By Munshi Premchand", "action": "wagtail.edit", "data": {}, "timestamp": "2026-02-21T02:29:08.936Z", "uuid": "615fd71b-fe94-42a4-a8b7-89ee45293d70", "user": 1, "revision": 28, "content_changed": true, "deleted": false, "page": 4}}, {"model": "wagtailcore.pagelogentry", "pk": 105, "fields": {"content_type": 30, "label": "Kafan By Munshi Premchand", "action": "wagtail.edit", "data": {}, "timestamp": "2026-02-21T02:29:21.616Z", "uuid": "ea26650d-6c30-4fff-9611-34b0355e0573", "user": 1, "revision": 29, "content_changed": true, "deleted": false, "page": 4}}, {"model": "wagtailcore.pagelogentry", "pk": 106, "fields": {"content_type": 30, "label": "Kafan By Munshi Premchand", "action": "wagtail.edit", "data": {}, "timestamp": "2026-02-21T02:29:23.606Z", "uuid": "27877e9f-6a43-4e6b-9912-a79994415bef", "user": 1, "revision": 29, "content_changed": true, "deleted": false, "page": 4}}, {"model": "wagtailcore.pagelogentry", "pk": 107, "fields": {"content_type": 30, "label": "Kafan By Munshi Premchand", "action": "wagtail.edit", "data": {}, "timestamp": "2026-02-21T02:29:26.626Z", "uuid": "68a60956-bb2d-4465-b59d-680ba824a2ea", "user": 1, "revision": 29, "content_changed": true, "deleted": false, "page": 4}}, {"model": "wagtailcore.pagelogentry", "pk": 108, "fields": {"content_type": 30, "label": "Kafan By Munshi Premchand", "action": "wagtail.edit", "data": {}, "timestamp": "2026-02-21T02:29:30.114Z", "uuid": "a9c7e144-37b7-485e-a33d-17ab4ecff525", "user": 1, "revision": 29, "content_changed": true, "deleted": false, "page": 4}}, {"model": "wagtailcore.pagelogentry", "pk": 109, "fields": {"content_type": 30, "label": "Kafan By Munshi Premchand", "action": "wagtail.edit", "data": {}, "timestamp": "2026-02-21T02:29:32.108Z", "uuid": "819fbcaf-91e3-4c4d-bf41-1a8b2b100554", "user": 1, "revision": 29, "content_changed": true, "deleted": false, "page": 4}}, {"model": "wagtailcore.pagelogentry", "pk": 110, "fields": {"content_type": 30, "label": "Kafan By Munshi Premchand", "action": "wagtail.edit", "data": {}, "timestamp": "2026-02-21T02:29:34.595Z", "uuid": "aa2e82b4-d41b-4186-b777-6bc91ca51ce5", "user": 1, "revision": 29, "content_changed": true, "deleted": false, "page": 4}}, {"model": "wagtailcore.pagelogentry", "pk": 111, "fields": {"content_type": 30, "label": "Kafan By Munshi Premchand", "action": "wagtail.edit", "data": {}, "timestamp": "2026-02-21T02:29:49.127Z", "uuid": "8a3fae41-c1c7-401c-8de7-57013b04b446", "user": 1, "revision": 29, "content_changed": true, "deleted": false, "page": 4}}, {"model": "wagtailcore.pagelogentry", "pk": 112, "fields": {"content_type": 30, "label": "Kafan By Munshi Premchand", "action": "wagtail.edit", "data": {}, "timestamp": "2026-02-21T02:29:51.119Z", "uuid": "95b6ffe8-b024-4f7f-ac68-5a67b0140a1c", "user": 1, "revision": 29, "content_changed": true, "deleted": false, "page": 4}}, {"model": "wagtailcore.pagelogentry", "pk": 113, "fields": {"content_type": 30, "label": "Kafan By Munshi Premchand", "action": "wagtail.edit", "data": {}, "timestamp": "2026-02-21T02:29:54.120Z", "uuid": "a55a6ee2-26a9-4483-ac7f-c19963bd81c5", "user": 1, "revision": 29, "content_changed": true, "deleted": false, "page": 4}}, {"model": "wagtailcore.pagelogentry", "pk": 114, "fields": {"content_type": 30, "label": "Kafan By Munshi Premchand", "action": "wagtail.edit", "data": {}, "timestamp": "2026-02-21T02:29:54.377Z", "uuid": "d0f383cb-6bd1-4e94-9bd8-c3f4afc8c34c", "user": 1, "revision": 30, "content_changed": true, "deleted": false, "page": 4}}, {"model": "wagtailcore.pagelogentry", "pk": 115, "fields": {"content_type": 30, "label": "Kafan By Munshi Premchand", "action": "wagtail.edit", "data": {}, "timestamp": "2026-02-21T02:29:59.045Z", "uuid": "a03bf467-c38b-445c-bde3-8665e9920117", "user": 1, "revision": 31, "content_changed": true, "deleted": false, "page": 4}}, {"model": "wagtailcore.pagelogentry", "pk": 116, "fields": {"content_type": 30, "label": "Kafan By Munshi Premchand", "action": "wagtail.rename", "data": {"title": {"old": "Kafan By Premachand", "new": "Kafan By Munshi Premchand"}}, "timestamp": "2026-02-21T02:30:16.370Z", "uuid": "fc27c7d1-e3a5-44ae-804d-75770b143a5f", "user": 1, "revision": 31, "content_changed": false, "deleted": false, "page": 4}}, {"model": "wagtailcore.pagelogentry", "pk": 117, "fields": {"content_type": 30, "label": "Kafan By Munshi Premchand", "action": "wagtail.publish", "data": {"title": {"old": "Kafan By Premachand", "new": "Kafan By Munshi Premchand"}}, "timestamp": "2026-02-21T02:30:16.376Z", "uuid": "fc27c7d1-e3a5-44ae-804d-75770b143a5f", "user": 1, "revision": 31, "content_changed": true, "deleted": false, "page": 4}}, {"model": "wagtailcore.pagelogentry", "pk": 118, "fields": {"content_type": 47, "label": "Cine Club", "action": "wagtail.edit", "data": {}, "timestamp": "2026-02-21T02:31:17.442Z", "uuid": "c9153baf-1ac4-4171-b3da-ccb498210a23", "user": 1, "revision": 32, "content_changed": true, "deleted": false, "page": 7}}, {"model": "wagtailcore.pagelogentry", "pk": 119, "fields": {"content_type": 47, "label": "Cine Club", "action": "wagtail.edit", "data": {}, "timestamp": "2026-02-21T02:31:19.879Z", "uuid": "381cfdcf-0f07-479f-b9f4-881514481af7", "user": 1, "revision": 33, "content_changed": true, "deleted": false, "page": 7}}, {"model": "wagtailcore.pagelogentry", "pk": 120, "fields": {"content_type": 47, "label": "Cine Club", "action": "wagtail.publish", "data": {}, "timestamp": "2026-02-21T02:31:37.373Z", "uuid": "6ce1676e-3c93-4204-b01e-b0e4fbdaa706", "user": 1, "revision": 33, "content_changed": true, "deleted": false, "page": 7}}, {"model": "wagtailcore.pagelogentry", "pk": 121, "fields": {"content_type": 47, "label": "Cine Club", "action": "wagtail.edit", "data": {}, "timestamp": "2026-02-21T02:31:55.496Z", "uuid": "76bb1836-33ac-41c7-8450-81f0c96cf876", "user": 1, "revision": 34, "content_changed": true, "deleted": false, "page": 7}}, {"model": "wagtailcore.pagelogentry", "pk": 122, "fields": {"content_type": 47, "label": "Cine Club", "action": "wagtail.publish", "data": {}, "timestamp": "2026-02-21T02:32:05.443Z", "uuid": "ba05447b-20fa-4e56-a67f-2c5991b2a19f", "user": 1, "revision": 34, "content_changed": true, "deleted": false, "page": 7}}, {"model": "wagtailcore.pagelogentry", "pk": 123, "fields": {"content_type": 47, "label": "Cine Club", "action": "wagtail.edit", "data": {}, "timestamp": "2026-02-21T02:35:05.680Z", "uuid": "540607a5-a3d4-4342-be98-bf8cf78844ad", "user": 1, "revision": 35, "content_changed": true, "deleted": false, "page": 7}}, {"model": "wagtailcore.pagelogentry", "pk": 124, "fields": {"content_type": 47, "label": "Cine Club", "action": "wagtail.edit", "data": {}, "timestamp": "2026-02-21T02:35:10.698Z", "uuid": "a455f380-d579-4095-ad7a-325d5aef8d15", "user": 1, "revision": 35, "content_changed": true, "deleted": false, "page": 7}}, {"model": "wagtailcore.pagelogentry", "pk": 125, "fields": {"content_type": 47, "label": "Cine Club", "action": "wagtail.edit", "data": {}, "timestamp": "2026-02-21T02:35:12.723Z", "uuid": "ef45124c-7285-4836-a0fa-eda8835df88c", "user": 1, "revision": 35, "content_changed": true, "deleted": false, "page": 7}}, {"model": "wagtailcore.pagelogentry", "pk": 126, "fields": {"content_type": 47, "label": "Cine Club", "action": "wagtail.edit", "data": {}, "timestamp": "2026-02-21T02:35:19.716Z", "uuid": "6f2b0e68-2821-401d-8e64-936a41c98774", "user": 1, "revision": 35, "content_changed": true, "deleted": false, "page": 7}}, {"model": "wagtailcore.pagelogentry", "pk": 127, "fields": {"content_type": 30, "label": "Munshi premchand", "action": "wagtail.create", "data": {}, "timestamp": "2026-02-21T02:36:25.271Z", "uuid": "73bd7411-8988-4837-9fc1-ca5ca9f208cd", "user": 1, "revision": null, "content_changed": true, "deleted": false, "page": 9}}, {"model": "wagtailcore.pagelogentry", "pk": 128, "fields": {"content_type": 30, "label": "Munshi premchand", "action": "wagtail.edit", "data": {}, "timestamp": "2026-02-21T02:36:25.325Z", "uuid": "73bd7411-8988-4837-9fc1-ca5ca9f208cd", "user": 1, "revision": 36, "content_changed": true, "deleted": false, "page": 9}}, {"model": "wagtailcore.pagelogentry", "pk": 129, "fields": {"content_type": 30, "label": "Munshi premchand", "action": "wagtail.edit", "data": {}, "timestamp": "2026-02-21T02:36:27.360Z", "uuid": "82952bba-96c2-4daa-a81d-8d37ae274b04", "user": 1, "revision": 37, "content_changed": true, "deleted": false, "page": 9}}, {"model": "wagtailcore.pagelogentry", "pk": 130, "fields": {"content_type": 30, "label": "Munshi premchand", "action": "wagtail.publish", "data": {}, "timestamp": "2026-02-21T02:37:03.705Z", "uuid": "cbc51665-057a-4778-b819-e88578217b6b", "user": 1, "revision": 37, "content_changed": true, "deleted": false, "page": 9}}, {"model": "wagtailcore.pagelogentry", "pk": 131, "fields": {"content_type": 30, "label": "Munshi premchand", "action": "wagtail.delete", "data": {}, "timestamp": "2026-02-21T02:37:14.352Z", "uuid": "bddca1ac-fbb1-474f-9de8-571096877e02", "user": 1, "revision": null, "content_changed": false, "deleted": true, "page": 9}}, {"model": "wagtailcore.pagelogentry", "pk": 132, "fields": {"content_type": 47, "label": "Reading Club", "action": "wagtail.create", "data": {}, "timestamp": "2026-02-21T02:41:07.810Z", "uuid": "34e66a49-919a-4c48-aff4-f8fdf4c35d2d", "user": 1, "revision": null, "content_changed": true, "deleted": false, "page": 10}}, {"model": "wagtailcore.pagelogentry", "pk": 133, "fields": {"content_type": 47, "label": "Reading Club", "action": "wagtail.edit", "data": {}, "timestamp": "2026-02-21T02:41:07.875Z", "uuid": "34e66a49-919a-4c48-aff4-f8fdf4c35d2d", "user": 1, "revision": 38, "content_changed": true, "deleted": false, "page": 10}}, {"model": "wagtailcore.pagelogentry", "pk": 134, "fields": {"content_type": 47, "label": "Reading Club", "action": "wagtail.edit", "data": {}, "timestamp": "2026-02-21T02:41:14.698Z", "uuid": "38972ef1-9fa5-4b25-8c04-dd2de0f363b7", "user": 1, "revision": 39, "content_changed": true, "deleted": false, "page": 10}}, {"model": "wagtailcore.pagelogentry", "pk": 135, "fields": {"content_type": 1, "label": "Kafan By Munshi Premchand", "action": "wagtail.move", "data": {"source": {"id": 3, "title": "Home"}, "destination": {"id": 10, "title": "Reading Club"}}, "timestamp": "2026-02-21T02:41:29.426Z", "uuid": "3f389d89-a251-4776-bbe4-1ab40661bce0", "user": 1, "revision": null, "content_changed": false, "deleted": false, "page": 4}}, {"model": "wagtailcore.pagelogentry", "pk": 136, "fields": {"content_type": 47, "label": "Reading Club", "action": "wagtail.publish", "data": {}, "timestamp": "2026-02-21T02:41:33.952Z", "uuid": "ebc13e65-c529-4abb-9e34-d06d6fa26b4a", "user": 1, "revision": 39, "content_changed": true, "deleted": false, "page": 10}}, {"model": "wagtailcore.pagelogentry", "pk": 137, "fields": {"content_type": 47, "label": "Cine Club", "action": "wagtail.publish", "data": {}, "timestamp": "2026-02-21T02:42:31.465Z", "uuid": "a5ce65de-4669-4e65-86f2-8611d832f7e7", "user": 1, "revision": 35, "content_changed": true, "deleted": false, "page": 7}}, {"model": "wagtailcore.pagelogentry", "pk": 138, "fields": {"content_type": 30, "label": "Kafan By Munshi Premchand", "action": "wagtail.edit", "data": {}, "timestamp": "2026-02-21T02:44:13.113Z", "uuid": "dcad072a-88d1-4cd9-8e01-d20e458db491", "user": 1, "revision": 40, "content_changed": true, "deleted": false, "page": 4}}, {"model": "wagtailcore.pagelogentry", "pk": 139, "fields": {"content_type": 30, "label": "Kafan By Munshi Premchand", "action": "wagtail.edit", "data": {}, "timestamp": "2026-02-21T02:44:17.464Z", "uuid": "f7a00fba-18e9-4039-9ab0-95ab75910cf2", "user": 1, "revision": 41, "content_changed": true, "deleted": false, "page": 4}}, {"model": "wagtailcore.pagelogentry", "pk": 140, "fields": {"content_type": 30, "label": "Kafan By Munshi Premchand", "action": "wagtail.edit", "data": {}, "timestamp": "2026-02-21T02:44:31.086Z", "uuid": "a33e033b-27eb-424a-bb81-4f675c83d827", "user": 1, "revision": 42, "content_changed": true, "deleted": false, "page": 4}}, {"model": "wagtailcore.pagelogentry", "pk": 141, "fields": {"content_type": 30, "label": "Kafan By Munshi Premchand", "action": "wagtail.publish", "data": {}, "timestamp": "2026-02-21T02:44:38.334Z", "uuid": "133de46d-a50b-4dc1-b34b-a6200cebb035", "user": 1, "revision": 42, "content_changed": true, "deleted": false, "page": 4}}, {"model": "wagtailcore.pagelogentry", "pk": 142, "fields": {"content_type": 30, "label": "Kafan By Munshi Premchand", "action": "wagtail.publish", "data": {}, "timestamp": "2026-02-21T02:52:27.078Z", "uuid": "f234e464-25c3-4ebb-a119-5704bbc4ccec", "user": 1, "revision": 42, "content_changed": true, "deleted": false, "page": 4}}, {"model": "wagtailcore.pagelogentry", "pk": 143, "fields": {"content_type": 47, "label": "Reading Club", "action": "wagtail.edit", "data": {}, "timestamp": "2026-02-21T02:54:17.666Z", "uuid": "5c264d95-4de5-4a73-af16-88b50b37e317", "user": 1, "revision": 43, "content_changed": true, "deleted": false, "page": 10}}, {"model": "wagtailcore.pagelogentry", "pk": 144, "fields": {"content_type": 47, "label": "Reading Club", "action": "wagtail.edit", "data": {}, "timestamp": "2026-02-21T02:54:21.673Z", "uuid": "48fe2ad0-09ff-4a09-b47f-9e6425225da4", "user": 1, "revision": 43, "content_changed": true, "deleted": false, "page": 10}}, {"model": "wagtailcore.pagelogentry", "pk": 145, "fields": {"content_type": 47, "label": "Reading Club", "action": "wagtail.edit", "data": {}, "timestamp": "2026-02-21T02:54:24.669Z", "uuid": "496f3905-c94e-4555-91d9-7a1bc6ac5066", "user": 1, "revision": 43, "content_changed": true, "deleted": false, "page": 10}}, {"model": "wagtailcore.pagelogentry", "pk": 146, "fields": {"content_type": 47, "label": "Reading Club", "action": "wagtail.edit", "data": {}, "timestamp": "2026-02-21T02:54:27.378Z", "uuid": "88e536af-f8cf-4ecf-a715-d552287ad2a0", "user": 1, "revision": 44, "content_changed": true, "deleted": false, "page": 10}}, {"model": "wagtailcore.pagelogentry", "pk": 147, "fields": {"content_type": 47, "label": "Reading Club", "action": "wagtail.edit", "data": {}, "timestamp": "2026-02-21T02:54:33.071Z", "uuid": "3682ccd1-12f7-4005-ab38-2f09e329be1e", "user": 1, "revision": 45, "content_changed": true, "deleted": false, "page": 10}}, {"model": "wagtailcore.pagelogentry", "pk": 148, "fields": {"content_type": 47, "label": "Reading Club", "action": "wagtail.edit", "data": {}, "timestamp": "2026-02-21T02:54:46.109Z", "uuid": "18949ba9-7d0c-481b-8e31-d40d4c47a4a0", "user": 1, "revision": 46, "content_changed": true, "deleted": false, "page": 10}}, {"model": "wagtailcore.pagelogentry", "pk": 149, "fields": {"content_type": 47, "label": "Reading Club", "action": "wagtail.publish", "data": {}, "timestamp": "2026-02-21T02:54:58.662Z", "uuid": "fcbaa916-3e1c-47fc-80a1-1752cbdbfa96", "user": 1, "revision": 46, "content_changed": true, "deleted": false, "page": 10}}, {"model": "wagtailcore.pagelogentry", "pk": 150, "fields": {"content_type": 47, "label": "Cine Club", "action": "wagtail.edit", "data": {}, "timestamp": "2026-02-21T02:55:23.300Z", "uuid": "cb518f90-6d6b-4fe4-9f72-e1570a55c98a", "user": 1, "revision": 47, "content_changed": true, "deleted": false, "page": 7}}, {"model": "wagtailcore.pagelogentry", "pk": 151, "fields": {"content_type": 47, "label": "Cine Club", "action": "wagtail.edit", "data": {}, "timestamp": "2026-02-21T02:55:29.397Z", "uuid": "238f3d06-607e-4bb0-a80f-02a8da3a65a1", "user": 1, "revision": 47, "content_changed": true, "deleted": false, "page": 7}}, {"model": "wagtailcore.pagelogentry", "pk": 152, "fields": {"content_type": 47, "label": "Cine Club", "action": "wagtail.edit", "data": {}, "timestamp": "2026-02-21T02:55:29.456Z", "uuid": "f343a1a9-2ec2-4af2-b83a-e9efdf93bd17", "user": 1, "revision": 48, "content_changed": true, "deleted": false, "page": 7}}, {"model": "wagtailcore.pagelogentry", "pk": 153, "fields": {"content_type": 47, "label": "Quiz Club", "action": "wagtail.edit", "data": {}, "timestamp": "2026-02-21T02:55:39.998Z", "uuid": "4f75dcaf-2617-4d2e-bfd4-2dcbd4b8853b", "user": 1, "revision": 49, "content_changed": true, "deleted": false, "page": 8}}, {"model": "wagtailcore.pagelogentry", "pk": 154, "fields": {"content_type": 47, "label": "Cine Club", "action": "wagtail.publish", "data": {}, "timestamp": "2026-02-21T02:55:51.717Z", "uuid": "55339a38-594d-4cae-ad66-045cc407d29c", "user": 1, "revision": 48, "content_changed": true, "deleted": false, "page": 7}}, {"model": "wagtailcore.pagelogentry", "pk": 155, "fields": {"content_type": 47, "label": "Quiz Club", "action": "wagtail.publish", "data": {}, "timestamp": "2026-02-21T02:55:51.762Z", "uuid": "55339a38-594d-4cae-ad66-045cc407d29c", "user": 1, "revision": 49, "content_changed": true, "deleted": false, "page": 8}}, {"model": "wagtailcore.pagelogentry", "pk": 156, "fields": {"content_type": 47, "label": "Debate Club", "action": "wagtail.create", "data": {}, "timestamp": "2026-02-21T03:24:47.838Z", "uuid": "9aafe564-9cc3-45be-a590-6c36a4153b7b", "user": 1, "revision": null, "content_changed": true, "deleted": false, "page": 11}}, {"model": "wagtailcore.pagelogentry", "pk": 157, "fields": {"content_type": 47, "label": "Debate Club", "action": "wagtail.edit", "data": {}, "timestamp": "2026-02-21T03:24:47.913Z", "uuid": "9aafe564-9cc3-45be-a590-6c36a4153b7b", "user": 1, "revision": 50, "content_changed": true, "deleted": false, "page": 11}}, {"model": "wagtailcore.pagelogentry", "pk": 158, "fields": {"content_type": 47, "label": "Debate Club", "action": "wagtail.edit", "data": {}, "timestamp": "2026-02-21T03:24:51.897Z", "uuid": "e24b0c2b-526f-46aa-a114-730852ee78db", "user": 1, "revision": 50, "content_changed": true, "deleted": false, "page": 11}}, {"model": "wagtailcore.pagelogentry", "pk": 159, "fields": {"content_type": 47, "label": "Debate Club", "action": "wagtail.edit", "data": {}, "timestamp": "2026-02-21T03:24:54.206Z", "uuid": "488b26ff-7400-4abc-8eb3-6357a487f77b", "user": 1, "revision": 51, "content_changed": true, "deleted": false, "page": 11}}, {"model": "wagtailcore.pagelogentry", "pk": 160, "fields": {"content_type": 47, "label": "Beautification", "action": "wagtail.create", "data": {}, "timestamp": "2026-02-21T03:25:10.494Z", "uuid": "1ddd0925-7454-4a3f-900d-d5fe73f24743", "user": 1, "revision": null, "content_changed": true, "deleted": false, "page": 12}}, {"model": "wagtailcore.pagelogentry", "pk": 161, "fields": {"content_type": 47, "label": "Beautification", "action": "wagtail.edit", "data": {}, "timestamp": "2026-02-21T03:25:10.559Z", "uuid": "1ddd0925-7454-4a3f-900d-d5fe73f24743", "user": 1, "revision": 52, "content_changed": true, "deleted": false, "page": 12}}, {"model": "wagtailcore.pagelogentry", "pk": 162, "fields": {"content_type": 47, "label": "Beautification Club", "action": "wagtail.edit", "data": {}, "timestamp": "2026-02-21T03:25:14.569Z", "uuid": "b3bcebce-5651-4bfa-a3fc-d2cb5e31639f", "user": 1, "revision": 52, "content_changed": true, "deleted": false, "page": 12}}, {"model": "wagtailcore.pagelogentry", "pk": 163, "fields": {"content_type": 47, "label": "Beautification Club", "action": "wagtail.edit", "data": {}, "timestamp": "2026-02-21T03:25:18.844Z", "uuid": "4180f93e-0fc3-4420-87d4-7c0b19bdb4a8", "user": 1, "revision": 53, "content_changed": true, "deleted": false, "page": 12}}, {"model": "wagtailcore.pagelogentry", "pk": 164, "fields": {"content_type": 47, "label": "Beautification Club", "action": "wagtail.edit", "data": {}, "timestamp": "2026-02-21T03:25:24.626Z", "uuid": "5af0b036-1fc8-4e63-b89a-44425853d9ac", "user": 1, "revision": 54, "content_changed": true, "deleted": false, "page": 12}}, {"model": "wagtailcore.pagelogentry", "pk": 165, "fields": {"content_type": 47, "label": "Beautification Club", "action": "wagtail.edit", "data": {}, "timestamp": "2026-02-21T03:25:24.751Z", "uuid": "3fc2b036-4d48-4a54-bce1-7389ddcd69d2", "user": 1, "revision": 55, "content_changed": true, "deleted": false, "page": 12}}, {"model": "wagtailcore.pagelogentry", "pk": 166, "fields": {"content_type": 47, "label": "Debate Club", "action": "wagtail.publish", "data": {}, "timestamp": "2026-02-21T03:25:37.628Z", "uuid": "25c97721-7c06-4a7c-b767-73193b492425", "user": 1, "revision": 51, "content_changed": true, "deleted": false, "page": 11}}, {"model": "wagtailcore.pagelogentry", "pk": 167, "fields": {"content_type": 47, "label": "Beautification Club", "action": "wagtail.publish", "data": {}, "timestamp": "2026-02-21T03:25:37.661Z", "uuid": "25c97721-7c06-4a7c-b767-73193b492425", "user": 1, "revision": 55, "content_changed": true, "deleted": false, "page": 12}}, {"model": "wagtailcore.pagelogentry", "pk": 168, "fields": {"content_type": 30, "label": "Sanchar Saathi App a spyware or not?", "action": "wagtail.create", "data": {}, "timestamp": "2026-02-21T03:53:19.589Z", "uuid": "f1df9e3a-fb1a-489c-a719-65af3be3109b", "user": 1, "revision": null, "content_changed": true, "deleted": false, "page": 13}}, {"model": "wagtailcore.pagelogentry", "pk": 169, "fields": {"content_type": 30, "label": "Sanchar Saathi App a spyware or not?", "action": "wagtail.edit", "data": {}, "timestamp": "2026-02-21T03:53:19.698Z", "uuid": "f1df9e3a-fb1a-489c-a719-65af3be3109b", "user": 1, "revision": 56, "content_changed": true, "deleted": false, "page": 13}}, {"model": "wagtailcore.pagelogentry", "pk": 170, "fields": {"content_type": 30, "label": "Sanchar Saathi App a spyware or not?", "action": "wagtail.edit", "data": {}, "timestamp": "2026-02-21T03:54:38.135Z", "uuid": "054f9d64-5caf-48b4-b251-6982d9781d89", "user": 1, "revision": 56, "content_changed": true, "deleted": false, "page": 13}}, {"model": "wagtailcore.pagelogentry", "pk": 171, "fields": {"content_type": 30, "label": "Sanchar Saathi App a spyware or not?", "action": "wagtail.edit", "data": {}, "timestamp": "2026-02-21T03:54:49.167Z", "uuid": "5adce154-e70b-4efa-ae44-f57549481a64", "user": 1, "revision": 56, "content_changed": true, "deleted": false, "page": 13}}, {"model": "wagtailcore.pagelogentry", "pk": 172, "fields": {"content_type": 30, "label": "Sanchar Saathi App a spyware or not?", "action": "wagtail.edit", "data": {}, "timestamp": "2026-02-21T03:54:51.660Z", "uuid": "7c03c638-6d0e-41e0-aa6c-bacde4bcc1bb", "user": 1, "revision": 56, "content_changed": true, "deleted": false, "page": 13}}, {"model": "wagtailcore.pagelogentry", "pk": 173, "fields": {"content_type": 30, "label": "Sanchar Saathi App a spyware or not?", "action": "wagtail.edit", "data": {}, "timestamp": "2026-02-21T03:54:55.158Z", "uuid": "9c44b062-f969-47f1-a50a-ebce77946111", "user": 1, "revision": 56, "content_changed": true, "deleted": false, "page": 13}}, {"model": "wagtailcore.pagelogentry", "pk": 174, "fields": {"content_type": 30, "label": "Sanchar Saathi App a spyware or not?", "action": "wagtail.edit", "data": {}, "timestamp": "2026-02-21T03:54:59.161Z", "uuid": "61407b66-574e-4364-86e3-8361cbfa76c6", "user": 1, "revision": 56, "content_changed": true, "deleted": false, "page": 13}}, {"model": "wagtailcore.pagelogentry", "pk": 175, "fields": {"content_type": 30, "label": "Sanchar Saathi App a spyware or not?", "action": "wagtail.edit", "data": {}, "timestamp": "2026-02-21T03:55:04.647Z", "uuid": "45be17b0-68eb-42be-84f3-97db6d675b4f", "user": 1, "revision": 56, "content_changed": true, "deleted": false, "page": 13}}, {"model": "wagtailcore.pagelogentry", "pk": 176, "fields": {"content_type": 30, "label": "Sanchar Saathi App a spyware or not?", "action": "wagtail.edit", "data": {}, "timestamp": "2026-02-21T03:55:06.669Z", "uuid": "591790c4-2624-4fcf-af14-a23d7f544bba", "user": 1, "revision": 56, "content_changed": true, "deleted": false, "page": 13}}, {"model": "wagtailcore.pagelogentry", "pk": 177, "fields": {"content_type": 30, "label": "Sanchar Saathi App a spyware or not?", "action": "wagtail.edit", "data": {}, "timestamp": "2026-02-21T03:55:09.114Z", "uuid": "c737c6e2-a226-4bb4-ad2a-cba8bc633d3d", "user": 1, "revision": 56, "content_changed": true, "deleted": false, "page": 13}}, {"model": "wagtailcore.pagelogentry", "pk": 178, "fields": {"content_type": 30, "label": "Sanchar Saathi App a spyware or not?", "action": "wagtail.edit", "data": {}, "timestamp": "2026-02-21T03:55:11.603Z", "uuid": "af33fe29-9912-4e4e-90a9-afdbf9cc8da5", "user": 1, "revision": 57, "content_changed": true, "deleted": false, "page": 13}}, {"model": "wagtailcore.pagelogentry", "pk": 179, "fields": {"content_type": 30, "label": "Sanchar Saathi App a spyware or not?", "action": "wagtail.publish", "data": {}, "timestamp": "2026-02-21T03:55:30.092Z", "uuid": "f8aa83b6-b306-4a0d-b7ab-8b173f5c0a1a", "user": 1, "revision": 57, "content_changed": true, "deleted": false, "page": 13}}, {"model": "wagtailcore.pagelogentry", "pk": 180, "fields": {"content_type": 30, "label": "Maqbool The Movie", "action": "wagtail.create", "data": {}, "timestamp": "2026-02-21T03:59:05.535Z", "uuid": "6de8f210-7693-4274-9447-f94c55fac72c", "user": 1, "revision": null, "content_changed": true, "deleted": false, "page": 14}}, {"model": "wagtailcore.pagelogentry", "pk": 181, "fields": {"content_type": 30, "label": "Maqbool The Movie", "action": "wagtail.edit", "data": {}, "timestamp": "2026-02-21T03:59:05.611Z", "uuid": "6de8f210-7693-4274-9447-f94c55fac72c", "user": 1, "revision": 58, "content_changed": true, "deleted": false, "page": 14}}, {"model": "wagtailcore.pagelogentry", "pk": 182, "fields": {"content_type": 30, "label": "Maqbool The Movie", "action": "wagtail.edit", "data": {}, "timestamp": "2026-02-21T03:59:12.593Z", "uuid": "d68a5072-bde0-4567-b506-e43afaf1284a", "user": 1, "revision": 58, "content_changed": true, "deleted": false, "page": 14}}, {"model": "wagtailcore.pagelogentry", "pk": 183, "fields": {"content_type": 30, "label": "Maqbool The Movie", "action": "wagtail.edit", "data": {}, "timestamp": "2026-02-21T03:59:23.602Z", "uuid": "984ee6d7-9590-4e85-9dc3-8b7bfd22ce58", "user": 1, "revision": 58, "content_changed": true, "deleted": false, "page": 14}}, {"model": "wagtailcore.pagelogentry", "pk": 184, "fields": {"content_type": 30, "label": "Maqbool The Movie", "action": "wagtail.edit", "data": {}, "timestamp": "2026-02-21T03:59:26.612Z", "uuid": "ce058922-0daf-491c-817b-1002407ed850", "user": 1, "revision": 58, "content_changed": true, "deleted": false, "page": 14}}, {"model": "wagtailcore.pagelogentry", "pk": 185, "fields": {"content_type": 30, "label": "Maqbool The Movie", "action": "wagtail.edit", "data": {}, "timestamp": "2026-02-21T03:59:30.597Z", "uuid": "5fc2c762-9dc9-4945-9d5d-2a3efe0f8724", "user": 1, "revision": 58, "content_changed": true, "deleted": false, "page": 14}}, {"model": "wagtailcore.pagelogentry", "pk": 186, "fields": {"content_type": 30, "label": "Maqbool The Movie", "action": "wagtail.edit", "data": {}, "timestamp": "2026-02-21T03:59:32.884Z", "uuid": "4c1c882b-d818-46ec-8419-4557b7a3d755", "user": 1, "revision": 59, "content_changed": true, "deleted": false, "page": 14}}, {"model": "wagtailcore.pagelogentry", "pk": 187, "fields": {"content_type": 30, "label": "Maqbool The Movie", "action": "wagtail.edit", "data": {}, "timestamp": "2026-02-21T03:59:46.115Z", "uuid": "49e467ec-a7fd-4012-9b79-8347625143e8", "user": 1, "revision": 60, "content_changed": true, "deleted": false, "page": 14}}, {"model": "wagtailcore.pagelogentry", "pk": 188, "fields": {"content_type": 30, "label": "Maqbool The Movie", "action": "wagtail.edit", "data": {}, "timestamp": "2026-02-21T03:59:48.156Z", "uuid": "228b2ecd-7c4e-4681-b074-ec3284da08f6", "user": 1, "revision": 60, "content_changed": true, "deleted": false, "page": 14}}, {"model": "wagtailcore.pagelogentry", "pk": 189, "fields": {"content_type": 30, "label": "Maqbool The Movie", "action": "wagtail.edit", "data": {}, "timestamp": "2026-02-21T03:59:50.650Z", "uuid": "a8389591-5f0d-48f6-879c-b28e1cff15d4", "user": 1, "revision": 60, "content_changed": true, "deleted": false, "page": 14}}, {"model": "wagtailcore.pagelogentry", "pk": 190, "fields": {"content_type": 30, "label": "Maqbool The Movie", "action": "wagtail.edit", "data": {}, "timestamp": "2026-02-21T03:59:57.105Z", "uuid": "ab453297-7cde-41fd-81eb-c786eecea468", "user": 1, "revision": 60, "content_changed": true, "deleted": false, "page": 14}}, {"model": "wagtailcore.pagelogentry", "pk": 191, "fields": {"content_type": 30, "label": "Maqbool The Movie", "action": "wagtail.edit", "data": {}, "timestamp": "2026-02-21T03:59:59.184Z", "uuid": "9f54dcbe-d760-4e4c-9d5d-9a0c15761186", "user": 1, "revision": 60, "content_changed": true, "deleted": false, "page": 14}}, {"model": "wagtailcore.pagelogentry", "pk": 192, "fields": {"content_type": 30, "label": "Maqbool The Movie", "action": "wagtail.edit", "data": {}, "timestamp": "2026-02-21T04:00:01.174Z", "uuid": "4aabe219-8bc7-43e5-990c-b0eeaee84c86", "user": 1, "revision": 60, "content_changed": true, "deleted": false, "page": 14}}, {"model": "wagtailcore.pagelogentry", "pk": 193, "fields": {"content_type": 30, "label": "Maqbool The Movie", "action": "wagtail.edit", "data": {}, "timestamp": "2026-02-21T04:00:03.183Z", "uuid": "6f62dbe9-531c-4708-aff0-fe276a5cbbf4", "user": 1, "revision": 60, "content_changed": true, "deleted": false, "page": 14}}, {"model": "wagtailcore.pagelogentry", "pk": 194, "fields": {"content_type": 30, "label": "Maqbool The Movie", "action": "wagtail.edit", "data": {}, "timestamp": "2026-02-21T04:00:08.669Z", "uuid": "4ad129b0-493e-4950-81dd-450f92262dad", "user": 1, "revision": 60, "content_changed": true, "deleted": false, "page": 14}}, {"model": "wagtailcore.pagelogentry", "pk": 195, "fields": {"content_type": 30, "label": "Maqbool The Movie", "action": "wagtail.edit", "data": {}, "timestamp": "2026-02-21T04:00:11.181Z", "uuid": "dac1df9e-dcaf-4b8c-8242-fc49427c8176", "user": 1, "revision": 60, "content_changed": true, "deleted": false, "page": 14}}, {"model": "wagtailcore.pagelogentry", "pk": 196, "fields": {"content_type": 30, "label": "Maqbool The Movie", "action": "wagtail.edit", "data": {}, "timestamp": "2026-02-21T04:00:14.172Z", "uuid": "57941aea-48a7-4843-a26d-b6552d0686d0", "user": 1, "revision": 60, "content_changed": true, "deleted": false, "page": 14}}, {"model": "wagtailcore.pagelogentry", "pk": 197, "fields": {"content_type": 30, "label": "Maqbool The Movie", "action": "wagtail.edit", "data": {}, "timestamp": "2026-02-21T04:00:16.163Z", "uuid": "5b83bba4-fed1-4dc5-807c-091d827ada98", "user": 1, "revision": 60, "content_changed": true, "deleted": false, "page": 14}}, {"model": "wagtailcore.pagelogentry", "pk": 198, "fields": {"content_type": 30, "label": "Maqbool The Movie", "action": "wagtail.edit", "data": {}, "timestamp": "2026-02-21T04:00:18.660Z", "uuid": "f248bc24-2ac8-4059-b905-99c444be8aad", "user": 1, "revision": 60, "content_changed": true, "deleted": false, "page": 14}}, {"model": "wagtailcore.pagelogentry", "pk": 199, "fields": {"content_type": 30, "label": "Maqbool The Movie", "action": "wagtail.edit", "data": {}, "timestamp": "2026-02-21T04:00:21.153Z", "uuid": "7d674f16-6c6d-465b-a4e1-614f4c8fa265", "user": 1, "revision": 60, "content_changed": true, "deleted": false, "page": 14}}, {"model": "wagtailcore.pagelogentry", "pk": 200, "fields": {"content_type": 30, "label": "Maqbool The Movie", "action": "wagtail.edit", "data": {}, "timestamp": "2026-02-21T04:00:24.164Z", "uuid": "98c0685a-c42d-4122-a8b8-87a7e1717897", "user": 1, "revision": 60, "content_changed": true, "deleted": false, "page": 14}}, {"model": "wagtailcore.pagelogentry", "pk": 201, "fields": {"content_type": 30, "label": "Maqbool The Movie", "action": "wagtail.edit", "data": {}, "timestamp": "2026-02-21T04:00:26.642Z", "uuid": "ec18529b-7ee3-4e39-b82f-1f64c8bce605", "user": 1, "revision": 60, "content_changed": true, "deleted": false, "page": 14}}, {"model": "wagtailcore.pagelogentry", "pk": 202, "fields": {"content_type": 30, "label": "Maqbool The Movie", "action": "wagtail.edit", "data": {}, "timestamp": "2026-02-21T04:00:30.149Z", "uuid": "a5ce2dfc-ae66-4473-9525-e6a648aa3ca9", "user": 1, "revision": 60, "content_changed": true, "deleted": false, "page": 14}}, {"model": "wagtailcore.pagelogentry", "pk": 203, "fields": {"content_type": 30, "label": "Maqbool The Movie", "action": "wagtail.edit", "data": {}, "timestamp": "2026-02-21T04:00:32.668Z", "uuid": "7aff112d-98bf-4d57-8942-3e4f5f26e6fa", "user": 1, "revision": 60, "content_changed": true, "deleted": false, "page": 14}}, {"model": "wagtailcore.pagelogentry", "pk": 204, "fields": {"content_type": 30, "label": "Maqbool The Movie", "action": "wagtail.edit", "data": {}, "timestamp": "2026-02-21T04:00:34.635Z", "uuid": "2497b3c0-8d9a-4542-a3cc-7f93813f0688", "user": 1, "revision": 60, "content_changed": true, "deleted": false, "page": 14}}, {"model": "wagtailcore.pagelogentry", "pk": 205, "fields": {"content_type": 30, "label": "Maqbool The Movie", "action": "wagtail.edit", "data": {}, "timestamp": "2026-02-21T04:00:38.159Z", "uuid": "74bae70b-db4b-48d6-b316-a86a21057ac3", "user": 1, "revision": 60, "content_changed": true, "deleted": false, "page": 14}}, {"model": "wagtailcore.pagelogentry", "pk": 206, "fields": {"content_type": 30, "label": "Maqbool The Movie", "action": "wagtail.edit", "data": {}, "timestamp": "2026-02-21T04:00:41.163Z", "uuid": "0c36487f-a1da-4f3d-ae58-e7201f164694", "user": 1, "revision": 60, "content_changed": true, "deleted": false, "page": 14}}, {"model": "wagtailcore.pagelogentry", "pk": 207, "fields": {"content_type": 30, "label": "Maqbool The Movie", "action": "wagtail.edit", "data": {}, "timestamp": "2026-02-21T04:00:43.664Z", "uuid": "47152ef2-a254-44b0-86e1-e73f2f78c708", "user": 1, "revision": 60, "content_changed": true, "deleted": false, "page": 14}}, {"model": "wagtailcore.pagelogentry", "pk": 208, "fields": {"content_type": 30, "label": "Maqbool The Movie", "action": "wagtail.edit", "data": {}, "timestamp": "2026-02-21T04:00:45.677Z", "uuid": "b2325ed2-b6dd-49a2-9b6f-563f79fb024f", "user": 1, "revision": 60, "content_changed": true, "deleted": false, "page": 14}}, {"model": "wagtailcore.pagelogentry", "pk": 209, "fields": {"content_type": 30, "label": "Maqbool The Movie", "action": "wagtail.edit", "data": {}, "timestamp": "2026-02-21T04:00:48.651Z", "uuid": "18df6a23-67a2-4c16-ba1b-114f8b1fb23d", "user": 1, "revision": 60, "content_changed": true, "deleted": false, "page": 14}}, {"model": "wagtailcore.pagelogentry", "pk": 210, "fields": {"content_type": 30, "label": "Maqbool The Movie", "action": "wagtail.edit", "data": {}, "timestamp": "2026-02-21T04:00:51.156Z", "uuid": "c5fe1b86-e753-4d2f-a975-65dc45a1a638", "user": 1, "revision": 60, "content_changed": true, "deleted": false, "page": 14}}, {"model": "wagtailcore.pagelogentry", "pk": 211, "fields": {"content_type": 30, "label": "Maqbool The Movie", "action": "wagtail.edit", "data": {}, "timestamp": "2026-02-21T04:00:56.165Z", "uuid": "c69ff158-1bb8-4ccd-b5bc-41d8f11cb7f4", "user": 1, "revision": 60, "content_changed": true, "deleted": false, "page": 14}}, {"model": "wagtailcore.pagelogentry", "pk": 212, "fields": {"content_type": 30, "label": "Maqbool The Movie", "action": "wagtail.edit", "data": {}, "timestamp": "2026-02-21T04:00:58.136Z", "uuid": "5925e234-0ee8-46e2-8724-a12b877c9319", "user": 1, "revision": 60, "content_changed": true, "deleted": false, "page": 14}}, {"model": "wagtailcore.pagelogentry", "pk": 213, "fields": {"content_type": 30, "label": "Maqbool The Movie", "action": "wagtail.edit", "data": {}, "timestamp": "2026-02-21T04:01:01.640Z", "uuid": "5da1f048-043a-41be-b7c9-92a1c0cfc0cc", "user": 1, "revision": 60, "content_changed": true, "deleted": false, "page": 14}}, {"model": "wagtailcore.pagelogentry", "pk": 214, "fields": {"content_type": 30, "label": "Maqbool The Movie", "action": "wagtail.edit", "data": {}, "timestamp": "2026-02-21T04:01:03.655Z", "uuid": "aab557dd-9966-4d0d-b62e-03c5e339eb87", "user": 1, "revision": 60, "content_changed": true, "deleted": false, "page": 14}}, {"model": "wagtailcore.pagelogentry", "pk": 215, "fields": {"content_type": 30, "label": "Maqbool The Movie", "action": "wagtail.edit", "data": {}, "timestamp": "2026-02-21T04:01:05.663Z", "uuid": "d3c14159-5151-4af2-b680-ccee11282139", "user": 1, "revision": 60, "content_changed": true, "deleted": false, "page": 14}}, {"model": "wagtailcore.pagelogentry", "pk": 216, "fields": {"content_type": 30, "label": "Maqbool The Movie", "action": "wagtail.edit", "data": {}, "timestamp": "2026-02-21T04:01:08.651Z", "uuid": "f7487857-463b-4f11-9ffb-4b596d242658", "user": 1, "revision": 60, "content_changed": true, "deleted": false, "page": 14}}, {"model": "wagtailcore.pagelogentry", "pk": 217, "fields": {"content_type": 30, "label": "Maqbool The Movie", "action": "wagtail.edit", "data": {}, "timestamp": "2026-02-21T04:01:11.255Z", "uuid": "182dbc53-d838-4d13-a2c8-7cb766b1635c", "user": 1, "revision": 60, "content_changed": true, "deleted": false, "page": 14}}, {"model": "wagtailcore.pagelogentry", "pk": 218, "fields": {"content_type": 30, "label": "Maqbool The Movie", "action": "wagtail.edit", "data": {}, "timestamp": "2026-02-21T04:01:13.158Z", "uuid": "cd9b8a87-9bff-4962-8266-112d916673f4", "user": 1, "revision": 60, "content_changed": true, "deleted": false, "page": 14}}, {"model": "wagtailcore.pagelogentry", "pk": 219, "fields": {"content_type": 30, "label": "Maqbool The Movie", "action": "wagtail.edit", "data": {}, "timestamp": "2026-02-21T04:01:15.151Z", "uuid": "a93ee7d5-aa20-4aa9-84d5-c6e572f7668e", "user": 1, "revision": 60, "content_changed": true, "deleted": false, "page": 14}}, {"model": "wagtailcore.pagelogentry", "pk": 220, "fields": {"content_type": 30, "label": "Maqbool The Movie", "action": "wagtail.edit", "data": {}, "timestamp": "2026-02-21T04:01:17.681Z", "uuid": "bb27f72b-032e-44e1-8257-d8fedc51288d", "user": 1, "revision": 61, "content_changed": true, "deleted": false, "page": 14}}, {"model": "wagtailcore.pagelogentry", "pk": 221, "fields": {"content_type": 30, "label": "The Passion Of Christ", "action": "wagtail.create", "data": {}, "timestamp": "2026-02-21T04:01:48.576Z", "uuid": "05af77ae-8baf-46a5-a1f4-43aa42dd2974", "user": 1, "revision": null, "content_changed": true, "deleted": false, "page": 15}}, {"model": "wagtailcore.pagelogentry", "pk": 222, "fields": {"content_type": 30, "label": "The Passion Of Christ", "action": "wagtail.edit", "data": {}, "timestamp": "2026-02-21T04:01:48.662Z", "uuid": "05af77ae-8baf-46a5-a1f4-43aa42dd2974", "user": 1, "revision": 62, "content_changed": true, "deleted": false, "page": 15}}, {"model": "wagtailcore.pagelogentry", "pk": 223, "fields": {"content_type": 30, "label": "The Passion Of Christ", "action": "wagtail.edit", "data": {}, "timestamp": "2026-02-21T04:02:02.617Z", "uuid": "a235103f-7d41-4f18-bcc9-655d99131a81", "user": 1, "revision": 62, "content_changed": true, "deleted": false, "page": 15}}, {"model": "wagtailcore.pagelogentry", "pk": 224, "fields": {"content_type": 30, "label": "The Passion Of Christ", "action": "wagtail.edit", "data": {}, "timestamp": "2026-02-21T04:02:08.150Z", "uuid": "a73a66df-0f6f-4973-863b-7f4b01d81407", "user": 1, "revision": 62, "content_changed": true, "deleted": false, "page": 15}}, {"model": "wagtailcore.pagelogentry", "pk": 225, "fields": {"content_type": 30, "label": "The Passion Of Christ", "action": "wagtail.edit", "data": {}, "timestamp": "2026-02-21T04:02:11.624Z", "uuid": "ab677461-77ce-4c01-8496-02e1ad22b311", "user": 1, "revision": 62, "content_changed": true, "deleted": false, "page": 15}}, {"model": "wagtailcore.pagelogentry", "pk": 226, "fields": {"content_type": 30, "label": "The Passion Of Christ", "action": "wagtail.edit", "data": {}, "timestamp": "2026-02-21T04:02:12.323Z", "uuid": "71cb96bf-275c-4072-a142-6c9515e18006", "user": 1, "revision": 63, "content_changed": true, "deleted": false, "page": 15}}, {"model": "wagtailcore.pagelogentry", "pk": 227, "fields": {"content_type": 30, "label": "The Passion Of Christ", "action": "wagtail.edit", "data": {}, "timestamp": "2026-02-21T04:02:19.531Z", "uuid": "ba9fb5a2-44eb-4123-9ed2-fd8d79409364", "user": 1, "revision": 64, "content_changed": true, "deleted": false, "page": 15}}, {"model": "wagtailcore.pagelogentry", "pk": 228, "fields": {"content_type": 30, "label": "The Passion Of Christ", "action": "wagtail.edit", "data": {}, "timestamp": "2026-02-21T04:02:22.049Z", "uuid": "733510a6-6150-4295-b59b-ad5d1a57230f", "user": 1, "revision": 64, "content_changed": true, "deleted": false, "page": 15}}, {"model": "wagtailcore.pagelogentry", "pk": 229, "fields": {"content_type": 30, "label": "The Passion Of Christ", "action": "wagtail.edit", "data": {}, "timestamp": "2026-02-21T04:02:25.579Z", "uuid": "0eb392b2-ea2c-41e9-a649-3106a81edac3", "user": 1, "revision": 64, "content_changed": true, "deleted": false, "page": 15}}, {"model": "wagtailcore.pagelogentry", "pk": 230, "fields": {"content_type": 30, "label": "The Passion Of Christ", "action": "wagtail.edit", "data": {}, "timestamp": "2026-02-21T04:02:27.080Z", "uuid": "cbe7a0e4-2f14-4a7e-8349-c10db5dbaf96", "user": 1, "revision": 64, "content_changed": true, "deleted": false, "page": 15}}, {"model": "wagtailcore.pagelogentry", "pk": 231, "fields": {"content_type": 30, "label": "The Passion Of Christ", "action": "wagtail.edit", "data": {}, "timestamp": "2026-02-21T04:02:30.069Z", "uuid": "59be0fe8-f582-44e6-92d2-4295066134bb", "user": 1, "revision": 64, "content_changed": true, "deleted": false, "page": 15}}, {"model": "wagtailcore.pagelogentry", "pk": 232, "fields": {"content_type": 30, "label": "The Passion Of Christ", "action": "wagtail.edit", "data": {}, "timestamp": "2026-02-21T04:02:32.581Z", "uuid": "edb06660-e61d-4893-a497-de0f8016ad65", "user": 1, "revision": 64, "content_changed": true, "deleted": false, "page": 15}}, {"model": "wagtailcore.pagelogentry", "pk": 233, "fields": {"content_type": 30, "label": "The Passion Of Christ", "action": "wagtail.edit", "data": {}, "timestamp": "2026-02-21T04:02:36.075Z", "uuid": "dbcbe797-276c-4642-99d7-f7d6bbb3d035", "user": 1, "revision": 64, "content_changed": true, "deleted": false, "page": 15}}, {"model": "wagtailcore.pagelogentry", "pk": 234, "fields": {"content_type": 30, "label": "The Passion Of Christ", "action": "wagtail.edit", "data": {}, "timestamp": "2026-02-21T04:02:39.557Z", "uuid": "442a6ae7-b2c3-4bbc-8007-c36ef0536110", "user": 1, "revision": 64, "content_changed": true, "deleted": false, "page": 15}}, {"model": "wagtailcore.pagelogentry", "pk": 235, "fields": {"content_type": 30, "label": "The Passion Of Christ", "action": "wagtail.edit", "data": {}, "timestamp": "2026-02-21T04:02:43.047Z", "uuid": "b3d84757-4ad4-4abd-98e1-bf41f5b476cf", "user": 1, "revision": 64, "content_changed": true, "deleted": false, "page": 15}}, {"model": "wagtailcore.pagelogentry", "pk": 236, "fields": {"content_type": 30, "label": "The Passion Of Christ", "action": "wagtail.edit", "data": {}, "timestamp": "2026-02-21T04:02:45.539Z", "uuid": "e81ae34e-5395-4c9c-9d2e-f6301adab505", "user": 1, "revision": 64, "content_changed": true, "deleted": false, "page": 15}}, {"model": "wagtailcore.pagelogentry", "pk": 237, "fields": {"content_type": 30, "label": "The Passion Of Christ", "action": "wagtail.edit", "data": {}, "timestamp": "2026-02-21T04:02:47.551Z", "uuid": "2b3153f1-d2ac-44be-81d6-01064de74c13", "user": 1, "revision": 64, "content_changed": true, "deleted": false, "page": 15}}, {"model": "wagtailcore.pagelogentry", "pk": 238, "fields": {"content_type": 30, "label": "The Passion Of Christ", "action": "wagtail.edit", "data": {}, "timestamp": "2026-02-21T04:02:51.088Z", "uuid": "4f55ded2-27ba-499e-be38-16df9763c0cc", "user": 1, "revision": 64, "content_changed": true, "deleted": false, "page": 15}}, {"model": "wagtailcore.pagelogentry", "pk": 239, "fields": {"content_type": 30, "label": "The Passion Of Christ", "action": "wagtail.edit", "data": {}, "timestamp": "2026-02-21T04:02:53.588Z", "uuid": "bc2d9a86-4039-4b71-9ce9-852eceae2598", "user": 1, "revision": 64, "content_changed": true, "deleted": false, "page": 15}}, {"model": "wagtailcore.pagelogentry", "pk": 240, "fields": {"content_type": 30, "label": "The Passion Of Christ", "action": "wagtail.edit", "data": {}, "timestamp": "2026-02-21T04:02:56.056Z", "uuid": "5de8c932-5111-40da-a77a-99b4ceb77861", "user": 1, "revision": 64, "content_changed": true, "deleted": false, "page": 15}}, {"model": "wagtailcore.pagelogentry", "pk": 241, "fields": {"content_type": 30, "label": "The Passion Of Christ", "action": "wagtail.edit", "data": {}, "timestamp": "2026-02-21T04:02:57.565Z", "uuid": "70b8ff97-9ff4-4f05-8845-e965f8c5c45c", "user": 1, "revision": 64, "content_changed": true, "deleted": false, "page": 15}}, {"model": "wagtailcore.pagelogentry", "pk": 242, "fields": {"content_type": 30, "label": "The Passion Of Christ", "action": "wagtail.edit", "data": {}, "timestamp": "2026-02-21T04:03:01.045Z", "uuid": "99b6820b-2d64-4f15-b814-20a499183599", "user": 1, "revision": 64, "content_changed": true, "deleted": false, "page": 15}}, {"model": "wagtailcore.pagelogentry", "pk": 243, "fields": {"content_type": 30, "label": "The Passion Of Christ", "action": "wagtail.edit", "data": {}, "timestamp": "2026-02-21T04:03:04.029Z", "uuid": "ca996284-d925-46e4-b3bb-9d53c16edebf", "user": 1, "revision": 64, "content_changed": true, "deleted": false, "page": 15}}, {"model": "wagtailcore.pagelogentry", "pk": 244, "fields": {"content_type": 30, "label": "The Passion Of Christ", "action": "wagtail.edit", "data": {}, "timestamp": "2026-02-21T04:03:06.554Z", "uuid": "63bb4077-c509-463f-bd07-ae9a7fffbe1d", "user": 1, "revision": 64, "content_changed": true, "deleted": false, "page": 15}}, {"model": "wagtailcore.pagelogentry", "pk": 245, "fields": {"content_type": 30, "label": "The Passion Of Christ", "action": "wagtail.edit", "data": {}, "timestamp": "2026-02-21T04:03:09.061Z", "uuid": "e9054077-4a81-4327-b283-5f94fece5ff6", "user": 1, "revision": 64, "content_changed": true, "deleted": false, "page": 15}}, {"model": "wagtailcore.pagelogentry", "pk": 246, "fields": {"content_type": 30, "label": "The Passion Of Christ", "action": "wagtail.edit", "data": {}, "timestamp": "2026-02-21T04:03:11.584Z", "uuid": "1a1a819b-8ff8-4eac-ab42-2b2fb4ca07fe", "user": 1, "revision": 64, "content_changed": true, "deleted": false, "page": 15}}, {"model": "wagtailcore.pagelogentry", "pk": 247, "fields": {"content_type": 30, "label": "The Passion Of Christ", "action": "wagtail.edit", "data": {}, "timestamp": "2026-02-21T04:03:15.065Z", "uuid": "be7f8799-eec7-4b82-a059-9cb74e93a139", "user": 1, "revision": 64, "content_changed": true, "deleted": false, "page": 15}}, {"model": "wagtailcore.pagelogentry", "pk": 248, "fields": {"content_type": 30, "label": "The Passion Of Christ", "action": "wagtail.edit", "data": {}, "timestamp": "2026-02-21T04:03:17.051Z", "uuid": "be9ab738-8d51-4e00-a8fe-8b5850967748", "user": 1, "revision": 64, "content_changed": true, "deleted": false, "page": 15}}, {"model": "wagtailcore.pagelogentry", "pk": 249, "fields": {"content_type": 30, "label": "The Passion Of Christ", "action": "wagtail.edit", "data": {}, "timestamp": "2026-02-21T04:03:19.067Z", "uuid": "48384c6a-54c6-4582-a609-bd98dc813273", "user": 1, "revision": 64, "content_changed": true, "deleted": false, "page": 15}}, {"model": "wagtailcore.pagelogentry", "pk": 250, "fields": {"content_type": 30, "label": "The Passion Of Christ", "action": "wagtail.edit", "data": {}, "timestamp": "2026-02-21T04:03:23.560Z", "uuid": "13838246-ace4-435b-8360-b72474ceff34", "user": 1, "revision": 64, "content_changed": true, "deleted": false, "page": 15}}, {"model": "wagtailcore.pagelogentry", "pk": 251, "fields": {"content_type": 30, "label": "The Passion Of Christ", "action": "wagtail.edit", "data": {}, "timestamp": "2026-02-21T04:03:23.924Z", "uuid": "44a3180a-d4e6-41c5-a09b-34cc40df775f", "user": 1, "revision": 65, "content_changed": true, "deleted": false, "page": 15}}, {"model": "wagtailcore.pagelogentry", "pk": 252, "fields": {"content_type": 30, "label": "Maqbool The Movie", "action": "wagtail.publish", "data": {}, "timestamp": "2026-02-21T04:03:42.537Z", "uuid": "3033ce52-e165-4dc7-8f7e-76bc0d278b9b", "user": 1, "revision": 61, "content_changed": true, "deleted": false, "page": 14}}, {"model": "wagtailcore.pagelogentry", "pk": 253, "fields": {"content_type": 30, "label": "The Passion Of Christ", "action": "wagtail.publish", "data": {}, "timestamp": "2026-02-21T04:03:42.585Z", "uuid": "3033ce52-e165-4dc7-8f7e-76bc0d278b9b", "user": 1, "revision": 65, "content_changed": true, "deleted": false, "page": 15}}, {"model": "wagtailcore.pagelogentry", "pk": 254, "fields": {"content_type": 30, "label": "The Passion Of Christ", "action": "wagtail.edit", "data": {}, "timestamp": "2026-02-21T04:10:43.918Z", "uuid": "d5c00e86-8dba-4547-af51-0459138dedcc", "user": 1, "revision": 66, "content_changed": true, "deleted": false, "page": 15}}, {"model": "wagtailcore.pagelogentry", "pk": 255, "fields": {"content_type": 30, "label": "The Passion Of Christ", "action": "wagtail.edit", "data": {}, "timestamp": "2026-02-21T04:12:01.445Z", "uuid": "084f2133-05f3-475b-aeab-7f34eed1e4ca", "user": 1, "revision": 66, "content_changed": true, "deleted": false, "page": 15}}, {"model": "wagtailcore.pagelogentry", "pk": 256, "fields": {"content_type": 30, "label": "The Passion Of Christ", "action": "wagtail.edit", "data": {}, "timestamp": "2026-02-21T04:12:10.968Z", "uuid": "55e7876c-47b2-4a51-a304-e3b3a6823926", "user": 1, "revision": 66, "content_changed": true, "deleted": false, "page": 15}}, {"model": "wagtailcore.pagelogentry", "pk": 257, "fields": {"content_type": 30, "label": "The Passion Of Christ", "action": "wagtail.edit", "data": {}, "timestamp": "2026-02-21T04:12:17.451Z", "uuid": "81ed4a4c-905b-434f-b23c-250755adbacf", "user": 1, "revision": 66, "content_changed": true, "deleted": false, "page": 15}}, {"model": "wagtailcore.pagelogentry", "pk": 258, "fields": {"content_type": 30, "label": "The Passion Of Christ", "action": "wagtail.edit", "data": {}, "timestamp": "2026-02-21T04:12:22.454Z", "uuid": "a2eef1d3-040b-4b90-864d-207aa10fe60b", "user": 1, "revision": 67, "content_changed": true, "deleted": false, "page": 15}}, {"model": "wagtailcore.pagelogentry", "pk": 259, "fields": {"content_type": 30, "label": "Maqbool The Movie", "action": "wagtail.edit", "data": {}, "timestamp": "2026-02-21T04:12:53.258Z", "uuid": "854fc84a-6771-4e99-9c6b-dd23c2f5c7fd", "user": 1, "revision": 68, "content_changed": true, "deleted": false, "page": 14}}, {"model": "wagtailcore.pagelogentry", "pk": 260, "fields": {"content_type": 30, "label": "Maqbool The Movie", "action": "wagtail.edit", "data": {}, "timestamp": "2026-02-21T04:12:58.381Z", "uuid": "85709e9c-66bd-4f85-8473-ff0edac0e50d", "user": 1, "revision": 69, "content_changed": true, "deleted": false, "page": 14}}, {"model": "wagtailcore.pagelogentry", "pk": 261, "fields": {"content_type": 30, "label": "Maqbool The Movie", "action": "wagtail.publish", "data": {}, "timestamp": "2026-02-21T04:13:15.855Z", "uuid": "1557c891-4ec3-4a90-b5aa-c71e81309e66", "user": 1, "revision": 69, "content_changed": true, "deleted": false, "page": 14}}, {"model": "wagtailcore.pagelogentry", "pk": 262, "fields": {"content_type": 30, "label": "The Passion Of Christ", "action": "wagtail.publish", "data": {}, "timestamp": "2026-02-21T04:13:15.900Z", "uuid": "1557c891-4ec3-4a90-b5aa-c71e81309e66", "user": 1, "revision": 67, "content_changed": true, "deleted": false, "page": 15}}, {"model": "wagtailcore.pagelogentry", "pk": 263, "fields": {"content_type": 30, "label": "Maqbool The Movie", "action": "wagtail.edit", "data": {}, "timestamp": "2026-02-21T04:13:47.457Z", "uuid": "445c7bcf-ed2d-4a6a-aea9-edace1f2c8af", "user": 1, "revision": 70, "content_changed": true, "deleted": false, "page": 14}}, {"model": "wagtailcore.pagelogentry", "pk": 264, "fields": {"content_type": 30, "label": "Maqbool: Macbeth Reima", "action": "wagtail.edit", "data": {}, "timestamp": "2026-02-21T04:13:52.975Z", "uuid": "f0d10a3c-02b8-4fa8-88bc-a32515bdd11a", "user": 1, "revision": 70, "content_changed": true, "deleted": false, "page": 14}}, {"model": "wagtailcore.pagelogentry", "pk": 265, "fields": {"content_type": 30, "label": "Maqbool: Macbeth Reimagined", "action": "wagtail.edit", "data": {}, "timestamp": "2026-02-21T04:13:54.349Z", "uuid": "0d3f56f7-76b5-4ced-a00d-871c2b07febc", "user": 1, "revision": 71, "content_changed": true, "deleted": false, "page": 14}}, {"model": "wagtailcore.pagelogentry", "pk": 266, "fields": {"content_type": 30, "label": "Maqbool: Macbeth Reimagined", "action": "wagtail.rename", "data": {"title": {"old": "Maqbool The Movie", "new": "Maqbool: Macbeth Reimagined"}}, "timestamp": "2026-02-21T04:14:06.189Z", "uuid": "59592462-8eac-4564-92e0-3a22a538a7c8", "user": 1, "revision": 71, "content_changed": false, "deleted": false, "page": 14}}, {"model": "wagtailcore.pagelogentry", "pk": 267, "fields": {"content_type": 30, "label": "Maqbool: Macbeth Reimagined", "action": "wagtail.publish", "data": {"title": {"old": "Maqbool The Movie", "new": "Maqbool: Macbeth Reimagined"}}, "timestamp": "2026-02-21T04:14:06.193Z", "uuid": "59592462-8eac-4564-92e0-3a22a538a7c8", "user": 1, "revision": 71, "content_changed": true, "deleted": false, "page": 14}}, {"model": "wagtailcore.pagelogentry", "pk": 268, "fields": {"content_type": 30, "label": "Sanchar Saathi App a spyware or not?", "action": "wagtail.edit", "data": {}, "timestamp": "2026-02-21T04:15:30.813Z", "uuid": "0e64a589-688c-4efe-9ee7-476a3452fc4b", "user": 1, "revision": 72, "content_changed": true, "deleted": false, "page": 13}}, {"model": "wagtailcore.pagelogentry", "pk": 269, "fields": {"content_type": 30, "label": "Sanchar Saathi App a spyware or not?", "action": "wagtail.edit", "data": {}, "timestamp": "2026-02-21T04:15:40.334Z", "uuid": "703529fc-74ed-4604-816b-375473cde01b", "user": 1, "revision": 72, "content_changed": true, "deleted": false, "page": 13}}, {"model": "wagtailcore.pagelogentry", "pk": 270, "fields": {"content_type": 30, "label": "Sanchar Saathi App a spyware or not?", "action": "wagtail.edit", "data": {}, "timestamp": "2026-02-21T04:15:43.853Z", "uuid": "0f86c959-ffc8-4077-ae83-f9a9939f9ce7", "user": 1, "revision": 72, "content_changed": true, "deleted": false, "page": 13}}, {"model": "wagtailcore.pagelogentry", "pk": 271, "fields": {"content_type": 30, "label": "Sanchar Saathi App a spyware or not?", "action": "wagtail.edit", "data": {}, "timestamp": "2026-02-21T04:15:50.354Z", "uuid": "b7b03441-4d2f-478f-b5bf-fc1e5f9591eb", "user": 1, "revision": 72, "content_changed": true, "deleted": false, "page": 13}}, {"model": "wagtailcore.pagelogentry", "pk": 272, "fields": {"content_type": 30, "label": "Sanchar Saathi App a spyware or not?", "action": "wagtail.edit", "data": {}, "timestamp": "2026-02-21T04:15:56.719Z", "uuid": "0dd84229-e0d9-454e-b7d4-d1a22567ba3e", "user": 1, "revision": 73, "content_changed": true, "deleted": false, "page": 13}}, {"model": "wagtailcore.pagelogentry", "pk": 273, "fields": {"content_type": 30, "label": "Sanchar Saathi App a spyware or not?", "action": "wagtail.publish", "data": {}, "timestamp": "2026-02-21T04:16:13.282Z", "uuid": "f9373b1a-dc7d-43f8-884f-1945e0b2a5f3", "user": 1, "revision": 73, "content_changed": true, "deleted": false, "page": 13}}, {"model": "wagtailcore.pagelogentry", "pk": 274, "fields": {"content_type": 30, "label": "The Passion Of Christ", "action": "wagtail.edit", "data": {}, "timestamp": "2026-02-21T04:18:30.567Z", "uuid": "6a2acc79-d506-4b77-8460-971709617963", "user": 1, "revision": 74, "content_changed": true, "deleted": false, "page": 15}}, {"model": "wagtailcore.pagelogentry", "pk": 275, "fields": {"content_type": 30, "label": "The Passion Of Christ", "action": "wagtail.edit", "data": {}, "timestamp": "2026-02-21T04:19:27.312Z", "uuid": "3d1ebdf2-4282-4e05-a2e3-211902543961", "user": 1, "revision": 75, "content_changed": true, "deleted": false, "page": 15}}, {"model": "wagtailcore.pagelogentry", "pk": 276, "fields": {"content_type": 30, "label": "The Passion Of Christ", "action": "wagtail.edit", "data": {}, "timestamp": "2026-02-21T04:19:37.461Z", "uuid": "72f5d715-5fe6-41e4-92d8-f745c090e6ca", "user": 1, "revision": 76, "content_changed": true, "deleted": false, "page": 15}}, {"model": "wagtailcore.pagelogentry", "pk": 277, "fields": {"content_type": 30, "label": "The Passion Of Christ", "action": "wagtail.edit", "data": {}, "timestamp": "2026-02-21T04:19:37.753Z", "uuid": "ebc55db4-7610-4333-8726-e9905da7ed09", "user": 1, "revision": 77, "content_changed": true, "deleted": false, "page": 15}}, {"model": "wagtailcore.pagelogentry", "pk": 278, "fields": {"content_type": 30, "label": "The Passion Of Christ", "action": "wagtail.publish", "data": {}, "timestamp": "2026-02-21T04:20:04.267Z", "uuid": "a2071dc8-b299-4037-9473-8b913e1faed3", "user": 1, "revision": 77, "content_changed": true, "deleted": false, "page": 15}}, {"model": "wagtailcore.pagelogentry", "pk": 279, "fields": {"content_type": 47, "label": "Reading Club", "action": "wagtail.edit", "data": {}, "timestamp": "2026-02-21T04:59:52.038Z", "uuid": "5998829b-4f64-499c-b70d-8f41ed91bd11", "user": 1, "revision": 78, "content_changed": true, "deleted": false, "page": 10}}, {"model": "wagtailcore.pagelogentry", "pk": 280, "fields": {"content_type": 47, "label": "Reading Club", "action": "wagtail.edit", "data": {}, "timestamp": "2026-02-21T04:59:56.072Z", "uuid": "3b11d863-0199-4f63-9279-7dbbe588bd01", "user": 1, "revision": 79, "content_changed": true, "deleted": false, "page": 10}}, {"model": "wagtailcore.pagelogentry", "pk": 281, "fields": {"content_type": 47, "label": "Reading Club", "action": "wagtail.publish", "data": {}, "timestamp": "2026-02-21T05:00:13.354Z", "uuid": "c8371d3f-b0a4-48c6-aa02-a652018d9324", "user": 1, "revision": 79, "content_changed": true, "deleted": false, "page": 10}}, {"model": "wagtailcore.pagelogentry", "pk": 282, "fields": {"content_type": 47, "label": "Beautification Club", "action": "wagtail.edit", "data": {}, "timestamp": "2026-02-21T13:14:14.699Z", "uuid": "b513a9d0-755e-4f5e-931d-c85b9cd256a1", "user": 1, "revision": 80, "content_changed": true, "deleted": false, "page": 12}}, {"model": "wagtailcore.pagelogentry", "pk": 283, "fields": {"content_type": 47, "label": "Beautification Club", "action": "wagtail.edit", "data": {}, "timestamp": "2026-02-21T13:14:18.235Z", "uuid": "882bfa56-1ca7-40a3-abac-b933f274e152", "user": 1, "revision": 80, "content_changed": true, "deleted": false, "page": 12}}, {"model": "wagtailcore.pagelogentry", "pk": 284, "fields": {"content_type": 47, "label": "Beautification Club", "action": "wagtail.edit", "data": {}, "timestamp": "2026-02-21T13:14:24.214Z", "uuid": "17ea8d65-cd57-4cda-aad8-41afee104cfd", "user": 1, "revision": 80, "content_changed": true, "deleted": false, "page": 12}}, {"model": "wagtailcore.pagelogentry", "pk": 285, "fields": {"content_type": 47, "label": "Beautification Club", "action": "wagtail.edit", "data": {}, "timestamp": "2026-02-21T13:14:26.198Z", "uuid": "d70035dd-7490-4be5-ad9b-fcfd138b1442", "user": 1, "revision": 80, "content_changed": true, "deleted": false, "page": 12}}, {"model": "wagtailcore.pagelogentry", "pk": 286, "fields": {"content_type": 47, "label": "Beautification Club", "action": "wagtail.edit", "data": {}, "timestamp": "2026-02-22T08:31:17.028Z", "uuid": "054df0de-1010-4113-b12e-b7eccdebc622", "user": 1, "revision": 81, "content_changed": true, "deleted": false, "page": 12}}, {"model": "wagtailcore.pagelogentry", "pk": 287, "fields": {"content_type": 30, "label": "Wall Magazine", "action": "wagtail.create", "data": {}, "timestamp": "2026-02-24T20:21:29.469Z", "uuid": "7fc8ef88-3045-4ffc-a9c1-d9cd8163fdc4", "user": 1, "revision": null, "content_changed": true, "deleted": false, "page": 16}}, {"model": "wagtailcore.pagelogentry", "pk": 288, "fields": {"content_type": 30, "label": "Wall Magazine", "action": "wagtail.edit", "data": {}, "timestamp": "2026-02-24T20:21:29.583Z", "uuid": "7fc8ef88-3045-4ffc-a9c1-d9cd8163fdc4", "user": 1, "revision": 82, "content_changed": true, "deleted": false, "page": 16}}, {"model": "wagtailcore.pagelogentry", "pk": 289, "fields": {"content_type": 30, "label": "Wall Magazine", "action": "wagtail.edit", "data": {}, "timestamp": "2026-02-24T20:27:03.556Z", "uuid": "3d4aebf2-a22e-4200-ac4f-58411cf8976a", "user": 1, "revision": 82, "content_changed": true, "deleted": false, "page": 16}}, {"model": "wagtailcore.pagelogentry", "pk": 290, "fields": {"content_type": 30, "label": "Wall Magazine", "action": "wagtail.edit", "data": {}, "timestamp": "2026-02-24T20:27:17.048Z", "uuid": "a2c25297-00d2-496e-a793-160a12ed7f66", "user": 1, "revision": 82, "content_changed": true, "deleted": false, "page": 16}}, {"model": "wagtailcore.pagelogentry", "pk": 291, "fields": {"content_type": 30, "label": "Wall Magazine", "action": "wagtail.edit", "data": {}, "timestamp": "2026-02-24T20:27:24.533Z", "uuid": "c3f22e67-90a5-455e-af4b-692d076dfa73", "user": 1, "revision": 82, "content_changed": true, "deleted": false, "page": 16}}, {"model": "wagtailcore.pagelogentry", "pk": 292, "fields": {"content_type": 30, "label": "Wall Magazine", "action": "wagtail.edit", "data": {}, "timestamp": "2026-02-24T20:27:28.527Z", "uuid": "f9d2120e-2e7a-43b9-8fdf-0dcab63684df", "user": 1, "revision": 82, "content_changed": true, "deleted": false, "page": 16}}, {"model": "wagtailcore.pagelogentry", "pk": 293, "fields": {"content_type": 30, "label": "Wall Magazine", "action": "wagtail.edit", "data": {}, "timestamp": "2026-02-24T20:27:32.019Z", "uuid": "50649c9b-2c58-4e5c-9a18-8b8fe5d918bd", "user": 1, "revision": 82, "content_changed": true, "deleted": false, "page": 16}}, {"model": "wagtailcore.pagelogentry", "pk": 294, "fields": {"content_type": 30, "label": "Wall Magazine", "action": "wagtail.edit", "data": {}, "timestamp": "2026-02-24T20:27:48.032Z", "uuid": "d1f09847-7b85-4133-9dac-e575cd27cc66", "user": 1, "revision": 82, "content_changed": true, "deleted": false, "page": 16}}, {"model": "wagtailcore.pagelogentry", "pk": 295, "fields": {"content_type": 30, "label": "Wall Magazine", "action": "wagtail.edit", "data": {}, "timestamp": "2026-02-24T20:27:58.027Z", "uuid": "05a67d6e-eb10-430e-ae74-1155248c8a7c", "user": 1, "revision": 82, "content_changed": true, "deleted": false, "page": 16}}, {"model": "wagtailcore.pagelogentry", "pk": 296, "fields": {"content_type": 30, "label": "Wall Magazine", "action": "wagtail.edit", "data": {}, "timestamp": "2026-02-24T20:28:02.523Z", "uuid": "02b17f88-5fd2-4743-8256-2113517bd329", "user": 1, "revision": 82, "content_changed": true, "deleted": false, "page": 16}}, {"model": "wagtailcore.pagelogentry", "pk": 297, "fields": {"content_type": 30, "label": "Wall Magazine", "action": "wagtail.edit", "data": {}, "timestamp": "2026-02-24T20:28:05.044Z", "uuid": "32ab4306-225a-428b-bfc4-ed9b3728f73b", "user": 1, "revision": 82, "content_changed": true, "deleted": false, "page": 16}}, {"model": "wagtailcore.pagelogentry", "pk": 298, "fields": {"content_type": 30, "label": "Wall Magazine", "action": "wagtail.edit", "data": {}, "timestamp": "2026-02-24T20:28:08.037Z", "uuid": "5c1590d2-b0ee-4053-b260-643a95677ef3", "user": 1, "revision": 82, "content_changed": true, "deleted": false, "page": 16}}, {"model": "wagtailcore.pagelogentry", "pk": 299, "fields": {"content_type": 30, "label": "Wall Magazine", "action": "wagtail.edit", "data": {}, "timestamp": "2026-02-24T20:28:11.528Z", "uuid": "7761effd-bb01-4b84-9e82-70e00792e9e1", "user": 1, "revision": 82, "content_changed": true, "deleted": false, "page": 16}}, {"model": "wagtailcore.pagelogentry", "pk": 300, "fields": {"content_type": 30, "label": "Wall Magazine", "action": "wagtail.edit", "data": {}, "timestamp": "2026-02-24T20:28:11.987Z", "uuid": "b66e48ac-781c-49ac-a8cb-90f1a1c90410", "user": 1, "revision": 83, "content_changed": true, "deleted": false, "page": 16}}, {"model": "wagtailcore.pagelogentry", "pk": 301, "fields": {"content_type": 30, "label": "Wall Magazine", "action": "wagtail.edit", "data": {}, "timestamp": "2026-02-24T20:28:42.848Z", "uuid": "82c5eef2-453e-482c-bd0c-541a1c42d882", "user": 1, "revision": 84, "content_changed": true, "deleted": false, "page": 16}}, {"model": "wagtailcore.pagelogentry", "pk": 302, "fields": {"content_type": 30, "label": "Wall Magazine", "action": "wagtail.edit", "data": {}, "timestamp": "2026-02-24T20:28:46.426Z", "uuid": "848d7c29-b2fa-4580-9182-84cec59ba527", "user": 1, "revision": 84, "content_changed": true, "deleted": false, "page": 16}}, {"model": "wagtailcore.pagelogentry", "pk": 303, "fields": {"content_type": 30, "label": "Wall Magazine", "action": "wagtail.edit", "data": {}, "timestamp": "2026-02-24T20:28:48.357Z", "uuid": "db68ff0c-c578-4b64-a825-ff0e834ab8f8", "user": 1, "revision": 84, "content_changed": true, "deleted": false, "page": 16}}, {"model": "wagtailcore.pagelogentry", "pk": 304, "fields": {"content_type": 30, "label": "Wall Magazine", "action": "wagtail.edit", "data": {}, "timestamp": "2026-02-24T20:28:52.355Z", "uuid": "d9d4a8db-dcb8-4b63-87b7-a35791ca8bf8", "user": 1, "revision": 84, "content_changed": true, "deleted": false, "page": 16}}, {"model": "wagtailcore.pagelogentry", "pk": 305, "fields": {"content_type": 30, "label": "Wall Magazine", "action": "wagtail.edit", "data": {}, "timestamp": "2026-02-24T20:28:55.357Z", "uuid": "bd2a1ac0-703f-495a-82a2-d017a5621db0", "user": 1, "revision": 84, "content_changed": true, "deleted": false, "page": 16}}, {"model": "wagtailcore.pagelogentry", "pk": 306, "fields": {"content_type": 30, "label": "Wall Magazine", "action": "wagtail.edit", "data": {}, "timestamp": "2026-02-24T20:28:58.909Z", "uuid": "9e1b21d6-3aa8-4c58-81bf-e6e914f1f3d6", "user": 1, "revision": 84, "content_changed": true, "deleted": false, "page": 16}}, {"model": "wagtailcore.pagelogentry", "pk": 307, "fields": {"content_type": 30, "label": "Wall Magazine", "action": "wagtail.edit", "data": {}, "timestamp": "2026-02-24T20:29:00.847Z", "uuid": "11376b41-013b-4964-a13a-137a50dc89f5", "user": 1, "revision": 84, "content_changed": true, "deleted": false, "page": 16}}, {"model": "wagtailcore.pagelogentry", "pk": 308, "fields": {"content_type": 30, "label": "Wall Magazine", "action": "wagtail.edit", "data": {}, "timestamp": "2026-02-24T20:29:01.838Z", "uuid": "d1bd2f10-cb9a-48dd-b614-27bc330ad1c9", "user": 1, "revision": 84, "content_changed": true, "deleted": false, "page": 16}}, {"model": "wagtailcore.pagelogentry", "pk": 309, "fields": {"content_type": 30, "label": "Wall Magazine", "action": "wagtail.edit", "data": {}, "timestamp": "2026-02-24T20:29:04.358Z", "uuid": "f93e42c3-e323-4120-8f6b-4856dfb57673", "user": 1, "revision": 84, "content_changed": true, "deleted": false, "page": 16}}, {"model": "wagtailcore.pagelogentry", "pk": 310, "fields": {"content_type": 30, "label": "Wall Magazine", "action": "wagtail.edit", "data": {}, "timestamp": "2026-02-24T20:29:06.849Z", "uuid": "11d7c06d-0a29-4033-a6c3-7bf3fb6a5482", "user": 1, "revision": 84, "content_changed": true, "deleted": false, "page": 16}}, {"model": "wagtailcore.pagelogentry", "pk": 311, "fields": {"content_type": 30, "label": "Wall Magazine", "action": "wagtail.edit", "data": {}, "timestamp": "2026-02-24T20:29:07.851Z", "uuid": "fb64d42f-eba7-4739-9e8b-b046651229f0", "user": 1, "revision": 84, "content_changed": true, "deleted": false, "page": 16}}, {"model": "wagtailcore.pagelogentry", "pk": 312, "fields": {"content_type": 30, "label": "Wall Magazine", "action": "wagtail.edit", "data": {}, "timestamp": "2026-02-24T20:29:11.340Z", "uuid": "1519b6b8-4e31-4a74-8bb0-43dd2a8b6987", "user": 1, "revision": 84, "content_changed": true, "deleted": false, "page": 16}}, {"model": "wagtailcore.pagelogentry", "pk": 313, "fields": {"content_type": 30, "label": "Wall Magazine", "action": "wagtail.edit", "data": {}, "timestamp": "2026-02-24T20:29:13.915Z", "uuid": "239441ec-3bb0-41ff-9c11-0d72a76eafa6", "user": 1, "revision": 84, "content_changed": true, "deleted": false, "page": 16}}, {"model": "wagtailcore.pagelogentry", "pk": 314, "fields": {"content_type": 30, "label": "Wall Magazine", "action": "wagtail.edit", "data": {}, "timestamp": "2026-02-24T20:29:14.859Z", "uuid": "91c53b66-f1c6-4e31-9a6c-b82d48384c9f", "user": 1, "revision": 84, "content_changed": true, "deleted": false, "page": 16}}, {"model": "wagtailcore.pagelogentry", "pk": 315, "fields": {"content_type": 30, "label": "Wall Magazine", "action": "wagtail.edit", "data": {}, "timestamp": "2026-02-24T20:29:19.852Z", "uuid": "ca8a846e-b5e7-4122-9519-82c941e90c11", "user": 1, "revision": 84, "content_changed": true, "deleted": false, "page": 16}}, {"model": "wagtailcore.pagelogentry", "pk": 316, "fields": {"content_type": 30, "label": "Wall Magazine", "action": "wagtail.edit", "data": {}, "timestamp": "2026-02-24T20:29:22.849Z", "uuid": "f8ea9a5e-8d91-4989-b828-3a71a830cf51", "user": 1, "revision": 84, "content_changed": true, "deleted": false, "page": 16}}, {"model": "wagtailcore.pagelogentry", "pk": 317, "fields": {"content_type": 30, "label": "Wall Magazine", "action": "wagtail.edit", "data": {}, "timestamp": "2026-02-24T20:29:25.822Z", "uuid": "ecd6b7fb-b270-4937-b7c6-441900b5651f", "user": 1, "revision": 84, "content_changed": true, "deleted": false, "page": 16}}, {"model": "wagtailcore.pagelogentry", "pk": 318, "fields": {"content_type": 30, "label": "Wall Magazine", "action": "wagtail.edit", "data": {}, "timestamp": "2026-02-24T20:29:29.361Z", "uuid": "7ad0133b-6e14-45ac-bf3e-38c019532133", "user": 1, "revision": 84, "content_changed": true, "deleted": false, "page": 16}}, {"model": "wagtailcore.pagelogentry", "pk": 319, "fields": {"content_type": 30, "label": "Wall Magazine", "action": "wagtail.edit", "data": {}, "timestamp": "2026-02-24T20:29:30.333Z", "uuid": "6714a423-09f1-465a-87fa-00bbff271d82", "user": 1, "revision": 84, "content_changed": true, "deleted": false, "page": 16}}, {"model": "wagtailcore.pagelogentry", "pk": 320, "fields": {"content_type": 30, "label": "Wall Magazine", "action": "wagtail.edit", "data": {}, "timestamp": "2026-02-24T20:29:32.361Z", "uuid": "7f574b72-9fd8-4063-828b-71709b99aad1", "user": 1, "revision": 84, "content_changed": true, "deleted": false, "page": 16}}, {"model": "wagtailcore.pagelogentry", "pk": 321, "fields": {"content_type": 30, "label": "Wall Magazine", "action": "wagtail.edit", "data": {}, "timestamp": "2026-02-24T20:29:34.856Z", "uuid": "991456b9-6be9-41f4-8748-26c8545dae0e", "user": 1, "revision": 84, "content_changed": true, "deleted": false, "page": 16}}, {"model": "wagtailcore.pagelogentry", "pk": 322, "fields": {"content_type": 30, "label": "Wall Magazine", "action": "wagtail.edit", "data": {}, "timestamp": "2026-02-24T20:29:38.368Z", "uuid": "f02dbcf8-5d64-4095-a1d8-47bc93e3ba96", "user": 1, "revision": 84, "content_changed": true, "deleted": false, "page": 16}}, {"model": "wagtailcore.pagelogentry", "pk": 323, "fields": {"content_type": 30, "label": "Wall Magazine", "action": "wagtail.edit", "data": {}, "timestamp": "2026-02-24T20:29:38.596Z", "uuid": "2b9cba27-101e-4959-9e0f-39f898074223", "user": 1, "revision": 85, "content_changed": true, "deleted": false, "page": 16}}, {"model": "wagtailcore.pagelogentry", "pk": 324, "fields": {"content_type": 30, "label": "Wall Magazine", "action": "wagtail.edit", "data": {}, "timestamp": "2026-02-24T20:29:55.712Z", "uuid": "5ad39791-6021-40a0-87da-5628f7563bcf", "user": 1, "revision": 86, "content_changed": true, "deleted": false, "page": 16}}, {"model": "wagtailcore.pagelogentry", "pk": 325, "fields": {"content_type": 30, "label": "Wall Magazine", "action": "wagtail.publish", "data": {}, "timestamp": "2026-02-24T20:30:09.261Z", "uuid": "2db3de04-8b22-4cfc-ad31-f3893362e95b", "user": 1, "revision": 86, "content_changed": true, "deleted": false, "page": 16}}, {"model": "wagtailcore.pagelogentry", "pk": 326, "fields": {"content_type": 47, "label": "Beautification Club", "action": "wagtail.edit", "data": {}, "timestamp": "2026-02-24T20:38:02.527Z", "uuid": "3cca1a2c-8b72-4e98-913c-571fa9d22875", "user": 1, "revision": 87, "content_changed": true, "deleted": false, "page": 12}}, {"model": "wagtailcore.pagelogentry", "pk": 327, "fields": {"content_type": 47, "label": "Beautification Club", "action": "wagtail.edit", "data": {}, "timestamp": "2026-02-24T20:38:02.737Z", "uuid": "1404a74e-4008-4434-89dd-699226af8461", "user": 1, "revision": 88, "content_changed": true, "deleted": false, "page": 12}}, {"model": "wagtailcore.pagelogentry", "pk": 328, "fields": {"content_type": 47, "label": "Beautification Club", "action": "wagtail.publish", "data": {}, "timestamp": "2026-02-24T20:38:20.673Z", "uuid": "81394209-94f0-4631-aa92-c1272e1db086", "user": 1, "revision": 88, "content_changed": true, "deleted": false, "page": 12}}, {"model": "wagtailcore.pagelogentry", "pk": 329, "fields": {"content_type": 47, "label": "Beautification Club", "action": "wagtail.publish", "data": {}, "timestamp": "2026-02-24T21:09:19.618Z", "uuid": "5a504e81-2f90-4a6d-8acf-d1d09a1ebd53", "user": 1, "revision": 88, "content_changed": true, "deleted": false, "page": 12}}, {"model": "wagtailcore.pagelogentry", "pk": 330, "fields": {"content_type": 47, "label": "Debate Club", "action": "wagtail.edit", "data": {}, "timestamp": "2026-02-24T21:13:53.102Z", "uuid": "e7996937-4df9-4a41-a359-de304de7ef60", "user": 1, "revision": 89, "content_changed": true, "deleted": false, "page": 11}}, {"model": "wagtailcore.pagelogentry", "pk": 331, "fields": {"content_type": 47, "label": "Debate Club", "action": "wagtail.edit", "data": {}, "timestamp": "2026-02-24T21:13:53.410Z", "uuid": "219ff7d3-c558-43c8-b275-32918dac9b42", "user": 1, "revision": 90, "content_changed": true, "deleted": false, "page": 11}}, {"model": "wagtailcore.pagelogentry", "pk": 332, "fields": {"content_type": 47, "label": "Debate Club", "action": "wagtail.publish", "data": {}, "timestamp": "2026-02-24T21:14:04.062Z", "uuid": "45d4c65c-bf2d-40bb-93c7-7a9e63e5bebf", "user": 1, "revision": 90, "content_changed": true, "deleted": false, "page": 11}}, {"model": "wagtailcore.pagelogentry", "pk": 333, "fields": {"content_type": 30, "label": "Maqbool Quiz", "action": "wagtail.create", "data": {}, "timestamp": "2026-02-24T21:30:59.290Z", "uuid": "05eb2064-ae65-4487-9043-57087fc79d34", "user": 1, "revision": null, "content_changed": true, "deleted": false, "page": 17}}, {"model": "wagtailcore.pagelogentry", "pk": 334, "fields": {"content_type": 30, "label": "Maqbool Quiz", "action": "wagtail.edit", "data": {}, "timestamp": "2026-02-24T21:30:59.337Z", "uuid": "05eb2064-ae65-4487-9043-57087fc79d34", "user": 1, "revision": 91, "content_changed": true, "deleted": false, "page": 17}}, {"model": "wagtailcore.pagelogentry", "pk": 335, "fields": {"content_type": 30, "label": "Maqbool Quiz", "action": "wagtail.edit", "data": {}, "timestamp": "2026-02-24T21:31:01.155Z", "uuid": "f86a4c5e-0a58-4bfb-9330-94832a671741", "user": 1, "revision": 92, "content_changed": true, "deleted": false, "page": 17}}, {"model": "wagtailcore.pagelogentry", "pk": 336, "fields": {"content_type": 30, "label": "Maqbool Quiz", "action": "wagtail.publish", "data": {}, "timestamp": "2026-02-24T21:31:11.119Z", "uuid": "2efccfb4-a054-49b8-a340-ff1d06e67406", "user": 1, "revision": 92, "content_changed": true, "deleted": false, "page": 17}}, {"model": "wagtailcore.pagelogentry", "pk": 337, "fields": {"content_type": 30, "label": "Maqbool Quiz", "action": "wagtail.delete", "data": {}, "timestamp": "2026-02-24T21:31:25.461Z", "uuid": "53bf5eaa-a413-4434-946a-c7a67964f06e", "user": 1, "revision": null, "content_changed": false, "deleted": true, "page": 17}}, {"model": "wagtailcore.pagelogentry", "pk": 338, "fields": {"content_type": 47, "label": "Cine Club", "action": "wagtail.edit", "data": {}, "timestamp": "2026-06-10T13:03:25.118Z", "uuid": "0342448f-1fcb-4c15-b1fc-fadd995bd4b8", "user": 1, "revision": 93, "content_changed": true, "deleted": false, "page": 7}}, {"model": "wagtailcore.pagelogentry", "pk": 339, "fields": {"content_type": 47, "label": "Cine Club", "action": "wagtail.edit", "data": {}, "timestamp": "2026-06-10T13:03:28.576Z", "uuid": "3e7ecf3d-4edd-49ae-9f1c-fe965b717cef", "user": 1, "revision": 94, "content_changed": true, "deleted": false, "page": 7}}, {"model": "wagtailcore.pagelogentry", "pk": 340, "fields": {"content_type": 47, "label": "Cine Club", "action": "wagtail.edit", "data": {}, "timestamp": "2026-06-10T13:03:31.790Z", "uuid": "a84cb376-9cf8-4ee3-b69e-193ac189e3a0", "user": 1, "revision": 95, "content_changed": true, "deleted": false, "page": 7}}, {"model": "wagtailcore.pagelogentry", "pk": 341, "fields": {"content_type": 47, "label": "Cine Club", "action": "wagtail.publish", "data": {}, "timestamp": "2026-06-10T13:03:47.892Z", "uuid": "33dae76d-4516-45c3-98af-8ec773aeb95e", "user": 1, "revision": 95, "content_changed": true, "deleted": false, "page": 7}}, {"model": "wagtailcore.pagelogentry", "pk": 342, "fields": {"content_type": 47, "label": "Beautification Club", "action": "wagtail.edit", "data": {}, "timestamp": "2026-06-10T13:16:35.472Z", "uuid": "9eb97f3c-3f76-4c28-9faf-4ca2691e747e", "user": 1, "revision": 96, "content_changed": true, "deleted": false, "page": 12}}, {"model": "wagtailcore.pagelogentry", "pk": 343, "fields": {"content_type": 47, "label": "Beautification Club", "action": "wagtail.edit", "data": {}, "timestamp": "2026-06-10T13:16:36.046Z", "uuid": "bf044860-1fa5-4fd2-a822-2fd3b2c11b74", "user": 1, "revision": 97, "content_changed": true, "deleted": false, "page": 12}}, {"model": "wagtailcore.pagelogentry", "pk": 344, "fields": {"content_type": 5, "label": "Home", "action": "wagtail.edit", "data": {}, "timestamp": "2026-06-10T13:16:52.479Z", "uuid": "da2e6fba-0d9b-4ff9-8ea3-fc19c94df456", "user": 1, "revision": 98, "content_changed": true, "deleted": false, "page": 3}}, {"model": "wagtailcore.pagelogentry", "pk": 345, "fields": {"content_type": 47, "label": "Cine Club", "action": "wagtail.publish", "data": {}, "timestamp": "2026-06-10T13:17:09.844Z", "uuid": "e5ca8226-aa68-4072-9825-de2973f1be02", "user": 1, "revision": 95, "content_changed": true, "deleted": false, "page": 7}}, {"model": "wagtailcore.pagelogentry", "pk": 346, "fields": {"content_type": 47, "label": "Quiz Club", "action": "wagtail.publish", "data": {}, "timestamp": "2026-06-10T13:17:09.893Z", "uuid": "e5ca8226-aa68-4072-9825-de2973f1be02", "user": 1, "revision": 49, "content_changed": true, "deleted": false, "page": 8}}, {"model": "wagtailcore.pagelogentry", "pk": 347, "fields": {"content_type": 47, "label": "Reading Club", "action": "wagtail.publish", "data": {}, "timestamp": "2026-06-10T13:17:09.940Z", "uuid": "e5ca8226-aa68-4072-9825-de2973f1be02", "user": 1, "revision": 79, "content_changed": true, "deleted": false, "page": 10}}, {"model": "wagtailcore.pagelogentry", "pk": 348, "fields": {"content_type": 47, "label": "Debate Club", "action": "wagtail.publish", "data": {}, "timestamp": "2026-06-10T13:17:10.000Z", "uuid": "e5ca8226-aa68-4072-9825-de2973f1be02", "user": 1, "revision": 90, "content_changed": true, "deleted": false, "page": 11}}, {"model": "wagtailcore.pagelogentry", "pk": 349, "fields": {"content_type": 47, "label": "Beautification Club", "action": "wagtail.publish", "data": {}, "timestamp": "2026-06-10T13:17:10.048Z", "uuid": "e5ca8226-aa68-4072-9825-de2973f1be02", "user": 1, "revision": 97, "content_changed": true, "deleted": false, "page": 12}}, {"model": "wagtailcore.pagelogentry", "pk": 350, "fields": {"content_type": 47, "label": "Quiz Club", "action": "wagtail.edit", "data": {}, "timestamp": "2026-06-10T13:19:06.982Z", "uuid": "1a169341-88e5-4025-803c-2e428b0c5b45", "user": 1, "revision": 99, "content_changed": true, "deleted": false, "page": 8}}, {"model": "wagtailcore.pagelogentry", "pk": 351, "fields": {"content_type": 47, "label": "Quiz Club", "action": "wagtail.edit", "data": {}, "timestamp": "2026-06-10T13:19:12.003Z", "uuid": "c1a071c6-07a0-492f-b154-aeb01952ffc0", "user": 1, "revision": 99, "content_changed": true, "deleted": false, "page": 8}}, {"model": "wagtailcore.pagelogentry", "pk": 352, "fields": {"content_type": 47, "label": "Quiz Club", "action": "wagtail.edit", "data": {}, "timestamp": "2026-06-10T13:19:21.971Z", "uuid": "d2d18c86-ba07-4f3c-b2f2-fc675c99cc1f", "user": 1, "revision": 99, "content_changed": true, "deleted": false, "page": 8}}, {"model": "wagtailcore.pagelogentry", "pk": 353, "fields": {"content_type": 47, "label": "Quiz Club", "action": "wagtail.edit", "data": {}, "timestamp": "2026-06-10T13:19:25.510Z", "uuid": "dafc925f-2b83-4967-8256-bc97f5c1ab58", "user": 1, "revision": 99, "content_changed": true, "deleted": false, "page": 8}}, {"model": "wagtailcore.pagelogentry", "pk": 354, "fields": {"content_type": 47, "label": "Quiz Club", "action": "wagtail.edit", "data": {}, "timestamp": "2026-06-10T13:19:31.019Z", "uuid": "5885cd4c-0956-4586-9d93-e4ad467384c2", "user": 1, "revision": 99, "content_changed": true, "deleted": false, "page": 8}}, {"model": "wagtailcore.pagelogentry", "pk": 355, "fields": {"content_type": 47, "label": "Quiz Club", "action": "wagtail.edit", "data": {}, "timestamp": "2026-06-10T13:19:36.001Z", "uuid": "72391670-44c9-478f-adb1-98e1c7e4e50b", "user": 1, "revision": 99, "content_changed": true, "deleted": false, "page": 8}}, {"model": "wagtailcore.pagelogentry", "pk": 356, "fields": {"content_type": 47, "label": "Quiz Club", "action": "wagtail.edit", "data": {}, "timestamp": "2026-06-10T13:19:38.221Z", "uuid": "fbfced2e-0e10-4647-9db7-e7be6bca1f60", "user": 1, "revision": 100, "content_changed": true, "deleted": false, "page": 8}}, {"model": "wagtailcore.pagelogentry", "pk": 357, "fields": {"content_type": 47, "label": "Quiz Club", "action": "wagtail.edit", "data": {}, "timestamp": "2026-06-10T13:20:58.212Z", "uuid": "5e96845d-1bab-49ec-94df-a3953b53bc88", "user": 1, "revision": 101, "content_changed": true, "deleted": false, "page": 8}}, {"model": "wagtailcore.pagelogentry", "pk": 358, "fields": {"content_type": 47, "label": "Cine Club", "action": "wagtail.publish", "data": {}, "timestamp": "2026-06-10T13:26:05.118Z", "uuid": "b978a114-264b-4048-9ceb-b0738f56f948", "user": 1, "revision": 95, "content_changed": true, "deleted": false, "page": 7}}, {"model": "wagtailcore.pagelogentry", "pk": 359, "fields": {"content_type": 47, "label": "Quiz Club", "action": "wagtail.publish", "data": {}, "timestamp": "2026-06-10T13:26:05.171Z", "uuid": "b978a114-264b-4048-9ceb-b0738f56f948", "user": 1, "revision": 101, "content_changed": true, "deleted": false, "page": 8}}, {"model": "wagtailcore.pagelogentry", "pk": 360, "fields": {"content_type": 47, "label": "Debate Club", "action": "wagtail.publish", "data": {}, "timestamp": "2026-06-10T13:26:05.231Z", "uuid": "b978a114-264b-4048-9ceb-b0738f56f948", "user": 1, "revision": 90, "content_changed": true, "deleted": false, "page": 11}}, {"model": "wagtailcore.pagelogentry", "pk": 361, "fields": {"content_type": 47, "label": "Beautification Club", "action": "wagtail.publish", "data": {}, "timestamp": "2026-06-10T13:26:05.287Z", "uuid": "b978a114-264b-4048-9ceb-b0738f56f948", "user": 1, "revision": 97, "content_changed": true, "deleted": false, "page": 12}}, {"model": "wagtailcore.pagelogentry", "pk": 362, "fields": {"content_type": 47, "label": "Beautification Club", "action": "wagtail.edit", "data": {}, "timestamp": "2026-06-10T13:35:50.408Z", "uuid": "cd8e37df-715e-491f-b607-bd9536278aa9", "user": 3, "revision": 102, "content_changed": true, "deleted": false, "page": 12}}, {"model": "wagtailcore.pagelogentry", "pk": 363, "fields": {"content_type": 47, "label": "Beautification Club", "action": "wagtail.edit", "data": {}, "timestamp": "2026-06-10T13:53:10.528Z", "uuid": "5d8cf076-2c4f-4eeb-a586-8d9bc2c80891", "user": 3, "revision": 103, "content_changed": true, "deleted": false, "page": 12}}, {"model": "wagtailcore.pagelogentry", "pk": 364, "fields": {"content_type": 47, "label": "Beautification Club", "action": "wagtail.edit", "data": {}, "timestamp": "2026-06-10T13:59:27.404Z", "uuid": "98cf613c-d526-4a52-b048-f2a6c0736802", "user": 3, "revision": 103, "content_changed": true, "deleted": false, "page": 12}}, {"model": "wagtailcore.pagelogentry", "pk": 365, "fields": {"content_type": 47, "label": "Beautification Club", "action": "wagtail.edit", "data": {}, "timestamp": "2026-06-10T13:59:30.945Z", "uuid": "a9090cbf-0573-40b7-b741-1e9e032df952", "user": 3, "revision": 103, "content_changed": true, "deleted": false, "page": 12}}, {"model": "wagtailcore.pagelogentry", "pk": 366, "fields": {"content_type": 47, "label": "Beautification Club", "action": "wagtail.edit", "data": {}, "timestamp": "2026-06-10T13:59:33.864Z", "uuid": "e786a4c6-18f1-4678-8d8c-39c3a745011b", "user": 3, "revision": 104, "content_changed": true, "deleted": false, "page": 12}}, {"model": "wagtailcore.pagelogentry", "pk": 367, "fields": {"content_type": 30, "label": "The Passion Of Christ", "action": "wagtail.edit", "data": {}, "timestamp": "2026-06-10T14:01:14.128Z", "uuid": "c5d8b9b1-b86d-43be-83d2-75b1b254147d", "user": 1, "revision": 105, "content_changed": true, "deleted": false, "page": 15}}, {"model": "wagtailcore.pagelogentry", "pk": 368, "fields": {"content_type": 30, "label": "The Passion Of Christ", "action": "wagtail.edit", "data": {}, "timestamp": "2026-06-10T14:02:35.214Z", "uuid": "fc7270b5-1bdb-4167-9c54-a5f8a50c5120", "user": 1, "revision": 105, "content_changed": true, "deleted": false, "page": 15}}, {"model": "wagtailcore.pagelogentry", "pk": 369, "fields": {"content_type": 30, "label": "The Passion Of Christ", "action": "wagtail.edit", "data": {}, "timestamp": "2026-06-10T14:02:48.210Z", "uuid": "fcb7024a-9281-47c9-9041-6f3917a1ad51", "user": 1, "revision": 106, "content_changed": true, "deleted": false, "page": 15}}, {"model": "wagtailcore.pagelogentry", "pk": 370, "fields": {"content_type": 30, "label": "The Passion Of Christ", "action": "wagtail.edit", "data": {}, "timestamp": "2026-06-10T14:02:57.439Z", "uuid": "d544c23a-bb52-4bc6-906a-a6f94d02cbc5", "user": 1, "revision": 107, "content_changed": true, "deleted": false, "page": 15}}, {"model": "wagtailcore.pagelogentry", "pk": 371, "fields": {"content_type": 30, "label": "The Passion Of Christ", "action": "wagtail.edit", "data": {}, "timestamp": "2026-06-10T14:08:59.108Z", "uuid": "04e17d1e-2089-4455-ba2f-74e4fb35cd0b", "user": 1, "revision": 108, "content_changed": true, "deleted": false, "page": 15}}, {"model": "wagtailcore.pagelogentry", "pk": 372, "fields": {"content_type": 30, "label": "The Passion Of Christ", "action": "wagtail.edit", "data": {}, "timestamp": "2026-06-10T14:09:46.175Z", "uuid": "5714e061-e1fd-44e7-a16c-cf90257be240", "user": 1, "revision": 109, "content_changed": true, "deleted": false, "page": 15}}, {"model": "wagtailcore.pagelogentry", "pk": 373, "fields": {"content_type": 30, "label": "The Passion Of Christ", "action": "wagtail.edit", "data": {}, "timestamp": "2026-06-10T14:09:49.677Z", "uuid": "f6ef0033-527c-41b8-b7e7-05b8232fbfc6", "user": 1, "revision": 109, "content_changed": true, "deleted": false, "page": 15}}, {"model": "wagtailcore.pagelogentry", "pk": 374, "fields": {"content_type": 30, "label": "The Passion Of Christ", "action": "wagtail.edit", "data": {}, "timestamp": "2026-06-10T14:09:54.663Z", "uuid": "4beb7f6e-1ae1-4663-b20d-6ee823e76236", "user": 1, "revision": 109, "content_changed": true, "deleted": false, "page": 15}}, {"model": "wagtailcore.pagelogentry", "pk": 375, "fields": {"content_type": 30, "label": "The Passion Of Christ", "action": "wagtail.edit", "data": {}, "timestamp": "2026-06-10T14:09:56.742Z", "uuid": "ef373ed6-b749-49c7-bbb5-6d1fb581e318", "user": 1, "revision": 110, "content_changed": true, "deleted": false, "page": 15}}, {"model": "wagtailcore.pagelogentry", "pk": 376, "fields": {"content_type": 47, "label": "Cine Club", "action": "wagtail.publish", "data": {}, "timestamp": "2026-06-10T14:10:06.061Z", "uuid": "95e8fa55-0724-46f6-8782-b8ae015b7210", "user": 1, "revision": 95, "content_changed": true, "deleted": false, "page": 7}}, {"model": "wagtailcore.pagelogentry", "pk": 377, "fields": {"content_type": 47, "label": "Quiz Club", "action": "wagtail.publish", "data": {}, "timestamp": "2026-06-10T14:10:06.156Z", "uuid": "95e8fa55-0724-46f6-8782-b8ae015b7210", "user": 1, "revision": 101, "content_changed": true, "deleted": false, "page": 8}}, {"model": "wagtailcore.pagelogentry", "pk": 378, "fields": {"content_type": 47, "label": "Reading Club", "action": "wagtail.publish", "data": {}, "timestamp": "2026-06-10T14:10:06.229Z", "uuid": "95e8fa55-0724-46f6-8782-b8ae015b7210", "user": 1, "revision": 79, "content_changed": true, "deleted": false, "page": 10}}, {"model": "wagtailcore.pagelogentry", "pk": 379, "fields": {"content_type": 47, "label": "Debate Club", "action": "wagtail.publish", "data": {}, "timestamp": "2026-06-10T14:10:06.315Z", "uuid": "95e8fa55-0724-46f6-8782-b8ae015b7210", "user": 1, "revision": 90, "content_changed": true, "deleted": false, "page": 11}}, {"model": "wagtailcore.pagelogentry", "pk": 380, "fields": {"content_type": 47, "label": "Beautification Club", "action": "wagtail.publish", "data": {}, "timestamp": "2026-06-10T14:10:06.376Z", "uuid": "95e8fa55-0724-46f6-8782-b8ae015b7210", "user": 1, "revision": 104, "content_changed": true, "deleted": false, "page": 12}}, {"model": "wagtailcore.pagelogentry", "pk": 381, "fields": {"content_type": 30, "label": "The Passion Of Christ", "action": "wagtail.edit", "data": {}, "timestamp": "2026-06-10T14:10:38.742Z", "uuid": "da44399d-05d3-474e-87bd-0e541c04bf23", "user": 1, "revision": 111, "content_changed": true, "deleted": false, "page": 15}}, {"model": "wagtailcore.pagelogentry", "pk": 382, "fields": {"content_type": 30, "label": "The Passion Of Christ", "action": "wagtail.edit", "data": {}, "timestamp": "2026-06-10T14:11:10.840Z", "uuid": "a263eada-e5fc-4894-b317-99fc3b5f56e7", "user": 1, "revision": 112, "content_changed": true, "deleted": false, "page": 15}}, {"model": "wagtailcore.pagelogentry", "pk": 383, "fields": {"content_type": 47, "label": "Cine Club", "action": "wagtail.publish", "data": {}, "timestamp": "2026-06-10T14:12:30.047Z", "uuid": "5303f2a4-53c3-494c-bed2-4e6e658c4e55", "user": 1, "revision": 95, "content_changed": true, "deleted": false, "page": 7}}, {"model": "wagtailcore.pagelogentry", "pk": 384, "fields": {"content_type": 30, "label": "The Passion Of Christ", "action": "wagtail.publish", "data": {}, "timestamp": "2026-06-10T14:12:57.957Z", "uuid": "d6321f8f-4118-45c0-9487-5dd7e9b43a39", "user": 1, "revision": 112, "content_changed": true, "deleted": false, "page": 15}}, {"model": "wagtailcore.pagelogentry", "pk": 385, "fields": {"content_type": 30, "label": "Wall Magazine", "action": "wagtail.edit", "data": {}, "timestamp": "2026-06-10T14:14:21.011Z", "uuid": "b3106e6d-20aa-4226-8d9d-650e6d4009bc", "user": 3, "revision": 113, "content_changed": true, "deleted": false, "page": 16}}, {"model": "wagtailcore.pagelogentry", "pk": 386, "fields": {"content_type": 30, "label": "The Passion Of Christ", "action": "wagtail.edit", "data": {}, "timestamp": "2026-06-10T14:14:30.251Z", "uuid": "73e1b960-2583-4aba-bf79-978a7ae1b844", "user": 1, "revision": 114, "content_changed": true, "deleted": false, "page": 15}}, {"model": "wagtailcore.pagelogentry", "pk": 387, "fields": {"content_type": 30, "label": "The Passion Of Christ", "action": "wagtail.edit", "data": {}, "timestamp": "2026-06-10T14:15:01.352Z", "uuid": "dfbd5948-97e9-4b2c-9bff-0e08c454edc6", "user": 1, "revision": 115, "content_changed": true, "deleted": false, "page": 15}}, {"model": "wagtailcore.pagelogentry", "pk": 388, "fields": {"content_type": 30, "label": "The Passion Of Christ", "action": "wagtail.edit", "data": {}, "timestamp": "2026-06-10T14:15:14.169Z", "uuid": "44471841-215f-4c0a-a2bf-7b2d6bdbd9be", "user": 1, "revision": 116, "content_changed": true, "deleted": false, "page": 15}}, {"model": "wagtailcore.pagelogentry", "pk": 389, "fields": {"content_type": 30, "label": "The Passion Of Christ", "action": "wagtail.publish", "data": {}, "timestamp": "2026-06-10T14:15:21.933Z", "uuid": "eb46d00f-35eb-4080-92e5-9e99f786e331", "user": 1, "revision": 116, "content_changed": true, "deleted": false, "page": 15}}, {"model": "wagtailcore.pagelogentry", "pk": 390, "fields": {"content_type": 30, "label": "The Passion Of Christ", "action": "wagtail.edit", "data": {}, "timestamp": "2026-06-10T14:19:07.179Z", "uuid": "a02c5f9b-4349-443f-81d1-8e68d0bc9559", "user": 1, "revision": 117, "content_changed": true, "deleted": false, "page": 15}}, {"model": "wagtailcore.pagelogentry", "pk": 391, "fields": {"content_type": 30, "label": "The Passion Of Christ", "action": "wagtail.edit", "data": {}, "timestamp": "2026-06-10T14:19:08.589Z", "uuid": "c14bb7d7-4f05-4bcb-be35-346718d6ddf4", "user": 1, "revision": 118, "content_changed": true, "deleted": false, "page": 15}}, {"model": "wagtailcore.pagelogentry", "pk": 392, "fields": {"content_type": 5, "label": "The English Hub", "action": "wagtail.edit", "data": {}, "timestamp": "2026-06-10T14:25:26.508Z", "uuid": "d154eed9-e57f-400d-890b-8625a1b55dae", "user": 1, "revision": 119, "content_changed": true, "deleted": false, "page": 3}}, {"model": "wagtailcore.pagelogentry", "pk": 393, "fields": {"content_type": 5, "label": "The English Hub", "action": "wagtail.edit", "data": {}, "timestamp": "2026-06-10T14:25:51.326Z", "uuid": "9b6e3bf4-72eb-4b1b-b9ea-7454b668b08d", "user": 1, "revision": 120, "content_changed": true, "deleted": false, "page": 3}}, {"model": "wagtailcore.pagelogentry", "pk": 394, "fields": {"content_type": 5, "label": "The English Hub", "action": "wagtail.edit", "data": {}, "timestamp": "2026-06-10T14:30:31.461Z", "uuid": "d25f67a3-de57-4033-a0bc-cd52068de80a", "user": 1, "revision": 121, "content_changed": true, "deleted": false, "page": 3}}, {"model": "wagtailcore.pagelogentry", "pk": 395, "fields": {"content_type": 5, "label": "The English Hub", "action": "wagtail.edit", "data": {}, "timestamp": "2026-06-10T14:30:43.481Z", "uuid": "8f82e650-d4f8-4075-b376-7b416b505865", "user": 1, "revision": 122, "content_changed": true, "deleted": false, "page": 3}}, {"model": "wagtailcore.pagelogentry", "pk": 396, "fields": {"content_type": 5, "label": "The English Hub", "action": "wagtail.edit", "data": {}, "timestamp": "2026-06-10T14:30:47.501Z", "uuid": "6698ab1c-1517-4bfe-8550-a8f055819736", "user": 1, "revision": 122, "content_changed": true, "deleted": false, "page": 3}}, {"model": "wagtailcore.pagelogentry", "pk": 397, "fields": {"content_type": 5, "label": "The English Hub", "action": "wagtail.edit", "data": {}, "timestamp": "2026-06-10T14:30:49.509Z", "uuid": "04ebd630-3fcd-4e24-8fc3-895543c1cf70", "user": 1, "revision": 122, "content_changed": true, "deleted": false, "page": 3}}, {"model": "wagtailcore.pagelogentry", "pk": 398, "fields": {"content_type": 30, "label": "The Passion Of Christ", "action": "wagtail.edit", "data": {}, "timestamp": "2026-06-10T14:30:54.478Z", "uuid": "e4ba85aa-f4f7-4cd7-9b54-5ab100dc94cf", "user": 3, "revision": 123, "content_changed": true, "deleted": false, "page": 15}}, {"model": "wagtailcore.pagelogentry", "pk": 399, "fields": {"content_type": 5, "label": "The English Hub", "action": "wagtail.edit", "data": {}, "timestamp": "2026-06-10T14:31:16.287Z", "uuid": "49f96a0d-d4e3-4905-a68b-0f0bc562f29c", "user": 1, "revision": 124, "content_changed": true, "deleted": false, "page": 3}}, {"model": "wagtailcore.pagelogentry", "pk": 400, "fields": {"content_type": 5, "label": "The English Hub", "action": "wagtail.edit", "data": {}, "timestamp": "2026-06-10T14:31:22.699Z", "uuid": "f61ff4a4-9948-4317-9e51-5111abc9b1a0", "user": 1, "revision": 125, "content_changed": true, "deleted": false, "page": 3}}, {"model": "wagtailcore.pagelogentry", "pk": 401, "fields": {"content_type": 5, "label": "The English Hub", "action": "wagtail.edit", "data": {}, "timestamp": "2026-06-10T14:32:11.031Z", "uuid": "30b31584-5432-4fd4-b655-51c23e6d068a", "user": 1, "revision": 126, "content_changed": true, "deleted": false, "page": 3}}, {"model": "wagtailcore.pagelogentry", "pk": 402, "fields": {"content_type": 5, "label": "The English Hub", "action": "wagtail.edit", "data": {}, "timestamp": "2026-06-10T14:32:11.730Z", "uuid": "a8cbf924-8b75-4fb2-b60d-1d76af7b6e10", "user": 1, "revision": 127, "content_changed": true, "deleted": false, "page": 3}}, {"model": "wagtailcore.pagelogentry", "pk": 403, "fields": {"content_type": 5, "label": "The English Hub", "action": "wagtail.edit", "data": {}, "timestamp": "2026-06-10T14:32:30.515Z", "uuid": "8142de9b-5020-49bd-af2f-35f8d435fcf6", "user": 1, "revision": 128, "content_changed": true, "deleted": false, "page": 3}}, {"model": "wagtailcore.pagelogentry", "pk": 404, "fields": {"content_type": 5, "label": "The English Hub", "action": "wagtail.edit", "data": {}, "timestamp": "2026-06-10T14:32:30.983Z", "uuid": "468f4387-2fba-4ca4-9241-8cd477fc7a4b", "user": 1, "revision": 129, "content_changed": true, "deleted": false, "page": 3}}, {"model": "wagtailcore.pagelogentry", "pk": 405, "fields": {"content_type": 5, "label": "The English Hub", "action": "wagtail.edit", "data": {}, "timestamp": "2026-06-10T14:32:42.738Z", "uuid": "09ddb39c-1c2f-435b-9e4d-bfbd7b7a1b4f", "user": 1, "revision": 130, "content_changed": true, "deleted": false, "page": 3}}, {"model": "wagtailcore.pagelogentry", "pk": 406, "fields": {"content_type": 5, "label": "The English Hub", "action": "wagtail.edit", "data": {}, "timestamp": "2026-06-10T14:32:43.606Z", "uuid": "5b34787e-610b-42c7-878b-c40febb1c9e8", "user": 1, "revision": 131, "content_changed": true, "deleted": false, "page": 3}}, {"model": "wagtailcore.pagelogentry", "pk": 407, "fields": {"content_type": 5, "label": "The English Hub", "action": "wagtail.edit", "data": {}, "timestamp": "2026-06-10T14:33:35.099Z", "uuid": "05ae3790-e5c1-4f75-b954-844313eed70c", "user": 1, "revision": 132, "content_changed": true, "deleted": false, "page": 3}}, {"model": "wagtailcore.pagelogentry", "pk": 408, "fields": {"content_type": 5, "label": "The English Hub", "action": "wagtail.edit", "data": {}, "timestamp": "2026-06-10T14:33:40.854Z", "uuid": "e1311c73-ebd8-46a4-897c-d0582cfe29e4", "user": 1, "revision": 133, "content_changed": true, "deleted": false, "page": 3}}, {"model": "wagtailcore.pagelogentry", "pk": 409, "fields": {"content_type": 5, "label": "The English Hub", "action": "wagtail.rename", "data": {"title": {"old": "Home", "new": "The English Hub"}}, "timestamp": "2026-06-10T14:34:00.292Z", "uuid": "6aac147e-b7eb-44d7-ae3e-9bf459a1db8d", "user": 1, "revision": 133, "content_changed": false, "deleted": false, "page": 3}}, {"model": "wagtailcore.pagelogentry", "pk": 410, "fields": {"content_type": 5, "label": "The English Hub", "action": "wagtail.publish", "data": {"title": {"old": "Home", "new": "The English Hub"}}, "timestamp": "2026-06-10T14:34:00.298Z", "uuid": "6aac147e-b7eb-44d7-ae3e-9bf459a1db8d", "user": 1, "revision": 133, "content_changed": true, "deleted": false, "page": 3}}, {"model": "wagtailcore.pagelogentry", "pk": 411, "fields": {"content_type": 30, "label": "The Passion Of Christ", "action": "wagtail.edit", "data": {}, "timestamp": "2026-06-10T14:34:59.019Z", "uuid": "c75bcf6c-9776-49c5-bb41-c3b48cdf4300", "user": 3, "revision": 123, "content_changed": true, "deleted": false, "page": 15}}, {"model": "wagtailcore.pagelogentry", "pk": 412, "fields": {"content_type": 30, "label": "The Passion Of Christ", "action": "wagtail.edit", "data": {}, "timestamp": "2026-06-10T14:34:59.687Z", "uuid": "0d2a9961-0088-4571-9d7d-d5ed53c3fc89", "user": 3, "revision": 134, "content_changed": true, "deleted": false, "page": 15}}, {"model": "wagtailcore.pagelogentry", "pk": 413, "fields": {"content_type": 47, "label": "Beautification Club", "action": "wagtail.edit", "data": {}, "timestamp": "2026-06-10T14:36:11.013Z", "uuid": "fcb7aa1c-d1dc-47e2-9376-fef3a7157034", "user": 1, "revision": 135, "content_changed": true, "deleted": false, "page": 12}}, {"model": "wagtailcore.pagelogentry", "pk": 414, "fields": {"content_type": 47, "label": "Beautification Club", "action": "wagtail.edit", "data": {}, "timestamp": "2026-06-10T14:36:18.042Z", "uuid": "be38e225-8b84-441b-afab-bea1463979ac", "user": 1, "revision": 135, "content_changed": true, "deleted": false, "page": 12}}, {"model": "wagtailcore.pagelogentry", "pk": 415, "fields": {"content_type": 47, "label": "Beautification Club", "action": "wagtail.edit", "data": {}, "timestamp": "2026-06-10T14:36:21.573Z", "uuid": "b77acf1b-8e74-4716-ab77-ea364d9fdbe8", "user": 1, "revision": 135, "content_changed": true, "deleted": false, "page": 12}}, {"model": "wagtailcore.pagelogentry", "pk": 416, "fields": {"content_type": 47, "label": "Beautification Club", "action": "wagtail.edit", "data": {}, "timestamp": "2026-06-10T14:36:25.034Z", "uuid": "85cc2052-562e-44fb-889b-d2aeba93a5fa", "user": 1, "revision": 135, "content_changed": true, "deleted": false, "page": 12}}, {"model": "wagtailcore.pagelogentry", "pk": 417, "fields": {"content_type": 47, "label": "Beautification Club", "action": "wagtail.edit", "data": {}, "timestamp": "2026-06-10T14:36:30.666Z", "uuid": "b934f90f-71e4-4175-b891-fe9c61cc1e69", "user": 1, "revision": 136, "content_changed": true, "deleted": false, "page": 12}}, {"model": "wagtailcore.pagelogentry", "pk": 418, "fields": {"content_type": 47, "label": "Beautification Club", "action": "wagtail.publish", "data": {}, "timestamp": "2026-06-10T14:36:41.919Z", "uuid": "e29b9196-1dd8-4a08-8387-edad94c54a2f", "user": 1, "revision": 136, "content_changed": true, "deleted": false, "page": 12}}, {"model": "wagtailcore.pagelogentry", "pk": 419, "fields": {"content_type": 30, "label": "The Passion Of Christ", "action": "wagtail.edit", "data": {}, "timestamp": "2026-06-10T14:40:55.025Z", "uuid": "ff356de0-74c4-4a14-90d2-bdfcbfb242b8", "user": 3, "revision": 137, "content_changed": true, "deleted": false, "page": 15}}, {"model": "wagtailcore.pagelogentry", "pk": 420, "fields": {"content_type": 30, "label": "The Passion Of Christ", "action": "wagtail.edit", "data": {}, "timestamp": "2026-06-10T14:41:09.063Z", "uuid": "112a13d7-ff7d-4d48-8342-2eb1c3d2b7f3", "user": 3, "revision": 137, "content_changed": true, "deleted": false, "page": 15}}, {"model": "wagtailcore.pagelogentry", "pk": 421, "fields": {"content_type": 30, "label": "The Passion Of Christ", "action": "wagtail.edit", "data": {}, "timestamp": "2026-06-10T14:44:57.007Z", "uuid": "736ad898-574d-4f6e-a58e-661b90e03387", "user": 3, "revision": 137, "content_changed": true, "deleted": false, "page": 15}}, {"model": "wagtailcore.pagelogentry", "pk": 422, "fields": {"content_type": 30, "label": "The Passion Of Christ", "action": "wagtail.edit", "data": {}, "timestamp": "2026-06-10T14:45:03.943Z", "uuid": "4f02dfa3-9a48-4e40-8bb8-1ee5c4a38588", "user": 3, "revision": 138, "content_changed": true, "deleted": false, "page": 15}}, {"model": "wagtailcore.pagelogentry", "pk": 423, "fields": {"content_type": 30, "label": "Wall Magazine", "action": "wagtail.edit", "data": {}, "timestamp": "2026-06-10T15:14:57.964Z", "uuid": "f164ee75-f49a-49e8-a6ca-d03fc7e40c38", "user": 3, "revision": 139, "content_changed": true, "deleted": false, "page": 16}}, {"model": "wagtailcore.pagesubscription", "pk": 1, "fields": {"user": 1, "page": 4, "comment_notifications": true}}, {"model": "wagtailcore.pagesubscription", "pk": 4, "fields": {"user": 1, "page": 7, "comment_notifications": true}}, {"model": "wagtailcore.pagesubscription", "pk": 5, "fields": {"user": 1, "page": 8, "comment_notifications": true}}, {"model": "wagtailcore.pagesubscription", "pk": 7, "fields": {"user": 1, "page": 10, "comment_notifications": true}}, {"model": "wagtailcore.pagesubscription", "pk": 8, "fields": {"user": 1, "page": 11, "comment_notifications": true}}, {"model": "wagtailcore.pagesubscription", "pk": 9, "fields": {"user": 1, "page": 12, "comment_notifications": true}}, {"model": "wagtailcore.pagesubscription", "pk": 10, "fields": {"user": 1, "page": 13, "comment_notifications": true}}, {"model": "wagtailcore.pagesubscription", "pk": 11, "fields": {"user": 1, "page": 14, "comment_notifications": true}}, {"model": "wagtailcore.pagesubscription", "pk": 12, "fields": {"user": 1, "page": 15, "comment_notifications": true}}, {"model": "wagtailcore.pagesubscription", "pk": 13, "fields": {"user": 1, "page": 16, "comment_notifications": true}}, {"model": "wagtailcore.pagesubscription", "pk": 15, "fields": {"user": 3, "page": 7, "comment_notifications": false}}, {"model": "wagtailcore.pagesubscription", "pk": 16, "fields": {"user": 1, "page": 3, "comment_notifications": false}}, {"model": "wagtailcore.pagesubscription", "pk": 17, "fields": {"user": 3, "page": 12, "comment_notifications": false}}, {"model": "wagtailcore.pagesubscription", "pk": 18, "fields": {"user": 3, "page": 16, "comment_notifications": false}}, {"model": "wagtailcore.pagesubscription", "pk": 19, "fields": {"user": 3, "page": 15, "comment_notifications": false}}, {"model": "wagtailcore.referenceindex", "pk": 1, "fields": {"content_type": 2, "base_content_type": 2, "object_id": "1", "to_content_type": 6, "to_object_id": "1", "model_path": "collection", "content_path": "collection", "content_path_hash": "b40b1263-e929-57f2-a7f8-9dbce56b887b"}}, {"model": "wagtailcore.referenceindex", "pk": 3, "fields": {"content_type": 2, "base_content_type": 2, "object_id": "2", "to_content_type": 6, "to_object_id": "1", "model_path": "collection", "content_path": "collection", "content_path_hash": "b40b1263-e929-57f2-a7f8-9dbce56b887b"}}, {"model": "wagtailcore.referenceindex", "pk": 7, "fields": {"content_type": 30, "base_content_type": 1, "object_id": "4", "to_content_type": 2, "to_object_id": "1", "model_path": "body.image", "content_path": "body.a271eec4-4f5e-4e84-b815-edb09cb3ef18", "content_path_hash": "c2e58573-0620-5ee1-a14a-388d82beedf0"}}, {"model": "wagtailcore.referenceindex", "pk": 8, "fields": {"content_type": 30, "base_content_type": 1, "object_id": "4", "to_content_type": 2, "to_object_id": "2", "model_path": "main_image", "content_path": "main_image", "content_path_hash": "26acd04b-40fa-579f-9bd6-d981790f6ce9"}}, {"model": "wagtailcore.referenceindex", "pk": 10, "fields": {"content_type": 2, "base_content_type": 2, "object_id": "3", "to_content_type": 6, "to_object_id": "1", "model_path": "collection", "content_path": "collection", "content_path_hash": "b40b1263-e929-57f2-a7f8-9dbce56b887b"}}, {"model": "wagtailcore.referenceindex", "pk": 12, "fields": {"content_type": 2, "base_content_type": 2, "object_id": "4", "to_content_type": 6, "to_object_id": "1", "model_path": "collection", "content_path": "collection", "content_path_hash": "b40b1263-e929-57f2-a7f8-9dbce56b887b"}}, {"model": "wagtailcore.referenceindex", "pk": 13, "fields": {"content_type": 2, "base_content_type": 2, "object_id": "5", "to_content_type": 6, "to_object_id": "1", "model_path": "collection", "content_path": "collection", "content_path_hash": "b40b1263-e929-57f2-a7f8-9dbce56b887b"}}, {"model": "wagtailcore.referenceindex", "pk": 14, "fields": {"content_type": 2, "base_content_type": 2, "object_id": "6", "to_content_type": 6, "to_object_id": "1", "model_path": "collection", "content_path": "collection", "content_path_hash": "b40b1263-e929-57f2-a7f8-9dbce56b887b"}}, {"model": "wagtailcore.referenceindex", "pk": 15, "fields": {"content_type": 30, "base_content_type": 1, "object_id": "14", "to_content_type": 2, "to_object_id": "6", "model_path": "main_image", "content_path": "main_image", "content_path_hash": "26acd04b-40fa-579f-9bd6-d981790f6ce9"}}, {"model": "wagtailcore.referenceindex", "pk": 16, "fields": {"content_type": 30, "base_content_type": 1, "object_id": "15", "to_content_type": 2, "to_object_id": "5", "model_path": "main_image", "content_path": "main_image", "content_path_hash": "26acd04b-40fa-579f-9bd6-d981790f6ce9"}}, {"model": "wagtailcore.referenceindex", "pk": 18, "fields": {"content_type": 2, "base_content_type": 2, "object_id": "7", "to_content_type": 6, "to_object_id": "1", "model_path": "collection", "content_path": "collection", "content_path_hash": "b40b1263-e929-57f2-a7f8-9dbce56b887b"}}, {"model": "wagtailcore.referenceindex", "pk": 19, "fields": {"content_type": 30, "base_content_type": 1, "object_id": "13", "to_content_type": 2, "to_object_id": "3", "model_path": "body.image", "content_path": "body.46d98c83-c04e-41f8-b7df-892132076f6e", "content_path_hash": "1e199d7b-ce8c-56a1-a302-1785fa680aed"}}, {"model": "wagtailcore.referenceindex", "pk": 20, "fields": {"content_type": 30, "base_content_type": 1, "object_id": "13", "to_content_type": 2, "to_object_id": "7", "model_path": "main_image", "content_path": "main_image", "content_path_hash": "26acd04b-40fa-579f-9bd6-d981790f6ce9"}}, {"model": "wagtailcore.referenceindex", "pk": 21, "fields": {"content_type": 47, "base_content_type": 1, "object_id": "10", "to_content_type": 2, "to_object_id": "2", "model_path": "club_image", "content_path": "club_image", "content_path_hash": "98bcf7b7-4b35-5d12-b8a3-28c52273bdfc"}}, {"model": "wagtailcore.referenceindex", "pk": 22, "fields": {"content_type": 2, "base_content_type": 2, "object_id": "8", "to_content_type": 6, "to_object_id": "1", "model_path": "collection", "content_path": "collection", "content_path_hash": "b40b1263-e929-57f2-a7f8-9dbce56b887b"}}, {"model": "wagtailcore.referenceindex", "pk": 23, "fields": {"content_type": 30, "base_content_type": 1, "object_id": "16", "to_content_type": 2, "to_object_id": "8", "model_path": "main_image", "content_path": "main_image", "content_path_hash": "26acd04b-40fa-579f-9bd6-d981790f6ce9"}}, {"model": "wagtailcore.referenceindex", "pk": 24, "fields": {"content_type": 47, "base_content_type": 1, "object_id": "12", "to_content_type": 2, "to_object_id": "8", "model_path": "club_image", "content_path": "club_image", "content_path_hash": "98bcf7b7-4b35-5d12-b8a3-28c52273bdfc"}}, {"model": "wagtailcore.referenceindex", "pk": 25, "fields": {"content_type": 47, "base_content_type": 1, "object_id": "11", "to_content_type": 2, "to_object_id": "3", "model_path": "club_image", "content_path": "club_image", "content_path_hash": "98bcf7b7-4b35-5d12-b8a3-28c52273bdfc"}}, {"model": "wagtailcore.referenceindex", "pk": 26, "fields": {"content_type": 47, "base_content_type": 1, "object_id": "7", "to_content_type": 2, "to_object_id": "2", "model_path": "club_image", "content_path": "club_image", "content_path_hash": "98bcf7b7-4b35-5d12-b8a3-28c52273bdfc"}}, {"model": "wagtailcore.referenceindex", "pk": 27, "fields": {"content_type": 2, "base_content_type": 2, "object_id": "9", "to_content_type": 6, "to_object_id": "1", "model_path": "collection", "content_path": "collection", "content_path_hash": "b40b1263-e929-57f2-a7f8-9dbce56b887b"}}, {"model": "wagtailcore.referenceindex", "pk": 28, "fields": {"content_type": 2, "base_content_type": 2, "object_id": "10", "to_content_type": 6, "to_object_id": "1", "model_path": "collection", "content_path": "collection", "content_path_hash": "b40b1263-e929-57f2-a7f8-9dbce56b887b"}}, {"model": "wagtailcore.referenceindex", "pk": 29, "fields": {"content_type": 2, "base_content_type": 2, "object_id": "11", "to_content_type": 6, "to_object_id": "1", "model_path": "collection", "content_path": "collection", "content_path_hash": "b40b1263-e929-57f2-a7f8-9dbce56b887b"}}, {"model": "wagtailcore.referenceindex", "pk": 30, "fields": {"content_type": 2, "base_content_type": 2, "object_id": "12", "to_content_type": 6, "to_object_id": "1", "model_path": "collection", "content_path": "collection", "content_path_hash": "b40b1263-e929-57f2-a7f8-9dbce56b887b"}}, {"model": "taggit.tag", "pk": 1, "fields": {"name": "Academic", "slug": "academic"}}, {"model": "taggit.tag", "pk": 2, "fields": {"name": "Appreciation", "slug": "appreciation"}}, {"model": "taggit.tag", "pk": 3, "fields": {"name": "Articles", "slug": "articles"}}, {"model": "taggit.tag", "pk": 4, "fields": {"name": "Arts", "slug": "arts"}}, {"model": "taggit.tag", "pk": 5, "fields": {"name": "Bengali Cinema", "slug": "bengali-cinema"}}, {"model": "taggit.tag", "pk": 6, "fields": {"name": "College", "slug": "college"}}, {"model": "taggit.tag", "pk": 7, "fields": {"name": "Creative", "slug": "creative"}}, {"model": "taggit.tag", "pk": 8, "fields": {"name": "Creativity", "slug": "creativity"}}, {"model": "taggit.tag", "pk": 9, "fields": {"name": "Critical", "slug": "critical"}}, {"model": "taggit.tag", "pk": 10, "fields": {"name": "Cultural", "slug": "cultural"}}, {"model": "taggit.tag", "pk": 11, "fields": {"name": "Culture", "slug": "culture"}}, {"model": "taggit.tag", "pk": 12, "fields": {"name": "Dead Poets Society", "slug": "dead-poets-society"}}, {"model": "taggit.tag", "pk": 13, "fields": {"name": "Display", "slug": "display"}}, {"model": "taggit.tag", "pk": 14, "fields": {"name": "Education", "slug": "education"}}, {"model": "taggit.tag", "pk": 15, "fields": {"name": "English", "slug": "english"}}, {"model": "taggit.tag", "pk": 16, "fields": {"name": "Exploration", "slug": "exploration"}}, {"model": "taggit.tag", "pk": 17, "fields": {"name": "Expression", "slug": "expression"}}, {"model": "taggit.tag", "pk": 18, "fields": {"name": "Gender Fluidity", "slug": "gender-fluidity"}}, {"model": "taggit.tag", "pk": 19, "fields": {"name": "Gothic Literature", "slug": "gothic-literature"}}, {"model": "taggit.tag", "pk": 20, "fields": {"name": "Handwritten Letters", "slug": "handwritten-letters"}}, {"model": "taggit.tag", "pk": 21, "fields": {"name": "Humanities", "slug": "humanities"}}, {"model": "taggit.tag", "pk": 22, "fields": {"name": "Jane Austen", "slug": "jane-austen"}}, {"model": "taggit.tag", "pk": 23, "fields": {"name": "Knowledge", "slug": "knowledge"}}, {"model": "taggit.tag", "pk": 24, "fields": {"name": "Language", "slug": "language"}}, {"model": "taggit.tag", "pk": 25, "fields": {"name": "Literary", "slug": "literary"}}, {"model": "taggit.tag", "pk": 26, "fields": {"name": "Literature", "slug": "literature"}}, {"model": "taggit.tag", "pk": 27, "fields": {"name": "Magazine", "slug": "magazine"}}, {"model": "taggit.tag", "pk": 28, "fields": {"name": "Movie Review", "slug": "movie-review"}}, {"model": "taggit.tag", "pk": 29, "fields": {"name": "Reading", "slug": "reading"}}, {"model": "taggit.tag", "pk": 30, "fields": {"name": "Robert Frost", "slug": "robert-frost"}}, {"model": "taggit.tag", "pk": 31, "fields": {"name": "Role of Teachers", "slug": "role-of-teachers"}}, {"model": "taggit.tag", "pk": 32, "fields": {"name": "Shakespearean Drama", "slug": "shakespearean-drama"}}, {"model": "taggit.tag", "pk": 33, "fields": {"name": "Sharing", "slug": "sharing"}}, {"model": "taggit.tag", "pk": 34, "fields": {"name": "Student", "slug": "student"}}, {"model": "taggit.tag", "pk": 35, "fields": {"name": "Studies", "slug": "studies"}}, {"model": "taggit.tag", "pk": 36, "fields": {"name": "Themes", "slug": "themes"}}, {"model": "taggit.tag", "pk": 37, "fields": {"name": "Thinking", "slug": "thinking"}}, {"model": "taggit.tag", "pk": 38, "fields": {"name": "Wall Magazine", "slug": "wall-magazine"}}, {"model": "taggit.tag", "pk": 39, "fields": {"name": "Writing", "slug": "writing"}}, {"model": "taggit.tag", "pk": 40, "fields": {"name": "and", "slug": "and"}}, {"model": "taggit.taggeditem", "pk": 1, "fields": {"tag": 1, "content_type": 2, "object_id": 9}}, {"model": "taggit.taggeditem", "pk": 2, "fields": {"tag": 2, "content_type": 2, "object_id": 9}}, {"model": "taggit.taggeditem", "pk": 3, "fields": {"tag": 3, "content_type": 2, "object_id": 9}}, {"model": "taggit.taggeditem", "pk": 4, "fields": {"tag": 4, "content_type": 2, "object_id": 9}}, {"model": "taggit.taggeditem", "pk": 5, "fields": {"tag": 5, "content_type": 2, "object_id": 9}}, {"model": "taggit.taggeditem", "pk": 6, "fields": {"tag": 6, "content_type": 2, "object_id": 9}}, {"model": "taggit.taggeditem", "pk": 7, "fields": {"tag": 7, "content_type": 2, "object_id": 9}}, {"model": "taggit.taggeditem", "pk": 8, "fields": {"tag": 8, "content_type": 2, "object_id": 9}}, {"model": "taggit.taggeditem", "pk": 9, "fields": {"tag": 9, "content_type": 2, "object_id": 9}}, {"model": "taggit.taggeditem", "pk": 10, "fields": {"tag": 10, "content_type": 2, "object_id": 9}}, {"model": "taggit.taggeditem", "pk": 11, "fields": {"tag": 11, "content_type": 2, "object_id": 9}}, {"model": "taggit.taggeditem", "pk": 12, "fields": {"tag": 12, "content_type": 2, "object_id": 9}}, {"model": "taggit.taggeditem", "pk": 13, "fields": {"tag": 13, "content_type": 2, "object_id": 9}}, {"model": "taggit.taggeditem", "pk": 14, "fields": {"tag": 14, "content_type": 2, "object_id": 9}}, {"model": "taggit.taggeditem", "pk": 15, "fields": {"tag": 15, "content_type": 2, "object_id": 9}}, {"model": "taggit.taggeditem", "pk": 16, "fields": {"tag": 16, "content_type": 2, "object_id": 9}}, {"model": "taggit.taggeditem", "pk": 17, "fields": {"tag": 17, "content_type": 2, "object_id": 9}}, {"model": "taggit.taggeditem", "pk": 18, "fields": {"tag": 18, "content_type": 2, "object_id": 9}}, {"model": "taggit.taggeditem", "pk": 19, "fields": {"tag": 19, "content_type": 2, "object_id": 9}}, {"model": "taggit.taggeditem", "pk": 20, "fields": {"tag": 20, "content_type": 2, "object_id": 9}}, {"model": "taggit.taggeditem", "pk": 21, "fields": {"tag": 21, "content_type": 2, "object_id": 9}}, {"model": "taggit.taggeditem", "pk": 22, "fields": {"tag": 22, "content_type": 2, "object_id": 9}}, {"model": "taggit.taggeditem", "pk": 23, "fields": {"tag": 23, "content_type": 2, "object_id": 9}}, {"model": "taggit.taggeditem", "pk": 24, "fields": {"tag": 24, "content_type": 2, "object_id": 9}}, {"model": "taggit.taggeditem", "pk": 25, "fields": {"tag": 25, "content_type": 2, "object_id": 9}}, {"model": "taggit.taggeditem", "pk": 26, "fields": {"tag": 26, "content_type": 2, "object_id": 9}}, {"model": "taggit.taggeditem", "pk": 27, "fields": {"tag": 27, "content_type": 2, "object_id": 9}}, {"model": "taggit.taggeditem", "pk": 28, "fields": {"tag": 28, "content_type": 2, "object_id": 9}}, {"model": "taggit.taggeditem", "pk": 29, "fields": {"tag": 29, "content_type": 2, "object_id": 9}}, {"model": "taggit.taggeditem", "pk": 30, "fields": {"tag": 30, "content_type": 2, "object_id": 9}}, {"model": "taggit.taggeditem", "pk": 31, "fields": {"tag": 31, "content_type": 2, "object_id": 9}}, {"model": "taggit.taggeditem", "pk": 32, "fields": {"tag": 32, "content_type": 2, "object_id": 9}}, {"model": "taggit.taggeditem", "pk": 33, "fields": {"tag": 33, "content_type": 2, "object_id": 9}}, {"model": "taggit.taggeditem", "pk": 34, "fields": {"tag": 34, "content_type": 2, "object_id": 9}}, {"model": "taggit.taggeditem", "pk": 35, "fields": {"tag": 35, "content_type": 2, "object_id": 9}}, {"model": "taggit.taggeditem", "pk": 36, "fields": {"tag": 36, "content_type": 2, "object_id": 9}}, {"model": "taggit.taggeditem", "pk": 37, "fields": {"tag": 37, "content_type": 2, "object_id": 9}}, {"model": "taggit.taggeditem", "pk": 38, "fields": {"tag": 38, "content_type": 2, "object_id": 9}}, {"model": "taggit.taggeditem", "pk": 39, "fields": {"tag": 39, "content_type": 2, "object_id": 9}}, {"model": "taggit.taggeditem", "pk": 40, "fields": {"tag": 40, "content_type": 2, "object_id": 9}}, {"model": "auth.permission", "pk": 1, "fields": {"name": "Can add image", "content_type": 2, "codename": "add_image"}}, {"model": "auth.permission", "pk": 2, "fields": {"name": "Can change image", "content_type": 2, "codename": "change_image"}}, {"model": "auth.permission", "pk": 3, "fields": {"name": "Can delete image", "content_type": 2, "codename": "delete_image"}}, {"model": "auth.permission", "pk": 4, "fields": {"name": "Can access Wagtail admin", "content_type": 3, "codename": "access_admin"}}, {"model": "auth.permission", "pk": 5, "fields": {"name": "Can choose image", "content_type": 2, "codename": "choose_image"}}, {"model": "auth.permission", "pk": 6, "fields": {"name": "Can add locale", "content_type": 13, "codename": "add_locale"}}, {"model": "auth.permission", "pk": 7, "fields": {"name": "Can change locale", "content_type": 13, "codename": "change_locale"}}, {"model": "auth.permission", "pk": 8, "fields": {"name": "Can delete locale", "content_type": 13, "codename": "delete_locale"}}, {"model": "auth.permission", "pk": 9, "fields": {"name": "Can view locale", "content_type": 13, "codename": "view_locale"}}, {"model": "auth.permission", "pk": 10, "fields": {"name": "Can add site", "content_type": 20, "codename": "add_site"}}, {"model": "auth.permission", "pk": 11, "fields": {"name": "Can change site", "content_type": 20, "codename": "change_site"}}, {"model": "auth.permission", "pk": 12, "fields": {"name": "Can delete site", "content_type": 20, "codename": "delete_site"}}, {"model": "auth.permission", "pk": 13, "fields": {"name": "Can view site", "content_type": 20, "codename": "view_site"}}, {"model": "auth.permission", "pk": 14, "fields": {"name": "Can add group site permission", "content_type": 12, "codename": "add_groupsitepermission"}}, {"model": "auth.permission", "pk": 15, "fields": {"name": "Can change group site permission", "content_type": 12, "codename": "change_groupsitepermission"}}, {"model": "auth.permission", "pk": 16, "fields": {"name": "Can delete group site permission", "content_type": 12, "codename": "delete_groupsitepermission"}}, {"model": "auth.permission", "pk": 17, "fields": {"name": "Can view group site permission", "content_type": 12, "codename": "view_groupsitepermission"}}, {"model": "auth.permission", "pk": 18, "fields": {"name": "Can add model log entry", "content_type": 14, "codename": "add_modellogentry"}}, {"model": "auth.permission", "pk": 19, "fields": {"name": "Can change model log entry", "content_type": 14, "codename": "change_modellogentry"}}, {"model": "auth.permission", "pk": 20, "fields": {"name": "Can delete model log entry", "content_type": 14, "codename": "delete_modellogentry"}}, {"model": "auth.permission", "pk": 21, "fields": {"name": "Can view model log entry", "content_type": 14, "codename": "view_modellogentry"}}, {"model": "auth.permission", "pk": 22, "fields": {"name": "Can add revision", "content_type": 19, "codename": "add_revision"}}, {"model": "auth.permission", "pk": 23, "fields": {"name": "Can change revision", "content_type": 19, "codename": "change_revision"}}, {"model": "auth.permission", "pk": 24, "fields": {"name": "Can delete revision", "content_type": 19, "codename": "delete_revision"}}, {"model": "auth.permission", "pk": 25, "fields": {"name": "Can view revision", "content_type": 19, "codename": "view_revision"}}, {"model": "auth.permission", "pk": 26, "fields": {"name": "Can add collection view restriction", "content_type": 7, "codename": "add_collectionviewrestriction"}}, {"model": "auth.permission", "pk": 27, "fields": {"name": "Can change collection view restriction", "content_type": 7, "codename": "change_collectionviewrestriction"}}, {"model": "auth.permission", "pk": 28, "fields": {"name": "Can delete collection view restriction", "content_type": 7, "codename": "delete_collectionviewrestriction"}}, {"model": "auth.permission", "pk": 29, "fields": {"name": "Can view collection view restriction", "content_type": 7, "codename": "view_collectionviewrestriction"}}, {"model": "auth.permission", "pk": 30, "fields": {"name": "Can add collection", "content_type": 6, "codename": "add_collection"}}, {"model": "auth.permission", "pk": 31, "fields": {"name": "Can change collection", "content_type": 6, "codename": "change_collection"}}, {"model": "auth.permission", "pk": 32, "fields": {"name": "Can delete collection", "content_type": 6, "codename": "delete_collection"}}, {"model": "auth.permission", "pk": 33, "fields": {"name": "Can view collection", "content_type": 6, "codename": "view_collection"}}, {"model": "auth.permission", "pk": 34, "fields": {"name": "Can add group collection permission", "content_type": 10, "codename": "add_groupcollectionpermission"}}, {"model": "auth.permission", "pk": 35, "fields": {"name": "Can change group collection permission", "content_type": 10, "codename": "change_groupcollectionpermission"}}, {"model": "auth.permission", "pk": 36, "fields": {"name": "Can delete group collection permission", "content_type": 10, "codename": "delete_groupcollectionpermission"}}, {"model": "auth.permission", "pk": 37, "fields": {"name": "Can view group collection permission", "content_type": 10, "codename": "view_groupcollectionpermission"}}, {"model": "auth.permission", "pk": 38, "fields": {"name": "Can add uploaded file", "content_type": 23, "codename": "add_uploadedfile"}}, {"model": "auth.permission", "pk": 39, "fields": {"name": "Can change uploaded file", "content_type": 23, "codename": "change_uploadedfile"}}, {"model": "auth.permission", "pk": 40, "fields": {"name": "Can delete uploaded file", "content_type": 23, "codename": "delete_uploadedfile"}}, {"model": "auth.permission", "pk": 41, "fields": {"name": "Can view uploaded file", "content_type": 23, "codename": "view_uploadedfile"}}, {"model": "auth.permission", "pk": 42, "fields": {"name": "Can add workflow content type", "content_type": 25, "codename": "add_workflowcontenttype"}}, {"model": "auth.permission", "pk": 43, "fields": {"name": "Can change workflow content type", "content_type": 25, "codename": "change_workflowcontenttype"}}, {"model": "auth.permission", "pk": 44, "fields": {"name": "Can delete workflow content type", "content_type": 25, "codename": "delete_workflowcontenttype"}}, {"model": "auth.permission", "pk": 45, "fields": {"name": "Can view workflow content type", "content_type": 25, "codename": "view_workflowcontenttype"}}, {"model": "auth.permission", "pk": 46, "fields": {"name": "Can add Workflow state", "content_type": 27, "codename": "add_workflowstate"}}, {"model": "auth.permission", "pk": 47, "fields": {"name": "Can change Workflow state", "content_type": 27, "codename": "change_workflowstate"}}, {"model": "auth.permission", "pk": 48, "fields": {"name": "Can delete Workflow state", "content_type": 27, "codename": "delete_workflowstate"}}, {"model": "auth.permission", "pk": 49, "fields": {"name": "Can view Workflow state", "content_type": 27, "codename": "view_workflowstate"}}, {"model": "auth.permission", "pk": 50, "fields": {"name": "Can add workflow", "content_type": 24, "codename": "add_workflow"}}, {"model": "auth.permission", "pk": 51, "fields": {"name": "Can change workflow", "content_type": 24, "codename": "change_workflow"}}, {"model": "auth.permission", "pk": 52, "fields": {"name": "Can delete workflow", "content_type": 24, "codename": "delete_workflow"}}, {"model": "auth.permission", "pk": 53, "fields": {"name": "Can view workflow", "content_type": 24, "codename": "view_workflow"}}, {"model": "auth.permission", "pk": 54, "fields": {"name": "Can add workflow task order", "content_type": 28, "codename": "add_workflowtask"}}, {"model": "auth.permission", "pk": 55, "fields": {"name": "Can change workflow task order", "content_type": 28, "codename": "change_workflowtask"}}, {"model": "auth.permission", "pk": 56, "fields": {"name": "Can delete workflow task order", "content_type": 28, "codename": "delete_workflowtask"}}, {"model": "auth.permission", "pk": 57, "fields": {"name": "Can view workflow task order", "content_type": 28, "codename": "view_workflowtask"}}, {"model": "auth.permission", "pk": 58, "fields": {"name": "Can add task", "content_type": 21, "codename": "add_task"}}, {"model": "auth.permission", "pk": 59, "fields": {"name": "Can change task", "content_type": 21, "codename": "change_task"}}, {"model": "auth.permission", "pk": 60, "fields": {"name": "Can delete task", "content_type": 21, "codename": "delete_task"}}, {"model": "auth.permission", "pk": 61, "fields": {"name": "Can view task", "content_type": 21, "codename": "view_task"}}, {"model": "auth.permission", "pk": 62, "fields": {"name": "Can add Group approval task", "content_type": 4, "codename": "add_groupapprovaltask"}}, {"model": "auth.permission", "pk": 63, "fields": {"name": "Can change Group approval task", "content_type": 4, "codename": "change_groupapprovaltask"}}, {"model": "auth.permission", "pk": 64, "fields": {"name": "Can delete Group approval task", "content_type": 4, "codename": "delete_groupapprovaltask"}}, {"model": "auth.permission", "pk": 65, "fields": {"name": "Can view Group approval task", "content_type": 4, "codename": "view_groupapprovaltask"}}, {"model": "auth.permission", "pk": 66, "fields": {"name": "Can add Task state", "content_type": 22, "codename": "add_taskstate"}}, {"model": "auth.permission", "pk": 67, "fields": {"name": "Can change Task state", "content_type": 22, "codename": "change_taskstate"}}, {"model": "auth.permission", "pk": 68, "fields": {"name": "Can delete Task state", "content_type": 22, "codename": "delete_taskstate"}}, {"model": "auth.permission", "pk": 69, "fields": {"name": "Can view Task state", "content_type": 22, "codename": "view_taskstate"}}, {"model": "auth.permission", "pk": 70, "fields": {"name": "Can add page", "content_type": 1, "codename": "add_page"}}, {"model": "auth.permission", "pk": 71, "fields": {"name": "Can change page", "content_type": 1, "codename": "change_page"}}, {"model": "auth.permission", "pk": 72, "fields": {"name": "Can delete page", "content_type": 1, "codename": "delete_page"}}, {"model": "auth.permission", "pk": 73, "fields": {"name": "Can view page", "content_type": 1, "codename": "view_page"}}, {"model": "auth.permission", "pk": 74, "fields": {"name": "Delete pages with children", "content_type": 1, "codename": "bulk_delete_page"}}, {"model": "auth.permission", "pk": 75, "fields": {"name": "Lock/unlock pages you've locked", "content_type": 1, "codename": "lock_page"}}, {"model": "auth.permission", "pk": 76, "fields": {"name": "Publish any page", "content_type": 1, "codename": "publish_page"}}, {"model": "auth.permission", "pk": 77, "fields": {"name": "Unlock any page", "content_type": 1, "codename": "unlock_page"}}, {"model": "auth.permission", "pk": 78, "fields": {"name": "Can add group page permission", "content_type": 11, "codename": "add_grouppagepermission"}}, {"model": "auth.permission", "pk": 79, "fields": {"name": "Can change group page permission", "content_type": 11, "codename": "change_grouppagepermission"}}, {"model": "auth.permission", "pk": 80, "fields": {"name": "Can delete group page permission", "content_type": 11, "codename": "delete_grouppagepermission"}}, {"model": "auth.permission", "pk": 81, "fields": {"name": "Can view group page permission", "content_type": 11, "codename": "view_grouppagepermission"}}, {"model": "auth.permission", "pk": 82, "fields": {"name": "Can add page view restriction", "content_type": 17, "codename": "add_pageviewrestriction"}}, {"model": "auth.permission", "pk": 83, "fields": {"name": "Can change page view restriction", "content_type": 17, "codename": "change_pageviewrestriction"}}, {"model": "auth.permission", "pk": 84, "fields": {"name": "Can delete page view restriction", "content_type": 17, "codename": "delete_pageviewrestriction"}}, {"model": "auth.permission", "pk": 85, "fields": {"name": "Can view page view restriction", "content_type": 17, "codename": "view_pageviewrestriction"}}, {"model": "auth.permission", "pk": 86, "fields": {"name": "Can add workflow page", "content_type": 26, "codename": "add_workflowpage"}}, {"model": "auth.permission", "pk": 87, "fields": {"name": "Can change workflow page", "content_type": 26, "codename": "change_workflowpage"}}, {"model": "auth.permission", "pk": 88, "fields": {"name": "Can delete workflow page", "content_type": 26, "codename": "delete_workflowpage"}}, {"model": "auth.permission", "pk": 89, "fields": {"name": "Can view workflow page", "content_type": 26, "codename": "view_workflowpage"}}, {"model": "auth.permission", "pk": 90, "fields": {"name": "Can add page log entry", "content_type": 15, "codename": "add_pagelogentry"}}, {"model": "auth.permission", "pk": 91, "fields": {"name": "Can change page log entry", "content_type": 15, "codename": "change_pagelogentry"}}, {"model": "auth.permission", "pk": 92, "fields": {"name": "Can delete page log entry", "content_type": 15, "codename": "delete_pagelogentry"}}, {"model": "auth.permission", "pk": 93, "fields": {"name": "Can view page log entry", "content_type": 15, "codename": "view_pagelogentry"}}, {"model": "auth.permission", "pk": 94, "fields": {"name": "Can add comment", "content_type": 8, "codename": "add_comment"}}, {"model": "auth.permission", "pk": 95, "fields": {"name": "Can change comment", "content_type": 8, "codename": "change_comment"}}, {"model": "auth.permission", "pk": 96, "fields": {"name": "Can delete comment", "content_type": 8, "codename": "delete_comment"}}, {"model": "auth.permission", "pk": 97, "fields": {"name": "Can view comment", "content_type": 8, "codename": "view_comment"}}, {"model": "auth.permission", "pk": 98, "fields": {"name": "Can add comment reply", "content_type": 9, "codename": "add_commentreply"}}, {"model": "auth.permission", "pk": 99, "fields": {"name": "Can change comment reply", "content_type": 9, "codename": "change_commentreply"}}, {"model": "auth.permission", "pk": 100, "fields": {"name": "Can delete comment reply", "content_type": 9, "codename": "delete_commentreply"}}, {"model": "auth.permission", "pk": 101, "fields": {"name": "Can view comment reply", "content_type": 9, "codename": "view_commentreply"}}, {"model": "auth.permission", "pk": 102, "fields": {"name": "Can add page subscription", "content_type": 16, "codename": "add_pagesubscription"}}, {"model": "auth.permission", "pk": 103, "fields": {"name": "Can change page subscription", "content_type": 16, "codename": "change_pagesubscription"}}, {"model": "auth.permission", "pk": 104, "fields": {"name": "Can delete page subscription", "content_type": 16, "codename": "delete_pagesubscription"}}, {"model": "auth.permission", "pk": 105, "fields": {"name": "Can view page subscription", "content_type": 16, "codename": "view_pagesubscription"}}, {"model": "auth.permission", "pk": 106, "fields": {"name": "Can add reference index", "content_type": 18, "codename": "add_referenceindex"}}, {"model": "auth.permission", "pk": 107, "fields": {"name": "Can change reference index", "content_type": 18, "codename": "change_referenceindex"}}, {"model": "auth.permission", "pk": 108, "fields": {"name": "Can delete reference index", "content_type": 18, "codename": "delete_referenceindex"}}, {"model": "auth.permission", "pk": 109, "fields": {"name": "Can view reference index", "content_type": 18, "codename": "view_referenceindex"}}, {"model": "auth.permission", "pk": 110, "fields": {"name": "Can add document", "content_type": 29, "codename": "add_document"}}, {"model": "auth.permission", "pk": 111, "fields": {"name": "Can change document", "content_type": 29, "codename": "change_document"}}, {"model": "auth.permission", "pk": 112, "fields": {"name": "Can delete document", "content_type": 29, "codename": "delete_document"}}, {"model": "auth.permission", "pk": 113, "fields": {"name": "Can choose document", "content_type": 29, "codename": "choose_document"}}, {"model": "auth.permission", "pk": 114, "fields": {"name": "Can add home page", "content_type": 5, "codename": "add_homepage"}}, {"model": "auth.permission", "pk": 115, "fields": {"name": "Can change home page", "content_type": 5, "codename": "change_homepage"}}, {"model": "auth.permission", "pk": 116, "fields": {"name": "Can delete home page", "content_type": 5, "codename": "delete_homepage"}}, {"model": "auth.permission", "pk": 117, "fields": {"name": "Can view home page", "content_type": 5, "codename": "view_homepage"}}, {"model": "auth.permission", "pk": 118, "fields": {"name": "Can add blog page", "content_type": 30, "codename": "add_blogpage"}}, {"model": "auth.permission", "pk": 119, "fields": {"name": "Can change blog page", "content_type": 30, "codename": "change_blogpage"}}, {"model": "auth.permission", "pk": 120, "fields": {"name": "Can delete blog page", "content_type": 30, "codename": "delete_blogpage"}}, {"model": "auth.permission", "pk": 121, "fields": {"name": "Can view blog page", "content_type": 30, "codename": "view_blogpage"}}, {"model": "auth.permission", "pk": 122, "fields": {"name": "Can add form submission", "content_type": 31, "codename": "add_formsubmission"}}, {"model": "auth.permission", "pk": 123, "fields": {"name": "Can change form submission", "content_type": 31, "codename": "change_formsubmission"}}, {"model": "auth.permission", "pk": 124, "fields": {"name": "Can delete form submission", "content_type": 31, "codename": "delete_formsubmission"}}, {"model": "auth.permission", "pk": 125, "fields": {"name": "Can view form submission", "content_type": 31, "codename": "view_formsubmission"}}, {"model": "auth.permission", "pk": 126, "fields": {"name": "Can add redirect", "content_type": 32, "codename": "add_redirect"}}, {"model": "auth.permission", "pk": 127, "fields": {"name": "Can change redirect", "content_type": 32, "codename": "change_redirect"}}, {"model": "auth.permission", "pk": 128, "fields": {"name": "Can delete redirect", "content_type": 32, "codename": "delete_redirect"}}, {"model": "auth.permission", "pk": 129, "fields": {"name": "Can view redirect", "content_type": 32, "codename": "view_redirect"}}, {"model": "auth.permission", "pk": 130, "fields": {"name": "Can add embed", "content_type": 33, "codename": "add_embed"}}, {"model": "auth.permission", "pk": 131, "fields": {"name": "Can change embed", "content_type": 33, "codename": "change_embed"}}, {"model": "auth.permission", "pk": 132, "fields": {"name": "Can delete embed", "content_type": 33, "codename": "delete_embed"}}, {"model": "auth.permission", "pk": 133, "fields": {"name": "Can view embed", "content_type": 33, "codename": "view_embed"}}, {"model": "auth.permission", "pk": 134, "fields": {"name": "Can add user profile", "content_type": 34, "codename": "add_userprofile"}}, {"model": "auth.permission", "pk": 135, "fields": {"name": "Can change user profile", "content_type": 34, "codename": "change_userprofile"}}, {"model": "auth.permission", "pk": 136, "fields": {"name": "Can delete user profile", "content_type": 34, "codename": "delete_userprofile"}}, {"model": "auth.permission", "pk": 137, "fields": {"name": "Can view user profile", "content_type": 34, "codename": "view_userprofile"}}, {"model": "auth.permission", "pk": 138, "fields": {"name": "Can view document", "content_type": 29, "codename": "view_document"}}, {"model": "auth.permission", "pk": 139, "fields": {"name": "Can view image", "content_type": 2, "codename": "view_image"}}, {"model": "auth.permission", "pk": 140, "fields": {"name": "Can add rendition", "content_type": 35, "codename": "add_rendition"}}, {"model": "auth.permission", "pk": 141, "fields": {"name": "Can change rendition", "content_type": 35, "codename": "change_rendition"}}, {"model": "auth.permission", "pk": 142, "fields": {"name": "Can delete rendition", "content_type": 35, "codename": "delete_rendition"}}, {"model": "auth.permission", "pk": 143, "fields": {"name": "Can view rendition", "content_type": 35, "codename": "view_rendition"}}, {"model": "auth.permission", "pk": 144, "fields": {"name": "Can add index entry", "content_type": 36, "codename": "add_indexentry"}}, {"model": "auth.permission", "pk": 145, "fields": {"name": "Can change index entry", "content_type": 36, "codename": "change_indexentry"}}, {"model": "auth.permission", "pk": 146, "fields": {"name": "Can delete index entry", "content_type": 36, "codename": "delete_indexentry"}}, {"model": "auth.permission", "pk": 147, "fields": {"name": "Can view index entry", "content_type": 36, "codename": "view_indexentry"}}, {"model": "auth.permission", "pk": 148, "fields": {"name": "Can add sqliteftsindexentry", "content_type": 37, "codename": "add_sqliteftsindexentry"}}, {"model": "auth.permission", "pk": 149, "fields": {"name": "Can change sqliteftsindexentry", "content_type": 37, "codename": "change_sqliteftsindexentry"}}, {"model": "auth.permission", "pk": 150, "fields": {"name": "Can delete sqliteftsindexentry", "content_type": 37, "codename": "delete_sqliteftsindexentry"}}, {"model": "auth.permission", "pk": 151, "fields": {"name": "Can view sqliteftsindexentry", "content_type": 37, "codename": "view_sqliteftsindexentry"}}, {"model": "auth.permission", "pk": 152, "fields": {"name": "Can add editing session", "content_type": 38, "codename": "add_editingsession"}}, {"model": "auth.permission", "pk": 153, "fields": {"name": "Can change editing session", "content_type": 38, "codename": "change_editingsession"}}, {"model": "auth.permission", "pk": 154, "fields": {"name": "Can delete editing session", "content_type": 38, "codename": "delete_editingsession"}}, {"model": "auth.permission", "pk": 155, "fields": {"name": "Can view editing session", "content_type": 38, "codename": "view_editingsession"}}, {"model": "auth.permission", "pk": 156, "fields": {"name": "Can add tag", "content_type": 39, "codename": "add_tag"}}, {"model": "auth.permission", "pk": 157, "fields": {"name": "Can change tag", "content_type": 39, "codename": "change_tag"}}, {"model": "auth.permission", "pk": 158, "fields": {"name": "Can delete tag", "content_type": 39, "codename": "delete_tag"}}, {"model": "auth.permission", "pk": 159, "fields": {"name": "Can view tag", "content_type": 39, "codename": "view_tag"}}, {"model": "auth.permission", "pk": 160, "fields": {"name": "Can add tagged item", "content_type": 40, "codename": "add_taggeditem"}}, {"model": "auth.permission", "pk": 161, "fields": {"name": "Can change tagged item", "content_type": 40, "codename": "change_taggeditem"}}, {"model": "auth.permission", "pk": 162, "fields": {"name": "Can delete tagged item", "content_type": 40, "codename": "delete_taggeditem"}}, {"model": "auth.permission", "pk": 163, "fields": {"name": "Can view tagged item", "content_type": 40, "codename": "view_taggeditem"}}, {"model": "auth.permission", "pk": 164, "fields": {"name": "Can add log entry", "content_type": 41, "codename": "add_logentry"}}, {"model": "auth.permission", "pk": 165, "fields": {"name": "Can change log entry", "content_type": 41, "codename": "change_logentry"}}, {"model": "auth.permission", "pk": 166, "fields": {"name": "Can delete log entry", "content_type": 41, "codename": "delete_logentry"}}, {"model": "auth.permission", "pk": 167, "fields": {"name": "Can view log entry", "content_type": 41, "codename": "view_logentry"}}, {"model": "auth.permission", "pk": 168, "fields": {"name": "Can add permission", "content_type": 43, "codename": "add_permission"}}, {"model": "auth.permission", "pk": 169, "fields": {"name": "Can change permission", "content_type": 43, "codename": "change_permission"}}, {"model": "auth.permission", "pk": 170, "fields": {"name": "Can delete permission", "content_type": 43, "codename": "delete_permission"}}, {"model": "auth.permission", "pk": 171, "fields": {"name": "Can view permission", "content_type": 43, "codename": "view_permission"}}, {"model": "auth.permission", "pk": 172, "fields": {"name": "Can add group", "content_type": 42, "codename": "add_group"}}, {"model": "auth.permission", "pk": 173, "fields": {"name": "Can change group", "content_type": 42, "codename": "change_group"}}, {"model": "auth.permission", "pk": 174, "fields": {"name": "Can delete group", "content_type": 42, "codename": "delete_group"}}, {"model": "auth.permission", "pk": 175, "fields": {"name": "Can view group", "content_type": 42, "codename": "view_group"}}, {"model": "auth.permission", "pk": 176, "fields": {"name": "Can add user", "content_type": 44, "codename": "add_user"}}, {"model": "auth.permission", "pk": 177, "fields": {"name": "Can change user", "content_type": 44, "codename": "change_user"}}, {"model": "auth.permission", "pk": 178, "fields": {"name": "Can delete user", "content_type": 44, "codename": "delete_user"}}, {"model": "auth.permission", "pk": 179, "fields": {"name": "Can view user", "content_type": 44, "codename": "view_user"}}, {"model": "auth.permission", "pk": 180, "fields": {"name": "Can add content type", "content_type": 45, "codename": "add_contenttype"}}, {"model": "auth.permission", "pk": 181, "fields": {"name": "Can change content type", "content_type": 45, "codename": "change_contenttype"}}, {"model": "auth.permission", "pk": 182, "fields": {"name": "Can delete content type", "content_type": 45, "codename": "delete_contenttype"}}, {"model": "auth.permission", "pk": 183, "fields": {"name": "Can view content type", "content_type": 45, "codename": "view_contenttype"}}, {"model": "auth.permission", "pk": 184, "fields": {"name": "Can add session", "content_type": 46, "codename": "add_session"}}, {"model": "auth.permission", "pk": 185, "fields": {"name": "Can change session", "content_type": 46, "codename": "change_session"}}, {"model": "auth.permission", "pk": 186, "fields": {"name": "Can delete session", "content_type": 46, "codename": "delete_session"}}, {"model": "auth.permission", "pk": 187, "fields": {"name": "Can view session", "content_type": 46, "codename": "view_session"}}, {"model": "auth.permission", "pk": 188, "fields": {"name": "Can add club page", "content_type": 47, "codename": "add_clubpage"}}, {"model": "auth.permission", "pk": 189, "fields": {"name": "Can change club page", "content_type": 47, "codename": "change_clubpage"}}, {"model": "auth.permission", "pk": 190, "fields": {"name": "Can delete club page", "content_type": 47, "codename": "delete_clubpage"}}, {"model": "auth.permission", "pk": 191, "fields": {"name": "Can view club page", "content_type": 47, "codename": "view_clubpage"}}, {"model": "auth.permission", "pk": 192, "fields": {"name": "Can add event", "content_type": 48, "codename": "add_event"}}, {"model": "auth.permission", "pk": 193, "fields": {"name": "Can change event", "content_type": 48, "codename": "change_event"}}, {"model": "auth.permission", "pk": 194, "fields": {"name": "Can delete event", "content_type": 48, "codename": "delete_event"}}, {"model": "auth.permission", "pk": 195, "fields": {"name": "Can view event", "content_type": 48, "codename": "view_event"}}, {"model": "auth.group", "pk": 1, "fields": {"name": "Moderators", "permissions": [4, 110, 111, 113, 112, 1, 2, 5, 3]}}, {"model": "auth.group", "pk": 2, "fields": {"name": "Editors", "permissions": [4, 110, 111, 113, 112, 1, 2, 5, 3]}}, {"model": "auth.user", "pk": 1, "fields": {"password": "pbkdf2_sha256$1200000$EeXgAfDoaDxBTulZRWUZNG$O9vmoiDTb2gCL4OSKEBjaioMS+6DkXUH6DhV7rpMbtg=", "last_login": "2026-06-10T12:49:52.794Z", "is_superuser": true, "username": "AS", "first_name": "Ayush", "last_name": "OP", "email": "ayushbarman66@gmail.com", "is_staff": true, "is_active": true, "date_joined": "2026-02-21T00:32:07.419Z", "groups": [], "user_permissions": []}}, {"model": "auth.user", "pk": 2, "fields": {"password": "pbkdf2_sha256$1200000$apAUFTAVIxIpXYJL0XeSsV$ZdjNAXp8G75Z6EKGcxfAW7pEJOx478RdvQnFmgwAnGI=", "last_login": null, "is_superuser": true, "username": "Ptadipta", "first_name": "Pradipta", "last_name": "Proddar", "email": "Pradiptapoddar14@gmail.com", "is_staff": false, "is_active": true, "date_joined": "2026-02-21T05:17:35.615Z", "groups": [], "user_permissions": []}}, {"model": "auth.user", "pk": 3, "fields": {"password": "pbkdf2_sha256$1200000$IujdsICT1eCYRf7T1bMQ4S$6ekbWGkw5Yred5vfSiJnkXnGGJDC95Hw4gnyr7lyC50=", "last_login": "2026-06-10T15:10:41.092Z", "is_superuser": true, "username": "Admin", "first_name": "New", "last_name": "Genesis", "email": "gourmahavidyalayaenglish@gmail.com", "is_staff": false, "is_active": true, "date_joined": "2026-06-10T13:01:29.130Z", "groups": [], "user_permissions": []}}, {"model": "contenttypes.contenttype", "pk": 1, "fields": {"app_label": "wagtailcore", "model": "page"}}, {"model": "contenttypes.contenttype", "pk": 2, "fields": {"app_label": "wagtailimages", "model": "image"}}, {"model": "contenttypes.contenttype", "pk": 3, "fields": {"app_label": "wagtailadmin", "model": "admin"}}, {"model": "contenttypes.contenttype", "pk": 4, "fields": {"app_label": "wagtailcore", "model": "groupapprovaltask"}}, {"model": "contenttypes.contenttype", "pk": 5, "fields": {"app_label": "home", "model": "homepage"}}, {"model": "contenttypes.contenttype", "pk": 6, "fields": {"app_label": "wagtailcore", "model": "collection"}}, {"model": "contenttypes.contenttype", "pk": 7, "fields": {"app_label": "wagtailcore", "model": "collectionviewrestriction"}}, {"model": "contenttypes.contenttype", "pk": 8, "fields": {"app_label": "wagtailcore", "model": "comment"}}, {"model": "contenttypes.contenttype", "pk": 9, "fields": {"app_label": "wagtailcore", "model": "commentreply"}}, {"model": "contenttypes.contenttype", "pk": 10, "fields": {"app_label": "wagtailcore", "model": "groupcollectionpermission"}}, {"model": "contenttypes.contenttype", "pk": 11, "fields": {"app_label": "wagtailcore", "model": "grouppagepermission"}}, {"model": "contenttypes.contenttype", "pk": 12, "fields": {"app_label": "wagtailcore", "model": "groupsitepermission"}}, {"model": "contenttypes.contenttype", "pk": 13, "fields": {"app_label": "wagtailcore", "model": "locale"}}, {"model": "contenttypes.contenttype", "pk": 14, "fields": {"app_label": "wagtailcore", "model": "modellogentry"}}, {"model": "contenttypes.contenttype", "pk": 15, "fields": {"app_label": "wagtailcore", "model": "pagelogentry"}}, {"model": "contenttypes.contenttype", "pk": 16, "fields": {"app_label": "wagtailcore", "model": "pagesubscription"}}, {"model": "contenttypes.contenttype", "pk": 17, "fields": {"app_label": "wagtailcore", "model": "pageviewrestriction"}}, {"model": "contenttypes.contenttype", "pk": 18, "fields": {"app_label": "wagtailcore", "model": "referenceindex"}}, {"model": "contenttypes.contenttype", "pk": 19, "fields": {"app_label": "wagtailcore", "model": "revision"}}, {"model": "contenttypes.contenttype", "pk": 20, "fields": {"app_label": "wagtailcore", "model": "site"}}, {"model": "contenttypes.contenttype", "pk": 21, "fields": {"app_label": "wagtailcore", "model": "task"}}, {"model": "contenttypes.contenttype", "pk": 22, "fields": {"app_label": "wagtailcore", "model": "taskstate"}}, {"model": "contenttypes.contenttype", "pk": 23, "fields": {"app_label": "wagtailcore", "model": "uploadedfile"}}, {"model": "contenttypes.contenttype", "pk": 24, "fields": {"app_label": "wagtailcore", "model": "workflow"}}, {"model": "contenttypes.contenttype", "pk": 25, "fields": {"app_label": "wagtailcore", "model": "workflowcontenttype"}}, {"model": "contenttypes.contenttype", "pk": 26, "fields": {"app_label": "wagtailcore", "model": "workflowpage"}}, {"model": "contenttypes.contenttype", "pk": 27, "fields": {"app_label": "wagtailcore", "model": "workflowstate"}}, {"model": "contenttypes.contenttype", "pk": 28, "fields": {"app_label": "wagtailcore", "model": "workflowtask"}}, {"model": "contenttypes.contenttype", "pk": 29, "fields": {"app_label": "wagtaildocs", "model": "document"}}, {"model": "contenttypes.contenttype", "pk": 30, "fields": {"app_label": "home", "model": "blogpage"}}, {"model": "contenttypes.contenttype", "pk": 31, "fields": {"app_label": "wagtailforms", "model": "formsubmission"}}, {"model": "contenttypes.contenttype", "pk": 32, "fields": {"app_label": "wagtailredirects", "model": "redirect"}}, {"model": "contenttypes.contenttype", "pk": 33, "fields": {"app_label": "wagtailembeds", "model": "embed"}}, {"model": "contenttypes.contenttype", "pk": 34, "fields": {"app_label": "wagtailusers", "model": "userprofile"}}, {"model": "contenttypes.contenttype", "pk": 35, "fields": {"app_label": "wagtailimages", "model": "rendition"}}, {"model": "contenttypes.contenttype", "pk": 36, "fields": {"app_label": "wagtailsearch", "model": "indexentry"}}, {"model": "contenttypes.contenttype", "pk": 37, "fields": {"app_label": "wagtailsearch", "model": "sqliteftsindexentry"}}, {"model": "contenttypes.contenttype", "pk": 38, "fields": {"app_label": "wagtailadmin", "model": "editingsession"}}, {"model": "contenttypes.contenttype", "pk": 39, "fields": {"app_label": "taggit", "model": "tag"}}, {"model": "contenttypes.contenttype", "pk": 40, "fields": {"app_label": "taggit", "model": "taggeditem"}}, {"model": "contenttypes.contenttype", "pk": 41, "fields": {"app_label": "admin", "model": "logentry"}}, {"model": "contenttypes.contenttype", "pk": 42, "fields": {"app_label": "auth", "model": "group"}}, {"model": "contenttypes.contenttype", "pk": 43, "fields": {"app_label": "auth", "model": "permission"}}, {"model": "contenttypes.contenttype", "pk": 44, "fields": {"app_label": "auth", "model": "user"}}, {"model": "contenttypes.contenttype", "pk": 45, "fields": {"app_label": "contenttypes", "model": "contenttype"}}, {"model": "contenttypes.contenttype", "pk": 46, "fields": {"app_label": "sessions", "model": "session"}}, {"model": "contenttypes.contenttype", "pk": 47, "fields": {"app_label": "home", "model": "clubpage"}}, {"model": "contenttypes.contenttype", "pk": 48, "fields": {"app_label": "home", "model": "event"}}, {"model": "sessions.session", "pk": "2k31j4qse77ty2a43lxrx4zcskc7dm10", "fields": {"session_data": ".eJxVjM0OwiAQhN-FsyH9gS7t0bvPQGB3a1EDDbSJxvjutkkPepyZb763sG5dJrsWzjaQGEQrTr-dd3jnuA90c_GaJKa45ODljshjLfKSiB_ng_0TTK5M27sBAx3h2AP41mkwqgKlkMyWGo9a172BSquO61pjzwaxMdR2nrTzoMZdWriUkKLl5xzySwzV5wtr5j7K:1wXIjj:OeU7Yg6thIOv0ldHZWYOqllBP9QlkyCZm1kTefBw63U", "expire_date": "2026-06-24T13:12:51.325Z"}}, {"model": "sessions.session", "pk": "8i5oe683w9s7locfu37vletp80xexg9x", "fields": {"session_data": ".eJxtUdlu2zAQ_BcB4UssgbolA3qw0yZVEck5nDRAURAUubbo6jBIKpZR9N9LuQHqoHkhljOzM8vlL4vQQddkUCCJ4Nbc8q3ZOVZR9hO6ieA72m17h_WdlqJyJonzxiqn6Dk0yzftO4Oaqtp0e3ESR5xt0jiufBrGSYDjIGA8MTevYmHopkmMwyAC1w1ZCgljXsL9qOIhreJgM5kqUEr0HYFxL-TRmuOZdaBbTUVj7yW8CjjYrmfNv1tMyU0rOG_gQCXo3kyV1VfX8msi4uebtL2P8GZXBKJqPx2j48vqvnwOR__2cRTlcvc53Muc4vpbcaMf2nR88nL4Qn3Uwagz1PSUAydT3GkWwTMXe__BTALVBqA687AX2TiyXbx2_Qt_4YfmCLETYBcH0YW3xNgAGCMtdAPZEszuxEYwqo3R5VUzVMi8TgkOnSYdbSG764eGtuKypB0XiINiUuwnddYNTYOYaSGipVvIEqSaYZtV7zztSYAU9ORvoimpZDU5N0Ksb1sTqOz1ar24Jderh-Ixw__gvMzX-UdEkZekfCo-IBYvZwTa9qQRrzBtCJ0-9FRaMzdOXJwmYYqdKMBRGqQ_fv8Bv1HkLw:1wXJ6c:T47BEwqGjpgKYQ8F9Vk4RZsC5mq_dJnwjbdBDdb-ICw", "expire_date": "2026-06-24T13:36:30.641Z"}}, {"model": "sessions.session", "pk": "m80m20hs0fgvhijzulz1f7gdx6y89tvj", "fields": {"session_data": ".eJxVjM0OwiAQhN-FsyH9gS7t0bvPQGB3a1EDDbSJxvjutkkPepyZb763sG5dJrsWzjaQGEQrTr-dd3jnuA90c_GaJKa45ODljshjLfKSiB_ng_0TTK5M27sBAx3h2AP41mkwqgKlkMyWGo9a172BSquO61pjzwaxMdR2nrTzoMZdWriUkKLl5xzySwzV5wtr5j7K:1wXKZl:_XpMSf2L7mXYEmda6dV7-zg-X5xn7tpVaycKQZdgy1Q", "expire_date": "2026-06-24T15:10:41.097Z"}}, {"model": "sessions.session", "pk": "mmtf5tc7pgr9jjxqc3m588vo9ok7tc2i", "fields": {"session_data": ".eJx9U2Fv2jAQ_S-Rki8UZDsJJpXygZZWy1YoomzrNk2RY1-IS4hR7EDZtP8-h9GVdbT5EJ3fu_d8vrN_OilrTJE2GupUCufcwc7ZMZYxvoSqJcQDqxaqx1Vlapn12pTegdW9sRJQXhxy_zEomC6sOoton5IwAiICCHPu51hwLDDN-kREPqUwyKPcx8Iuw2wAXAT-IMJ5kOOc-ZC3phq0lqpK4XEt651zjgmK-gidOVu2MEyW3XUNGwnbLsbO-TeHq9UKKpNWyshccmasVseq8riu85UUooQtq8EoW3TckPc7egPy4QsZqP6IsKAYRWWynVSfPih8xeXNu2xy3cB1MYs4nhf3068_rh5Rcsu2k03yeehV8Ghir1RMgEjbOvalShFH6D-U18CMBZiJCSL9LiJdEswJdv0h9u0v9HsBCgIUueQCIQsg5BlpSohHkFll57JsMs-eVkuxPyFbQTytmZBrwzpTJQSrPQGa1xawG8YuvXDRyEXDjv1cQrJS8aW2gfXuuOERuU-gL4CDagm7JwkhZSbpsl2Sy5PJZreG5-ym0mZXgnhDIGBtioMCvepqu_zs-oabrEpZwV276czeWzg-bDh6TWWbKc3ulOBFg46Al3Z_bcZs_eRhG_oksYHH7fhSuWILiH1Pl80iFvu5dlvC06DSP9O2Iat5kR6P0jtca92d386HN-n17Wx8F6NnOJkk8-QUMU4m6eTj-AQxvD8ivIVKS7mB9nZ6-6e2D50zTCnxMaFR2COUIIqD779-A-osQzQ:1vwRWF:NA2Ir7lwZnDid3PGQ3-kNLYm-R5jM-L9y8tYnYLkKzg", "expire_date": "2026-03-14T21:06:35.273Z"}}, {"model": "sessions.session", "pk": "xpzgtxcjmugyzj27o6zbuh7fojo9fble", "fields": {"session_data": ".eJztXGlT4zqX_i9dBV98nfK-3Co-sK8hNNBsU29RsiXHIrblSHZCemr--xzJzgIEGvo2LzDz3qobElk6lnTOczYd9X9_u0V1ld7WgvBbir_9_c389tdiW4TiASnkA3yHij7rxKyoOI06skunfSo6XYZJttH2fUAgRSKF0VHoe77lhsTCDnGT2E5MHJvY9CPPwqHt-yRIwsQ2Mfx0o4DE2LGD0EycxEyQTRJJVBAhKCtuyX1J-eTb36ZlhJ5h_PVtjPoVoplecjKiZKybzre__-tbzPKcFNVtwSqa0BhVMFassWI1FjzJKcYZGSNOKgaTXtuzz8rspN5Oz0pjcLpXVwMmdk72r4_EoX14dX26cShuCjMke3zMRoKNfpTB-ka_P4q7Tm-wfXO-WpD7am01YwgTfCvnoaZK8ZpvPmmNOUEVNKBqzTIsTzcs3TLPDWfFXjdt-HCdju3YTuivWBuGAQ2GsVrRKiNrXTSMGMugSeuiOCJVqp0SmqM-LQhelbvO-Nom_NA2szpasTa19Ukt0lUM71t412qOKEwOxpE1b5UCR9naeUq0M5gZKWjR11iite_Sook2o7gaMTzRY1YX1ZrZ_DB0YD2B5axNfzOOCV8zpj-rSUnWSsRRn6MynbbCzpiGRxLTcHTkGkR3QsvWI4RjPQoSx3UjK7DteNp9hLKarK34GyvG1oqxrsF_K5YVZSweCPgiN2TFXXioOviPGtpRAzKZDrEsVoZ3pvxpbS7tLGc_710XoppkBL8wAJOyStsRxrNUQVrmVKc7nTMQX22MhEYLATJOsNz8ChgzpllGUa6JFA2IKAniQmPAE2CTfNxXAiUqraQkVq1jxgdTEZFiUKVUtPQrXmcToMTGQoMPLWac16VEhxajQuM1LTTBcgL0VyxfaBlN5ARAtOpKvi3XJKJiKSW06rywE7TIQG7O5Iadgu4gi4xyt54bBZCl1WTZgEfMXWh4TG5GpovKKQ0QhukQ-LIqsrq_ljcbr8OqdLU5q4Kw2wZq8BXxOL3FRMScqv1ZW211itDPe-frR7c7vdPuGUj6rHn_eP98f9mD7v7x7fGP7pIH61cLD1b77DajIyJVw6rSc-rrt79MPzCN0A1sq2OZgRGG3r-e6j3_zWpv8J3uXN5wjvdO8p37vTzdFtemMTw8ufCvb6IfCbk_S64jz9zqXx5-D1ixfxB7V_w67Sf84OfZRfq82gvdX6s9TzeNc6XxDPlhmx0_sELPfqL25voHliooVutDOVk7QznlILQbiOeoWF3k1TvoCuKJ7KN1xVfFWwzcay2O1YAPNAjRZfOnBp1puLbhdJzAMFxzCeZM982gsyI7uPLZ4fZwcwNf4_TmZFJmxqh7gXY2d7eHV5dnW_s3d_bAuTm4YT9_0OEPep9y-y6vb4p-xm-eB51pBq9FnXI2QgmyoON6oeV7T1AnPYITpHwurZdomymnonriZLzkW7itbzGlAoYpVlRa81MLZb4yBC2mBdaolnZt2mlmff6o1-HFThL4LtaxGVi6Y0e-jkIn1G3LNYnjGcTH4bt7HR7yUPT_WJM8pvCqTUOOkYev3rSUAA44mHZwaf_sxp2ADYK1zr2zBw73FgGpq6Q2kJK8DYilQrlguyDd4JKlaETxBGVogn6TA0_6P7uDCwRZkghSvbjQhd4ZKfqzbfHCX3VX4jnfoH1Q0_ub8vczU91asuaPk6vAu8vcDwbj-aIYaXUBoqtEa6k0aaKOYwiGkzoDTz5lQsoi0iAuiCnKNGlYczBBsSYexHMk03ZpJFihFCvYV-iCJAUUxxmiuSRSYA3sRq2aBQT6Azk4B_1MuIotpCCvuJvtjBf0usJBo7bV447WBYcaBkdkwoCqqIA24liDVwnBGcu1jMRVzSVP2_gkoRmEOE2Ur8IgxvuooD9hYhXTSg4EMQFKtXQAhYpJYNmYkBJ2K2NsAHETdJyvH0wf7FcuX9CsCgYzPqkIRFNFXzbLBcupI4zKSpltuRiYDPSTu6M6xHUGE4UfBeIcOo2IjL7gTXJks8e_Gwf9cyybXvAmNFv-G9G80Tva-jJYxnfO3SeAMhlJxMasAP8WvLFWVAspn4SjWIqQhqmI60bWEwbfFEwLJVMSCACj2jLMUGgq5cZGhAuJbgRxfkqkdMcpo3EDH1oJRbsQBJwqlQFQHhifTIVc9qgLOqyJVpE4LZRwY3B1Yyn0HU3NGpjDCbwPfClaKDQobM76g9TV5ZRizNkYg24o4D1KQY0JDE7hEWwpdEV5BlAGPZJwADvgn1cSxgktpAprTSe5J3GttiNT9lqktJypk6k-_NAkw2-JYRjSlH8CV0UKEQ5srP7GcbRgY3qNbpVStwnRC60qQmCIpx3NGPHlth15lvjoAH0BSK1wzw3kzB634HYaaEzAvOYS5gnt17yxQoAUVGPK9NZwAfxo1D5TVpoUAOU5-qYUpdlsYD33T2PGpYXLJfKqxoABqFH-BGiwhC_Hc8cXlngDz1WcSLAOjkGlU9j4P8t-ha2TaZZKNj7MUQGfijOZwFWgb5yPxloAdyqqmCM1bMNZvKAgwcnJqbIXYqqC22wY1qR1UKRKcAb1udunPCqglE0EFQsW5-PclbeFHqb7p52V58i90ed62yqc_8sul-tl5ksg-jcDcHsGmPW5xmNcIZHVA8QnCKJwiEUyBcUaYAUqtkXi3NWJspqUHHwq5QFBcCRBAQo8JbheDB4k8iBa0hjQUdoZxsrDlyRjY_Dr-EO9D-5Rln0V8Fl_XGz_CPisX-qEd1Yhnwl89iiN_c8DvjPlygjlR26hCj3FYBcrg6itD3JAynohEKcSiN3W3qlgfNHxgbD_rglS5uHHHKZIQCM4Q3yWdp8CE9M-reT4DE1knQLY14QjmEmtsg5fBoRvTb79e0Bov3EVv-z-pUF4ZyTp5wHhEesDYRo3MJTBXV1Mz6SWGMWUgpnTtiOEFRA3p9G_DOKbVJvG6ooTFKs09hRBKh0ARMGoyaxY0YQhM9d0msZTtQJEaCjmTDTHPXiW0_wqIHTMTwlCZ_nmPbcK85fdvzIIEx64_VeD8N1TLrH6myAXAAjRdy9SRkxljpuge1Zr9ZsY-Lid9qknI5oPz7I8ymjI8-GYZhA5l6UMiVW1EkS9c-e7YlpOwF1QByXgL4BSAinI5ZfFLH-foaw5XaDFI4X1FRMk2EuK1-ci3zs9MjubOW3PZqB9XSYoVCZS1qM12SuInOYHVhoEdJk6BwJiHAzN9DinPeBR_MtoP61aNpMRG6gMOzTElUZy1oZmKmsiJnHKMrCScUMibkyjSsapcA3ko5L2UXwVA2X-8gzoK6v20BxWrz-gfW_vCpZZQ6iiRGm9BnkpZDVkNZHPe5GQ6QQphCBH7XlLeyADUg1SprwnEOR1jnJEY-kuHUkvauo37ZGIEwkCBAJag7mQSgvRooL_H59LyjxErVw9jea5PB_6Opk965cptK8ssYTf8eCzSOyO1Gvn0CRlqXE75JPtAiwml6Xj_VlhQUbl-aSMj-fH7PJEfV4rIIvenpyPo4I14fjCATm4Vqzup02BFymU35MzWGgxC82bg_omXJipXHkASMD0xl9G-X6Z4HbW8Lv10rJOumxqPnSW6E2Z3icv3zRNJ-w4ru_by6o37TdXbybHl0OTXV7wg9z11kXwo77u4c3D-iSsBzuuEYX12LDXN0antKrSKAyzn_uXoU3NftVzk66JX7gpYr_ppogLH67X8U3DMIInxZtnqIhTxLUzhABM2npZqgqhiVyIBs4VrHXF3plWc26RCN6jxa-9NOK3hZ3tOJmba98n5u-LiEoOLHnr79Zzqpcv1HI6Hg6DOLD12HCI7phJoEc-TvQgtEzbMnwv8cjDWk67EeR2tnozWx0iBh3p7TzhzTrM81OLtRH6thd2DDMw3NBfJtjmmwX7lO96QR364cGem6Gc52V3xzT6l_4p7gp-t3EU9HfRbm_vJ-1V4yNbHNfj4yveqybR_b0VDLZeuAtgvEqwnXPLXJlegbI7juE4RvhEsFuRW3Yb4IQjDOxB2gnDGPH3vg6Qjc3B-IPj4I-MRv-JOVm4DtBCEiu-fv4LARJ6RtAJbc8MrWAZ9Lw3Q-_SS4PN_TTbRml-MT5iu1e7xsb4lHW9k2pn22bfj0_3t39cXjgH7NDzRelbw-D-qrzAw5AkmTN8HnqB91roSZBZ8kKA63Z8w7fsp7cPL-VBZxf1EcTqZGo6jsEf3CUFkQUG5wTlj8yGu2g2gtZsbMoptHUxD4hqO1VH2yBAerZpf_7eoW8E2EhsohPb93THN5Aemrav-2BAEuJZph_id78BkA7TcfwJkmiPNlvCT3IFL607bkVHWnKIV4Dl_aI9slNczKdcbFOc_zzR_-F6SqmmMSxOny7u0ysny-iERhAEobtMOVlvVk64u7PuGCDyxh1A-cCx-_hmw9o_NHCR7EY96lcJ8uLvF72fw8PsfOjW2ZV_X_VTfr9n9M9OBi9cV7JfoZ3m15VsT34YHc_1bOPpJcFlauOxg8DqTB4-H0PISd_bPQhK2OMPRviSPZFP9iGsT-qiOVWnKsQnRQo-MWnO32clxjKVDoG6vJI1LdufR_aKVaqSmcSMz8uFU_m0SupsWr__4FweNEKTssJUyLN5dWLYkFLRQpkRBO551VQtq3vQ8gG0cpXEJ8WIclYo1STra6Z5iv9kC-aNH642F9y7oNGh0QNJfOzmLbNCK_6bLlN9PmVsGpYZmqCubNMLrCXKuEk-LFG58Qn_edA_7R7bN_Focn7dteuz8XYv9Spjkp64F97YDI_EOMeb3vpuuH6DA2IIN-_dHw_uTsfe1Usq9xVJhgWVK2Mxx-gEjm35T2Mx6UBMfYM9yVDJadI06OkDDj_q-ie4K0kCEKm69DQr92Fc_plW3i2_P4WqJa_oaNv3ZSYPazmJ5YBp9UNZR9nUSMrZNSUNWsQQx7N6hwWHSUqv6Hy47IH0dTwvtF1zWeYreLsf0Lscmfn5eXmwQdySBjzLboY7F_s3-yHbOjjI_NHYtSeT6oTub_aNm_Bs6Pq5VyVDqwrx8LB4QSiNV_wbKfN_LECFKm7QsQzHcJ9eW_5e059Lrf-y0rP3dgLovUtG_8kR_FMj0miWIXD28ycITMPwQrfjuGZgBu6__ud_AZnbkak:1wXKqu:rG4DNmCmHF6v782ioUCLhfn_5JtV3WzRFoofe-zTQjc", "expire_date": "2026-06-24T15:28:24.481Z"}}, {"model": "sessions.session", "pk": "y5sv48759sppyb2byjxsbk1swhfy871t", "fields": {"session_data": ".eJxVjM0OwiAQhN-FsyH9gS7t0bvPQGB3a1EDDbSJxvjutkkPepyZb763sG5dJrsWzjaQGEQrTr-dd3jnuA90c_GaJKa45ODljshjLfKSiB_ng_0TTK5M27sBAx3h2AP41mkwqgKlkMyWGo9a172BSquO61pjzwaxMdR2nrTzoMZdWriUkKLl5xzySwzV5wtr5j7K:1wXJEl:5sAz3ZCs4Z0QLdVvjTlEQteClmPzdEr0jCGucFeyOrQ", "expire_date": "2026-06-24T13:44:55.972Z"}}, {"model": "sessions.session", "pk": "zb09klo4ab61c1343q2hhswxrap6mlw2", "fields": {"session_data": ".eJxVjMEOwiAQRP-FsyFdaEvx6N1vIMDuWtSAKW2iMf67bdKDHmfmzXsL55d5dEulySUURwHi8NsFH2-UtwGvPl-KjCXPUwpyQ-S-VnkuSPfTzv4JRl_H9R2s6Y3qLClsqeOoGTACggm9QquNoYEta8A1dmGgiK0eLHDLwF4Tb9JKtaaSHT0faXqJI6jG9k3z-QIiK0Dz:1vuz9e:A0sDrcdkWIUFYQ7MmMm7nJGJax1_8kg5A3MOnAFkvmk", "expire_date": "2026-03-10T20:37:14.693Z"}}]